Accident_Index,Longitude,Latitude,Accident_Severity,Number_of_Vehicles,Number_of_Casualties,Date,Day_of_Week,Month_name,Time,Hour,Weather_Conditions,Road_Surface_Conditions,Speed_limit
201501BS70001,-0.198465,51.505538,3,1,1,2015-01-12,2,January,18:45:00,18,1,1,30
201501BS70002,-0.178838,51.491836,3,1,1,2015-01-12,2,January,07:50:00,7,1,1,30
201501BS70004,-0.20559,51.51491,3,1,1,2015-01-12,2,January,18:08:00,18,2,2,30
201501BS70005,-0.208327,51.514952,3,1,1,2015-01-13,3,January,07:40:00,7,1,2,30
201501BS70008,-0.206022,51.496572,2,2,1,2015-01-09,6,January,07:30:00,7,2,2,30
201501BS70009,-0.19361,51.500788,3,2,1,2015-01-15,5,January,09:56:00,9,1,2,30
201501BS70010,-0.173519,51.495171,3,2,1,2015-01-15,5,January,09:09:00,9,8,2,30
201501BS70011,-0.163542,51.492497,3,2,1,2015-01-18,1,January,15:30:00,15,1,1,30
201501BS70012,-0.21198,51.513659,3,2,1,2015-01-16,6,January,06:20:00,6,1,1,30
201501BS70013,-0.199786,51.5159,3,2,2,2015-01-20,3,January,15:44:00,15,8,1,30
201501BS70014,-0.216407,51.518402,3,2,1,2015-01-23,6,January,22:39:00,22,2,2,30
201501BS70015,-0.184495,51.501726,3,1,2,2015-01-22,5,January,08:10:00,8,1,1,30
201501BS70016,-0.172522,51.491289,3,2,1,2015-01-21,4,January,18:05:00,18,1,1,30
201501BS70017,-0.195797,51.492818,3,1,1,2015-01-21,4,January,13:38:00,13,1,1,30
201501BS70018,-0.166886,51.488143,3,1,1,2015-01-23,6,January,10:57:00,10,1,1,30
201501BS70019,-0.166882,51.488233,3,1,1,2015-01-23,6,January,17:15:00,17,1,1,30
201501BS70020,-0.214099,51.51477,3,2,1,2015-01-23,6,January,13:34:00,13,1,1,30
201501BS70022,-0.183889,51.484361,3,2,1,2015-01-25,1,January,01:50:00,1,1,1,30
201501BS70023,-0.207725,51.519259,3,1,1,2015-01-24,7,January,16:16:00,16,1,1,30
201501BS70024,-0.172964,51.491026,3,2,1,2015-01-23,6,January,15:25:00,15,1,1,30
201501BS70026,-0.163102,51.499864,2,1,1,2015-01-23,6,January,23:25:00,23,2,2,30
201501BS70027,-0.192941,51.488548,3,1,1,2015-01-20,3,January,17:20:00,17,1,1,30
201501BS70029,-0.193675,51.488199,3,2,1,2015-01-20,3,January,15:15:00,15,1,1,30
201501BS70030,-0.215564,51.51785,3,2,2,2015-01-28,4,January,09:36:00,9,2,2,30
201501BS70033,-0.185515,51.483307,3,2,2,2015-01-30,6,January,01:46:00,1,1,1,30
201501BS70034,-0.163793,51.496997,3,1,1,2015-01-29,5,January,19:00:00,19,1,1,30
201501BS70035,-0.158276,51.494483,3,1,1,2015-01-29,5,January,17:10:00,17,1,1,30
201501BS70036,-0.194671,51.506739,3,1,1,2015-01-30,6,January,07:50:00,7,1,1,30
201501BS70037,-0.167365,51.483385,3,2,1,2015-02-01,1,February,13:00:00,13,1,2,30
201501BS70038,-0.167321,51.48806,3,1,1,2015-01-30,6,January,23:10:00,23,1,1,30
201501BS70039,-0.172881,51.482302,3,2,1,2015-01-31,7,January,00:10:00,0,1,1,30
201501BS70040,-0.197319,51.509028,3,1,1,2015-02-01,1,February,16:00:00,16,1,1,30
201501BS70042,-0.160434,51.501711,3,1,1,2015-01-31,7,January,21:06:00,21,1,1,30
201501BS70043,-0.215936,51.504636,2,2,1,2015-01-30,6,January,18:40:00,18,1,1,30
201501BS70044,-0.215377,51.5263,3,1,1,2015-01-31,7,January,14:00:00,14,2,2,30
201501BS70045,-0.185591,51.485017,3,2,1,2015-01-30,6,January,16:30:00,16,1,1,30
201501BS70046,-0.164763,51.483614,3,3,3,2015-02-03,3,February,14:10:00,14,1,1,30
201501BS70047,-0.159271,51.501962,3,2,1,2015-02-04,4,February,11:30:00,11,1,1,30
201501BS70048,-0.18286,51.484885,3,2,1,2015-02-04,4,February,12:30:00,12,1,1,30
201501BS70049,-0.166709,51.492547,2,1,1,2015-01-22,5,January,22:30:00,22,1,1,30
201501BS70050,-0.165997,51.492356,3,2,1,2015-02-04,4,February,14:05:00,14,1,1,30
201501BS70051,-0.214056,51.519535,3,2,1,2015-02-04,4,February,19:50:00,19,1,1,30
201501BS70052,-0.205446,51.514908,3,2,1,2015-01-29,5,January,20:00:00,20,1,1,30
201501BS70053,-0.176955,51.48848,3,2,1,2015-02-07,7,February,09:45:00,9,1,1,30
201501BS70055,-0.15865,51.495928,3,2,1,2015-02-08,1,February,23:05:00,23,1,1,30
201501BS70056,-0.227035,51.519372,3,2,1,2015-02-05,5,February,08:35:00,8,2,2,30
201501BS70057,-0.192799,51.499426,3,2,1,2015-02-05,5,February,16:30:00,16,1,1,30
201501BS70058,-0.173334,51.481769,3,1,1,2015-02-06,6,February,08:52:00,8,1,1,30
201501BS70060,-0.196819,51.510729,3,2,1,2015-02-06,6,February,13:27:00,13,1,1,30
201501BS70061,-0.193059,51.50015,3,2,1,2015-02-09,2,February,21:16:00,21,1,1,30
201501BS70062,-0.157984,51.494568,2,1,1,2015-01-21,4,January,11:00:00,11,1,1,30
201501BS70065,-0.170251,51.486847,3,2,1,2015-02-10,3,February,20:40:00,20,1,1,30
201501BS70066,-0.22116,51.514787,3,2,2,2015-02-10,3,February,15:56:00,15,1,1,50
201501BS70067,-0.178139,51.487689,3,2,1,2015-02-10,3,February,08:50:00,8,1,1,30
201501BS70068,-0.21809,51.51591,3,1,1,2015-02-10,3,February,16:10:00,16,1,1,30
201501BS70069,-0.210203,51.511203,3,1,1,2015-02-13,6,February,08:50:00,8,1,1,30
201501BS70070,-0.214021,51.524121,3,2,1,2015-02-14,7,February,21:55:00,21,1,2,30
201501BS70071,-0.209563,51.516499,3,2,1,2015-02-13,6,February,18:50:00,18,1,2,30
201501BS70072,-0.178728,51.480144,3,3,2,2015-02-13,6,February,18:45:00,18,2,2,30
201501BS70073,-0.15588,51.489589,3,2,1,2015-02-14,7,February,11:45:00,11,1,2,30
201501BS70074,-0.203266,51.50804,3,2,1,2015-02-09,2,February,11:30:00,11,1,1,30
201501BS70076,-0.182567,51.481373,3,2,1,2015-02-16,2,February,20:35:00,20,2,2,30
201501BS70077,-0.215743,51.505892,3,1,1,2015-02-16,2,February,09:22:00,9,1,1,30
201501BS70078,-0.157499,51.492312,3,1,1,2015-02-16,2,February,10:00:00,10,1,1,30
201501BS70080,-0.205256,51.516074,3,1,1,2015-02-17,3,February,10:02:00,10,1,1,30
201501BS70081,-0.180503,51.486197,3,2,1,2015-02-17,3,February,17:48:00,17,2,2,30
201501BS70082,-0.193459,51.500965,3,1,1,2015-02-17,3,February,10:00:00,10,1,1,30
201501BS70083,-0.160914,51.496952,3,2,1,2015-02-11,4,February,20:30:00,20,1,1,30
201501BS70085,-0.210912,51.518858,3,2,1,2015-02-19,5,February,19:00:00,19,1,2,30
201501BS70086,-0.179323,51.486898,3,1,1,2015-02-19,5,February,22:05:00,22,2,2,30
201501BS70087,-0.190458,51.489409,3,1,2,2015-02-20,6,February,23:52:00,23,1,1,30
201501BS70088,-0.224558,51.520054,2,2,1,2015-02-21,7,February,12:20:00,12,1,1,30
201501BS70089,-0.201846,51.522136,3,1,1,2015-02-22,1,February,10:50:00,10,1,1,30
201501BS70091,-0.210248,51.517409,3,1,1,2015-02-22,1,February,18:35:00,18,1,2,30
201501BS70092,-0.181786,51.479293,2,2,1,2015-02-23,2,February,15:56:00,15,1,1,30
201501BS70093,-0.178436,51.48023,3,1,1,2015-02-25,4,February,07:30:00,7,2,2,30
201501BS70094,-0.156758,51.49284,3,1,1,2015-02-19,5,February,14:56:00,14,2,2,30
201501BS70095,-0.208464,51.515134,3,2,1,2015-02-26,5,February,21:43:00,21,1,1,30
201501BS70096,-0.193462,51.500875,3,1,1,2015-02-26,5,February,19:16:00,19,1,1,30
201501BS70097,-0.156165,51.489684,3,1,1,2015-03-01,1,March,18:20:00,18,2,2,30
201501BS70098,-0.19361,51.500788,3,1,1,2015-02-28,7,February,16:18:00,16,1,1,30
201501BS70099,-0.169718,51.492953,3,2,1,2015-03-01,1,March,13:02:00,13,1,1,30
201501BS70100,-0.202383,51.512163,3,3,1,2015-02-28,7,February,11:39:00,11,1,2,30
201501BS70101,-0.17626,51.484243,3,1,1,2015-02-28,7,February,16:00:00,16,1,1,30
201501BS70102,-0.167361,51.483474,2,1,1,2015-03-01,1,March,14:20:00,14,1,1,30
201501BS70103,-0.168203,51.487624,3,1,1,2015-03-02,2,March,16:01:00,16,1,1,30
201501BS70104,-0.198869,51.506264,3,2,6,2015-03-02,2,March,10:27:00,10,1,1,30
201501BS70105,-0.194628,51.49325,3,1,1,2015-03-02,2,March,11:26:00,11,1,1,30
201501BS70106,-0.167994,51.492837,3,3,1,2015-01-31,7,January,18:12:00,18,1,1,30
201501BS70107,-0.16662,51.487599,3,2,1,2015-03-03,3,March,21:01:00,21,1,2,30
201501BS70108,-0.167653,51.483389,3,2,1,2015-03-03,3,March,10:11:00,10,1,1,30
201501BS70111,-0.206229,51.498643,3,2,1,2015-03-06,6,March,19:30:00,19,1,1,30
201501BS70112,-0.186404,51.482691,3,2,1,2015-03-06,6,March,12:01:00,12,1,1,30
201501BS70113,-0.173331,51.481859,3,3,2,2015-02-21,7,February,13:30:00,13,1,1,30
201501BS70114,-0.18578,51.480254,3,2,1,2015-03-04,4,March,07:50:00,7,1,1,30
201501BS70115,-0.202664,51.497689,3,2,1,2015-03-10,3,March,12:30:00,12,1,1,30
201501BS70116,-0.173755,51.482045,3,2,1,2015-03-10,3,March,19:30:00,19,1,1,30
201501BS70117,-0.201527,51.508283,3,2,1,2015-03-10,3,March,22:40:00,22,1,1,30
201501BS70118,-0.19279,51.488725,3,1,1,2015-03-10,3,March,23:35:00,23,1,1,30
201501BS70119,-0.182712,51.484972,3,2,1,2015-03-10,3,March,17:30:00,17,1,1,30
201501BS70120,-0.170837,51.486586,2,2,1,2015-03-11,4,March,12:44:00,12,1,1,30
201501BS70123,-0.160578,51.501713,3,3,2,2015-03-12,5,March,20:20:00,20,1,1,30
201501BS70124,-0.161495,51.48608,2,2,1,2015-03-11,4,March,09:30:00,9,1,1,30
201501BS70125,-0.197795,51.511553,3,2,1,2015-03-13,6,March,14:20:00,14,1,1,30
201501BS70126,-0.188655,51.487672,2,2,1,2015-03-15,1,March,21:44:00,21,8,2,30
201501BS70127,-0.157341,51.49267,3,1,1,2015-03-12,5,March,12:20:00,12,1,1,30
201501BS70129,-0.187321,51.492238,3,2,1,2015-03-16,2,March,08:15:00,8,2,2,30
201501BS70130,-0.173897,51.496526,3,1,1,2015-03-16,2,March,12:55:00,12,1,1,30
201501BS70131,-0.204204,51.520824,3,3,1,2015-03-17,3,March,15:03:00,15,1,1,40
201501BS70132,-0.204365,51.509406,3,2,1,2015-03-18,4,March,11:15:00,11,1,1,30
201501BS70134,-0.209282,51.516315,3,2,1,2015-03-18,4,March,20:14:00,20,1,1,30
201501BS70135,-0.178456,51.490572,3,2,1,2015-03-05,5,March,08:55:00,8,1,1,30
201501BS70136,-0.186209,51.502112,3,2,1,2015-03-19,5,March,13:23:00,13,1,1,30
201501BS70137,-0.185633,51.480341,3,2,1,2015-03-20,6,March,15:35:00,15,1,1,30
201501BS70138,-0.184611,51.480685,3,2,1,2015-03-20,6,March,16:19:00,16,1,1,30
201501BS70139,-0.172792,51.495339,2,1,1,2015-03-20,6,March,20:40:00,20,1,1,30
201501BS70140,-0.191112,51.494724,2,1,1,2015-03-21,7,March,20:11:00,20,1,1,30
201501BS70141,-0.17391,51.485375,3,2,2,2015-03-22,1,March,01:05:00,1,1,1,30
201501BS70142,-0.194273,51.509521,3,2,2,2015-03-23,2,March,08:15:00,8,1,1,30
201501BS70143,-0.180618,51.501396,3,2,1,2015-03-14,7,March,08:45:00,8,1,1,30
201501BS70144,-0.188218,51.502323,2,1,1,2015-03-13,6,March,17:13:00,17,1,1,30
201501BS70146,-0.209967,51.517225,3,1,1,2015-03-24,3,March,16:47:00,16,1,1,30
201501BS70148,-0.166296,51.488494,3,2,1,2015-03-25,4,March,13:50:00,13,1,1,30
201501BS70150,-0.16943,51.496546,3,1,1,2015-03-29,1,March,21:05:00,21,1,1,30
201501BS70151,-0.167177,51.488058,2,1,1,2015-03-27,6,March,17:30:00,17,1,1,30
201501BS70152,-0.160171,51.501077,3,1,1,2015-05-27,4,May,23:53:00,23,1,1,30
201501BS70153,-0.167519,51.497505,3,2,1,2015-03-28,7,March,19:45:00,19,1,1,30
201501BS70154,-0.199786,51.5159,3,2,1,2015-03-25,4,March,16:00:00,16,1,1,30
201501BS70155,-0.179172,51.487076,3,2,1,2015-03-28,7,March,21:20:00,21,1,1,30
201501BS70156,-0.216361,51.515883,3,2,2,2015-03-25,4,March,16:00:00,16,1,1,40
201501BS70158,-0.170697,51.490091,3,2,1,2015-03-05,5,March,13:45:00,13,1,1,30
201501BS70160,-0.17499,51.483593,3,1,1,2015-03-31,3,March,21:36:00,21,1,1,30
201501BS70162,-0.18083,51.485213,3,1,1,2015-04-02,5,April,10:42:00,10,1,1,30
201501BS70164,-0.22155,51.515872,3,2,1,2015-04-02,5,April,17:32:00,17,1,1,30
201501BS70166,-0.206402,51.512584,3,3,1,2015-04-10,6,April,12:30:00,12,1,1,30
201501BS70167,-0.175087,51.484764,3,2,1,2015-04-10,6,April,15:44:00,15,1,1,30
201501BS70168,-0.205994,51.515635,3,2,1,2015-04-12,1,April,08:40:00,8,1,1,30
201501BS70169,-0.163316,51.483771,3,2,1,2015-04-11,7,April,14:03:00,14,1,1,30
201501BS70170,-0.215564,51.51785,3,2,2,2015-04-09,5,April,10:29:00,10,1,1,30
201501BS70171,-0.165788,51.490374,3,2,1,2015-04-10,6,April,22:20:00,22,1,1,30
201501BS70172,-0.198863,51.491786,3,2,2,2015-04-10,6,April,21:05:00,21,1,1,30
201501BS70174,-0.214025,51.524031,3,2,2,2015-04-11,7,April,17:28:00,17,1,1,30
201501BS70175,-0.181239,51.478565,3,1,1,2015-04-12,1,April,00:45:00,0,1,1,30
201501BS70176,-0.206159,51.496754,3,1,1,2015-04-12,1,April,14:43:00,14,1,1,30
201501BS70177,-0.167653,51.483389,3,1,1,2015-04-13,2,April,16:12:00,16,1,1,30
201501BS70179,-0.157211,51.492308,3,1,1,2015-04-14,3,April,13:00:00,13,1,1,30
201501BS70180,-0.188655,51.487672,3,2,1,2015-04-14,3,April,10:05:00,10,1,1,30
201501BS70181,-0.196032,51.49417,3,2,2,2015-01-07,4,January,21:50:00,21,2,2,30
201501BS70183,-0.209696,51.516771,3,2,1,2015-01-08,5,January,08:50:00,8,2,2,30
201501BS70184,-0.177109,51.481019,3,2,1,2015-01-05,2,January,13:10:00,13,1,1,30
201501BS70185,-0.196093,51.499927,3,2,1,2015-01-02,6,January,23:32:00,23,1,1,30
201501BS70186,-0.221297,51.514969,3,3,1,2015-01-11,1,January,15:40:00,15,1,1,30
201501BS70187,-0.194612,51.497296,3,2,1,2015-01-03,7,January,10:22:00,10,1,1,30
201501BS70188,-0.187454,51.481629,3,2,1,2015-01-06,3,January,16:28:00,16,1,1,30
201501BS70189,-0.184331,51.484098,3,2,1,2015-01-12,2,January,00:51:00,0,1,1,30
201501BS70190,-0.174936,51.484941,3,2,1,2015-01-04,1,January,11:40:00,11,7,2,30
201501BS70191,-0.184348,51.490933,3,1,2,2015-01-08,5,January,17:25:00,17,1,1,30
201501BS70193,-0.184191,51.484006,3,1,1,2015-01-06,3,January,18:30:00,18,1,1,30
201501BS70194,-0.207855,51.51962,3,1,1,2015-01-06,3,January,17:05:00,17,1,1,30
201501BS70195,-0.188795,51.487764,3,4,2,2015-01-08,5,January,18:20:00,18,1,1,30
201501BS70196,-0.204561,51.497089,3,1,1,2015-01-08,5,January,11:15:00,11,5,2,30
201501BS70198,-0.215898,51.527746,2,2,1,2015-04-17,6,April,23:20:00,23,1,1,30
201501BS70199,-0.222692,51.516159,3,2,1,2015-04-19,1,April,12:32:00,12,1,1,30
201501BS70200,-0.186404,51.482691,3,2,1,2015-04-16,5,April,21:20:00,21,1,1,30
201501BS70201,-0.175627,51.489269,3,2,1,2015-04-16,5,April,14:45:00,14,1,1,30
201501BS70202,-0.196015,51.509188,3,2,1,2015-04-17,6,April,07:40:00,7,1,1,30
201501BS70203,-0.187642,51.502314,3,1,1,2015-04-16,5,April,23:01:00,23,1,1,30
201501BS70204,-0.180015,51.491225,3,2,1,2015-04-18,7,April,09:18:00,9,1,1,30
201501BS70205,-0.182272,51.481548,3,1,1,2015-04-19,1,April,11:40:00,11,1,1,30
201501BS70206,-0.201073,51.512503,3,2,4,2015-04-18,7,April,10:43:00,10,1,1,30
201501BS70207,-0.215564,51.51785,3,2,1,2015-04-20,2,April,19:33:00,19,1,1,30
201501BS70208,-0.170772,51.488204,3,2,1,2015-04-12,1,April,15:00:00,15,1,1,30
201501BS70210,-0.189939,51.495246,3,2,1,2015-04-23,5,April,15:40:00,15,1,1,30
201501BS70212,-0.190828,51.501914,3,1,1,2015-04-24,6,April,12:05:00,12,2,2,30
201501BS70213,-0.183856,51.481573,3,2,1,2015-04-24,6,April,18:48:00,18,1,1,30
201501BS70214,-0.172057,51.492091,3,1,1,2015-04-26,1,April,15:25:00,15,1,1,30
201501BS70216,-0.193227,51.492239,3,1,2,2015-04-28,3,April,06:05:00,6,1,1,30
201501BS70217,-0.15954,51.491715,3,2,3,2015-04-27,2,April,08:58:00,8,1,1,30
201501BS70219,-0.194437,51.51267,3,2,1,2015-04-27,2,April,14:37:00,14,1,1,30
201501BS70222,-0.200994,51.492538,3,2,1,2015-04-29,4,April,10:48:00,10,1,1,30
201501BS70223,-0.173594,51.493284,3,1,1,2015-04-29,4,April,12:10:00,12,5,2,30
201501BS70225,-0.183028,51.495139,3,1,1,2015-05-04,2,May,11:40:00,11,1,1,30
201501BS70226,-0.209149,51.516043,3,2,1,2015-04-30,5,April,13:15:00,13,1,1,30
201501BS70227,-0.226358,51.52197,3,2,1,2015-04-30,5,April,13:15:00,13,1,1,30
201501BS70230,-0.195176,51.508545,3,1,1,2015-04-29,4,April,16:30:00,16,1,1,30
201501BS70231,-0.175821,51.484416,3,2,1,2015-05-24,1,May,20:16:00,20,1,1,30
201501BS70232,-0.158682,51.484418,3,2,1,2015-05-03,1,May,02:10:00,2,1,1,30
201501BS70233,-0.191108,51.502098,3,1,1,2015-05-02,7,May,15:59:00,15,1,1,30
201501BS70234,-0.209353,51.510831,3,2,1,2015-04-29,4,April,18:23:00,18,1,1,30
201501BS70235,-0.174717,51.494021,3,2,1,2015-05-05,3,May,17:40:00,17,1,1,30
201501BS70236,-0.18564,51.480162,3,2,1,2015-04-02,5,April,12:10:00,12,1,1,30
201501BS70237,-0.196,51.494979,3,1,1,2015-05-05,3,May,08:00:00,8,1,1,30
201501BS70238,-0.185373,51.479618,3,2,1,2015-05-06,4,May,16:55:00,16,1,1,30
201501BS70240,-0.161249,51.492191,3,2,1,2015-04-25,7,April,18:00:00,18,1,1,30
201501BS70241,-0.161525,51.49966,3,1,1,2015-05-07,5,May,12:10:00,12,1,1,30
201501BS70242,-0.159196,51.500252,3,2,1,2015-05-07,5,May,16:58:00,16,1,1,30
201501BS70243,-0.209245,51.506243,3,2,1,2015-05-07,5,May,11:17:00,11,1,1,30
201501BS70244,-0.178436,51.48023,3,1,1,2015-05-17,1,May,20:16:00,20,1,1,30
201501BS70245,-0.223353,51.521385,3,2,1,2015-05-07,5,May,23:44:00,23,1,1,30
201501BS70247,-0.174854,51.494202,3,1,1,2015-05-08,6,May,13:44:00,13,1,1,30
201501BS70248,-0.218297,51.517981,3,2,1,2015-05-08,6,May,10:40:00,10,1,1,30
201501BS70249,-0.21173,51.520039,3,2,1,2015-05-12,3,May,01:18:00,1,1,1,30
201501BS70250,-0.157067,51.492306,3,1,1,2015-05-11,2,May,15:47:00,15,1,1,30
201501BS70251,-0.162659,51.500127,3,1,1,2015-05-11,2,May,15:20:00,15,1,1,30
201501BS70252,-0.173782,51.495804,3,3,1,2015-05-12,3,May,14:22:00,14,1,1,30
201501BS70253,-0.200555,51.492711,3,2,1,2015-05-12,3,May,18:12:00,18,1,1,30
201501BS70254,-0.184331,51.484098,3,2,1,2015-05-05,3,May,20:45:00,20,1,1,30
201501BS70255,-0.179134,51.495258,3,2,1,2015-05-13,4,May,19:00:00,19,1,1,30
201501BS70256,-0.214861,51.517389,3,2,1,2015-05-13,4,May,11:10:00,11,1,1,30
201501BS70258,-0.216407,51.518402,3,2,1,2015-05-14,5,May,18:40:00,18,2,2,30
201501BS70259,-0.20517,51.50726,3,1,1,2015-05-14,5,May,16:15:00,16,2,2,30
201501BS70260,-0.186925,51.502213,3,2,1,2015-05-15,6,May,00:45:00,0,2,2,30
201501BS70261,-0.187321,51.492238,3,2,1,2015-05-16,7,May,11:41:00,11,1,1,30
201501BS70262,-0.175768,51.489361,3,2,2,2015-05-15,6,May,21:00:00,21,1,1,30
201501BS70263,-0.171129,51.486501,3,1,1,2015-05-16,7,May,13:12:00,13,1,1,30
201501BS70264,-0.161759,51.501012,3,2,1,2015-05-16,7,May,18:50:00,18,1,1,30
201501BS70265,-0.152888,51.485226,3,2,2,2015-05-16,7,May,16:35:00,16,1,1,30
201501BS70266,-0.150127,51.485812,3,2,1,2015-05-17,1,May,19:30:00,19,1,1,30
201501BS70267,-0.175821,51.484416,3,2,1,2015-05-16,7,May,07:50:00,7,1,1,30
201501BS70268,-0.179175,51.486986,3,2,1,2015-05-18,2,May,23:05:00,23,1,1,30
201501BS70269,-0.212538,51.52149,2,1,1,2015-05-18,2,May,16:00:00,16,1,1,30
201501BS70270,-0.161165,51.501452,2,1,2,2015-05-18,2,May,07:52:00,7,1,1,30
201501BS70271,-0.181114,51.48171,3,2,1,2015-05-14,5,May,10:35:00,10,2,2,30
201501BS70272,-0.173382,51.494989,3,1,1,2015-05-07,5,May,12:30:00,12,1,1,30
201501BS70273,-0.170697,51.490091,3,2,1,2015-05-20,4,May,19:58:00,19,1,1,30
201501BS70274,-0.205872,51.50772,3,2,1,2015-05-20,4,May,15:00:00,15,1,1,30
201501BS70275,-0.162041,51.490405,3,2,1,2015-05-20,4,May,08:08:00,8,1,1,30
201501BS70276,-0.154902,51.488854,3,2,1,2015-05-19,3,May,08:00:00,8,1,1,30
201501BS70277,-0.205256,51.516074,2,1,1,2015-05-16,7,May,23:00:00,23,1,1,30
201501BS70279,-0.215564,51.51785,3,2,1,2015-05-21,5,May,21:55:00,21,1,1,30
201501BS70280,-0.207044,51.496228,3,2,1,2015-05-21,5,May,19:10:00,19,1,1,30
201501BS70281,-0.188506,51.502328,3,1,1,2015-05-21,5,May,12:40:00,12,1,1,30
201501BS70282,-0.199159,51.498895,3,2,1,2015-05-22,6,May,20:44:00,20,1,1,30
201501BS70283,-0.209149,51.516043,3,2,1,2015-05-23,7,May,13:00:00,13,1,1,30
201501BS70284,-0.193318,51.500873,3,1,1,2015-05-24,1,May,09:30:00,9,1,1,30
201501BS70285,-0.184211,51.501632,3,2,2,2015-05-25,2,May,16:36:00,16,1,1,30
201501BS70286,-0.156898,51.492932,2,1,1,2015-05-20,4,May,08:00:00,8,1,1,30
201501BS70288,-0.166338,51.498206,3,2,1,2015-05-13,4,May,14:00:00,14,1,1,30
201501BS70289,-0.191404,51.501923,3,1,1,2015-05-20,4,May,18:20:00,18,1,1,30
201501BS70290,-0.215377,51.5263,3,2,1,2015-05-27,4,May,08:30:00,8,1,1,30
201501BS70291,-0.187403,51.490171,2,2,2,2015-05-27,4,May,13:32:00,13,1,1,30
201501BS70292,-0.17259,51.485984,3,1,1,2015-05-27,4,May,14:10:00,14,1,1,30
201501BS70293,-0.174121,51.501745,3,2,1,2015-05-20,4,May,16:25:00,16,1,1,30
201501BS70294,-0.216407,51.518402,3,2,1,2015-05-29,6,May,19:09:00,19,1,1,30
201501BS70295,-0.210648,51.518224,2,1,1,2015-05-28,5,May,13:20:00,13,1,1,30
201501BS70296,-0.193466,51.500785,3,2,1,2015-05-28,5,May,18:50:00,18,1,1,30
201501BS70297,-0.185212,51.501827,3,2,1,2015-05-28,5,May,18:05:00,18,1,1,30
201501BS70298,-0.187842,51.489998,3,3,1,2015-05-20,4,May,11:30:00,11,2,2,30
201501BS70300,-0.190721,51.490042,3,2,1,2015-05-30,7,May,18:45:00,18,1,1,30
201501BS70301,-0.204561,51.497089,3,1,1,2015-05-31,1,May,10:34:00,10,1,1,30
201501BS70303,-0.191006,51.490136,3,1,1,2015-06-01,2,June,19:38:00,19,1,1,30
201501BS70304,-0.210508,51.518132,3,2,1,2015-06-01,2,June,18:33:00,18,1,1,30
201501BS70305,-0.198341,51.508684,3,1,1,2015-06-01,2,June,20:00:00,20,1,1,30
201501BS70307,-0.175965,51.484418,3,2,1,2015-06-03,4,June,18:30:00,18,1,1,30
201501BS70308,-0.17707,51.485604,3,2,1,2015-06-02,3,June,16:25:00,16,1,1,30
201501BS70309,-0.203814,51.508768,3,2,1,2015-06-02,3,June,17:35:00,17,1,1,30
201501BS70310,-0.21173,51.520039,3,2,1,2015-06-03,4,June,07:48:00,7,1,1,30
201501BS70311,-0.215788,51.504724,3,1,1,2015-06-06,7,June,15:15:00,15,1,1,30
201501BS70312,-0.193878,51.504928,3,2,1,2015-06-06,7,June,18:08:00,18,1,1,30
201501BS70313,-0.177247,51.488395,3,1,1,2015-06-05,6,June,14:44:00,14,1,1,30
201501BS70316,-0.167415,51.48932,3,1,1,2015-06-05,6,June,10:13:00,10,1,1,30
201501BS70317,-0.195643,51.500369,3,2,1,2015-06-05,6,June,17:30:00,17,1,1,30
201501BS70318,-0.204084,51.509222,3,2,1,2015-06-05,6,June,13:30:00,13,1,1,30
201501BS70321,-0.18961,51.492633,2,2,1,2015-05-21,5,May,10:00:00,10,1,1,30
201501BS70322,-0.212208,51.526251,3,1,1,2015-06-09,3,June,08:20:00,8,1,1,30
201501BS70323,-0.194419,51.505836,3,2,1,2015-06-09,3,June,14:05:00,14,1,1,30
201501BS70324,-0.201702,51.522134,3,2,1,2015-06-09,3,June,11:50:00,11,1,1,30
201501BS70325,-0.162927,51.48988,3,1,1,2015-06-09,3,June,18:59:00,18,1,1,30
201501BS70326,-0.173172,51.482216,3,2,1,2015-06-10,4,June,18:57:00,18,1,1,30
201501BS70327,-0.220394,51.515945,3,2,2,2015-06-11,5,June,02:45:00,2,1,1,30
201501BS70328,-0.185519,51.483217,3,2,1,2015-06-14,1,June,06:00:00,6,1,1,30
201501BS70329,-0.211867,51.520221,2,1,1,2015-06-11,5,June,17:25:00,17,1,1,30
201501BS70330,-0.194664,51.506919,3,2,1,2015-06-13,7,June,11:45:00,11,1,1,30
201501BS70331,-0.170618,51.488471,3,2,2,2015-06-14,1,June,12:43:00,12,1,1,30
201501BS70332,-0.201558,51.522132,3,2,1,2015-06-11,5,June,17:38:00,17,1,1,30
201501BS70333,-0.150541,51.486268,3,1,1,2015-06-07,1,June,20:30:00,20,1,1,30
201501BS70334,-0.175965,51.484418,3,2,1,2015-06-09,3,June,08:05:00,8,1,1,30
201501BS70335,-0.215788,51.504724,3,1,1,2015-06-10,4,June,17:30:00,17,1,1,30
201501BS70336,-0.201949,51.493902,3,1,1,2015-06-20,7,June,00:44:00,0,1,1,30
201501BS70338,-0.166309,51.498925,3,2,1,2015-06-21,1,June,16:20:00,16,1,1,30
201501BS70340,-0.195616,51.490117,3,1,1,2015-06-18,5,June,15:00:00,15,1,1,30
201501BS70341,-0.197438,51.509659,3,2,1,2015-06-20,7,June,00:50:00,0,1,1,30
201501BS70342,-0.226723,51.519997,3,1,1,2015-06-20,7,June,10:15:00,10,1,1,30
201501BS70343,-0.211783,51.518691,3,3,2,2015-06-21,1,June,14:26:00,14,1,1,30
201501BS70344,-0.200508,51.508537,3,2,1,2015-06-22,2,June,13:35:00,13,1,1,30
201501BS70345,-0.176955,51.48848,3,2,1,2015-06-22,2,June,20:30:00,20,1,1,30
201501BS70346,-0.191484,51.488975,3,2,1,2015-06-21,1,June,11:28:00,11,1,1,30
201501BS70347,-0.19689,51.508931,2,2,1,2015-06-10,4,June,13:00:00,13,1,1,30
201501BS70348,-0.179316,51.487078,2,1,2,2015-06-23,3,June,08:15:00,8,1,1,30
201501BS70349,-0.175688,51.484144,3,2,1,2015-06-23,3,June,07:45:00,7,1,1,30
201501BS70350,-0.204439,51.507518,3,2,1,2015-06-24,4,June,14:34:00,14,1,1,30
201501BS70351,-0.177024,51.490369,3,2,1,2015-06-25,5,June,02:34:00,2,1,1,30
201501BS70352,-0.206549,51.512497,3,2,4,2015-06-25,5,June,16:59:00,16,1,1,30
201501BS70354,-0.174397,51.494825,3,1,1,2015-06-28,1,June,14:14:00,14,1,1,30
201501BS70355,-0.173309,51.485995,3,3,1,2015-06-25,5,June,18:05:00,18,1,1,30
201501BS70356,-0.159261,51.484337,3,2,1,2015-06-25,5,June,17:55:00,17,1,1,30
201501BS70357,-0.188092,51.494588,3,2,1,2015-06-18,5,June,18:40:00,18,1,1,30
201501BS70360,-0.173689,51.501738,3,2,1,2015-06-30,3,June,01:11:00,1,1,1,30
201501BS70361,-0.215781,51.508591,3,2,1,2015-06-19,6,June,09:20:00,9,1,1,30
201501BS70362,-0.21542,51.517847,3,2,2,2015-06-30,3,June,13:36:00,13,1,1,30
201501BS70363,-0.17975,51.497876,2,2,1,2015-07-01,4,July,16:56:00,16,1,1,30
201501BS70364,-0.192506,51.488631,3,2,1,2015-07-01,4,July,00:21:00,0,1,1,30
201501BS70365,-0.19859,51.498706,3,1,1,2015-07-01,4,July,11:30:00,11,1,1,30
201501BS70367,-0.215901,51.527656,3,2,1,2015-07-02,5,July,20:23:00,20,1,1,30
201501BS70368,-0.172241,51.494701,2,1,1,2015-07-02,5,July,21:20:00,21,1,1,30
201501BS70371,-0.20529,51.522549,3,2,1,2015-06-30,3,June,17:08:00,17,1,1,30
201501BS70372,-0.163537,51.499781,3,2,1,2015-07-04,7,July,20:02:00,20,1,1,30
201501BS70373,-0.173464,51.482131,3,1,1,2015-07-06,2,July,07:30:00,7,1,1,30
201501BS70374,-0.161304,51.490843,3,2,1,2015-07-06,2,July,14:00:00,14,1,1,30
201501BS70376,-0.194421,51.509433,3,2,1,2015-06-24,4,June,08:00:00,8,1,1,30
201501BS70378,-0.16337,51.489617,3,2,1,2015-07-06,2,July,13:10:00,13,1,1,30
201501BS70380,-0.226157,51.519719,3,2,1,2015-07-07,3,July,18:10:00,18,1,1,30
201501BS70381,-0.15129,51.48556,3,2,1,2015-07-07,3,July,16:33:00,16,1,1,30
201501BS70382,-0.180236,51.482056,3,2,1,2015-07-03,6,July,18:00:00,18,1,1,30
201501BS70383,-0.177112,51.480929,3,1,1,2015-07-02,5,July,19:00:00,19,1,1,30
201501BS70385,-0.157521,51.491773,3,1,1,2015-07-08,4,July,17:20:00,17,1,1,30
201501BS70387,-0.174054,51.485377,3,2,1,2015-07-01,4,July,17:30:00,17,1,1,30
201501BS70388,-0.198432,51.499063,3,2,1,2015-07-10,6,July,18:09:00,18,1,1,30
201501BS70390,-0.183978,51.492995,3,2,1,2015-07-10,6,July,09:40:00,9,1,1,30
201501BS70391,-0.207602,51.496686,3,2,1,2015-07-11,7,July,17:04:00,17,1,1,30
201501BS70392,-0.158496,51.492598,3,1,2,2015-07-12,1,July,16:20:00,16,1,1,30
201501BS70393,-0.170834,51.486676,3,1,3,2015-07-09,5,July,16:02:00,16,1,1,30
201501BS70394,-0.198655,51.493401,3,1,2,2015-07-09,5,July,15:44:00,15,1,1,30
201501BS70395,-0.173468,51.485638,3,2,1,2015-07-09,5,July,18:26:00,18,1,1,30
201501BS70396,-0.175821,51.484416,3,2,1,2015-07-09,5,July,23:45:00,23,1,1,30
201501BS70397,-0.213881,51.524029,3,2,1,2015-07-10,6,July,18:24:00,18,1,1,30
201501BS70399,-0.209152,51.515953,3,2,1,2015-07-13,2,July,14:30:00,14,1,1,30
201501BS70400,-0.179267,51.49553,3,2,1,2015-07-17,6,July,07:46:00,7,1,1,30
201501BS70401,-0.183032,51.495049,2,1,1,2015-07-15,4,July,09:47:00,9,1,1,30
201501BS70402,-0.196014,51.487336,3,1,1,2015-07-15,4,July,08:12:00,8,1,1,30
201501BS70403,-0.209149,51.516043,3,2,1,2015-07-15,4,July,07:50:00,7,2,2,30
201501BS70404,-0.215244,51.507593,3,2,1,2015-07-08,4,July,21:00:00,21,1,1,30
201501BS70405,-0.15802,51.497267,3,2,1,2015-07-16,5,July,08:05:00,8,1,1,30
201501BS70406,-0.169743,51.488727,3,2,1,2015-07-16,5,July,14:50:00,14,1,1,30
201501BS70408,-0.180471,51.501484,3,1,1,2015-07-17,6,July,12:26:00,12,1,1,30
201501BS70409,-0.212459,51.501436,3,2,1,2015-07-17,6,July,15:15:00,15,1,1,30
201501BS70410,-0.188938,51.502334,2,1,1,2015-07-17,6,July,20:50:00,20,1,1,30
201501BS70411,-0.220436,51.514866,2,2,1,2015-07-18,7,July,08:25:00,8,1,1,40
201501BS70412,-0.206355,51.517439,3,1,1,2015-07-18,7,July,16:30:00,16,1,1,30
201501BS70413,-0.177586,51.494335,3,2,1,2015-07-19,1,July,15:20:00,15,1,1,30
201501BS70417,-0.190314,51.489406,3,2,1,2015-07-21,3,July,20:40:00,20,1,1,30
201501BS70418,-0.193649,51.492515,3,1,1,2015-07-08,4,July,13:42:00,13,1,1,30
201501BS70419,-0.176045,51.493232,2,1,1,2015-07-22,4,July,10:23:00,10,1,1,30
201501BS70420,-0.184272,51.478342,3,2,1,2015-07-16,5,July,18:15:00,18,1,1,30
201501BS70421,-0.210093,51.517676,3,2,2,2015-07-25,7,July,04:05:00,4,1,1,40
201501BS70422,-0.166425,51.492452,3,1,1,2015-07-26,1,July,13:45:00,13,2,2,30
201501BS70423,-0.18578,51.480254,3,2,1,2015-07-23,5,July,07:42:00,7,1,1,30
201501BS70424,-0.22244,51.52263,3,2,1,2015-07-24,6,July,23:19:00,23,1,1,30
201501BS70425,-0.192365,51.495823,3,2,2,2015-07-24,6,July,17:43:00,17,1,1,30
201501BS70426,-0.17319,51.481767,2,2,1,2015-07-23,5,July,15:45:00,15,1,1,30
201501BS70427,-0.185314,51.484743,3,2,1,2015-06-27,7,June,19:30:00,19,1,1,30
201501BS70428,-0.181827,51.485498,3,2,1,2015-07-25,7,July,18:30:00,18,1,1,30
201501BS70429,-0.19265,51.488633,3,1,1,2015-07-29,4,July,15:20:00,15,1,1,30
201501BS70430,-0.195136,51.487682,3,2,1,2015-07-29,4,July,13:35:00,13,1,1,30
201501BS70431,-0.168401,51.497069,3,2,1,2015-07-28,3,July,19:32:00,19,1,1,30
201501BS70432,-0.163752,51.483688,3,2,1,2015-07-08,4,July,22:45:00,22,1,1,30
201501BS70433,-0.197673,51.511012,3,2,1,2015-07-20,2,July,15:15:00,15,1,1,30
201501BS70434,-0.195582,51.494613,3,2,1,2015-07-07,3,July,14:55:00,14,1,1,30
201501BS70436,-0.169293,51.496364,3,2,1,2015-08-02,1,August,07:40:00,7,1,1,30
201501BS70438,-0.1641,51.489359,3,2,1,2015-08-02,1,August,10:49:00,10,1,1,30
201501BS70439,-0.198724,51.498978,3,2,3,2015-07-31,6,July,05:57:00,5,2,2,30
201501BS70440,-0.168966,51.493751,3,2,1,2015-07-31,6,July,07:59:00,7,1,1,30
201501BS70441,-0.196181,51.490396,3,2,1,2015-08-02,1,August,21:44:00,21,1,1,30
201501BS70443,-0.190532,51.502089,3,2,2,2015-08-01,7,August,17:40:00,17,1,1,30
201501BS70444,-0.169121,51.493484,2,1,1,2015-08-02,1,August,17:35:00,17,1,1,30
201501BS70445,-0.18578,51.480254,3,2,1,2015-07-23,5,July,18:10:00,18,1,1,30
201501BS70446,-0.208464,51.515134,3,2,1,2015-07-30,5,July,10:15:00,10,1,1,30
201501BS70447,-0.167174,51.488148,3,2,1,2015-08-03,2,August,17:25:00,17,1,1,30
201501BS70448,-0.194484,51.500531,3,2,1,2015-08-02,1,August,09:00:00,9,1,1,30
201501BS70449,-0.184914,51.494808,3,1,1,2015-08-04,3,August,18:50:00,18,1,1,30
201501BS70450,-0.160578,51.501713,3,2,1,2015-07-28,3,July,11:20:00,11,1,1,30
201501BS70451,-0.195302,51.494429,3,2,1,2015-07-28,3,July,19:40:00,19,1,1,30
201501BS70452,-0.206313,51.496486,3,2,1,2015-08-09,1,August,18:22:00,18,1,1,30
201501BS70453,-0.206022,51.496572,3,1,1,2015-08-07,6,August,17:17:00,17,1,1,30
201501BS70455,-0.190968,51.502006,3,1,1,2015-08-03,2,August,04:49:00,4,1,1,30
201501BS70457,-0.214478,51.505064,3,2,1,2015-07-28,3,July,19:35:00,19,1,1,30
201501BS70458,-0.178923,51.482486,3,1,1,2015-08-10,2,August,15:50:00,15,1,1,30
201501BS70459,-0.190244,51.502085,2,2,1,2015-08-10,2,August,14:42:00,14,1,1,30
201501BS70462,-0.168681,51.493657,3,1,1,2015-08-10,2,August,13:15:00,13,1,1,30
201501BS70463,-0.183978,51.492995,3,2,1,2015-08-11,3,August,16:05:00,16,1,1,30
201501BS70464,-0.174191,51.481962,3,3,2,2015-08-11,3,August,18:00:00,18,1,1,30
201501BS70465,-0.150127,51.485812,3,2,1,2015-08-11,3,August,18:00:00,18,1,1,30
201501BS70466,-0.183978,51.492995,3,2,1,2015-08-07,6,August,22:15:00,22,1,1,30
201501BS70467,-0.207406,51.516376,3,2,1,2015-07-22,4,July,15:40:00,15,1,2,30
201501BS70468,-0.199144,51.49197,3,2,1,2015-08-06,5,August,22:45:00,22,1,1,30
201501BS70470,-0.15588,51.489589,3,2,1,2015-08-13,5,August,08:00:00,8,1,1,30
201501BS70471,-0.182891,51.494957,3,1,1,2015-08-15,7,August,12:24:00,12,1,1,30
201501BS70472,-0.193793,51.492517,3,2,1,2015-08-15,7,August,12:45:00,12,1,1,30
201501BS70473,-0.217693,51.515004,3,1,1,2015-08-17,2,August,01:32:00,1,1,1,30
201501BS70475,-0.194133,51.509428,3,2,1,2015-08-16,1,August,21:55:00,21,1,1,30
201501BS70476,-0.198724,51.498978,3,2,1,2015-08-17,2,August,11:50:00,11,1,1,30
201501BS70477,-0.215244,51.526028,3,2,1,2015-08-17,2,August,18:09:00,18,1,1,30
201501BS70478,-0.175681,51.484324,3,2,1,2015-07-23,5,July,07:50:00,7,1,1,30
201501BS70479,-0.159007,51.494225,3,2,1,2015-08-18,3,August,12:17:00,12,1,1,30
201501BS70480,-0.194761,51.493521,3,1,1,2015-08-18,3,August,17:00:00,17,1,2,30
201501BS70481,-0.163836,51.499516,3,1,1,2015-08-18,3,August,17:19:00,17,1,1,30
201501BS70484,-0.174707,51.49429,3,1,1,2015-08-23,1,August,02:30:00,2,1,1,30
201501BS70485,-0.184316,51.480861,3,2,1,2015-08-22,7,August,17:00:00,17,1,1,30
201501BS70486,-0.172223,51.491554,2,2,1,2015-08-22,7,August,17:10:00,17,1,1,30
201501BS70487,-0.184331,51.484098,3,2,1,2015-08-22,7,August,06:30:00,6,1,1,30
201501BS70488,-0.180503,51.486197,3,2,1,2015-08-21,6,August,09:47:00,9,1,1,30
201501BS70489,-0.167954,51.497422,3,1,1,2015-08-20,5,August,22:42:00,22,1,1,30
201501BS70490,-0.195582,51.494613,3,2,1,2015-08-20,5,August,12:43:00,12,1,1,30
201501BS70492,-0.177012,51.483445,3,2,2,2015-08-23,1,August,04:15:00,4,1,1,30
201501BS70493,-0.213498,51.508016,2,1,1,2015-08-14,6,August,04:30:00,4,1,1,30
201501BS70495,-0.17975,51.497876,3,1,1,2015-08-25,3,August,14:30:00,14,1,1,30
201501BS70496,-0.215683,51.503733,3,3,1,2015-08-26,4,August,21:45:00,21,1,1,30
201501BS70497,-0.173256,51.49094,3,1,1,2015-08-26,4,August,08:30:00,8,2,2,30
201501BS70498,-0.197756,51.512542,2,2,1,2015-08-27,5,August,13:09:00,13,1,1,30
201501BS70499,-0.17552,51.495562,3,1,1,2015-08-31,2,August,18:07:00,18,2,2,30
201501BS70500,-0.186209,51.502112,3,1,1,2015-08-30,1,August,08:25:00,8,1,1,30
201501BS70501,-0.173173,51.485813,3,2,1,2015-08-29,7,August,11:15:00,11,1,1,30
201501BS70502,-0.170693,51.490181,3,1,1,2015-08-28,6,August,17:50:00,17,1,1,30
201501BS70503,-0.206131,51.515817,3,1,1,2015-08-28,6,August,13:37:00,13,1,1,30
201501BS70504,-0.185208,51.501917,3,2,1,2015-09-01,3,September,15:05:00,15,1,1,30
201501BS70505,-0.199742,51.498724,3,2,1,2015-09-02,4,September,09:57:00,9,1,1,30
201501BS70506,-0.218027,51.517527,3,3,1,2015-09-02,4,September,16:30:00,16,1,1,30
201501BS70507,-0.206549,51.512497,3,2,2,2015-09-07,2,September,00:15:00,0,1,1,30
201501BS70508,-0.174205,51.4852,3,1,1,2015-09-06,1,September,01:46:00,1,1,1,30
201501BS70509,-0.169272,51.493306,3,2,1,2015-09-04,6,September,18:45:00,18,1,1,30
201501BS70510,-0.219826,51.52313,3,2,1,2015-09-07,2,September,21:35:00,21,1,1,30
201501BS70513,-0.171766,51.495773,3,2,1,2015-09-09,4,September,21:51:00,21,1,1,30
201501BS70514,-0.193954,51.499354,3,2,1,2015-09-11,6,September,10:00:00,10,1,1,30
201501BS70516,-0.192264,51.494742,3,2,1,2015-09-10,5,September,15:50:00,15,1,1,30
201501BS70519,-0.215244,51.507593,3,2,1,2015-09-14,2,September,19:00:00,19,1,1,30
201501BS70520,-0.220215,51.516841,2,3,1,2015-09-15,3,September,17:30:00,17,1,1,30
201501BS70522,-0.187872,51.492876,3,1,1,2015-09-15,3,September,14:03:00,14,1,1,30
201501BS70525,-0.189014,51.485879,3,2,1,2015-09-16,4,September,19:15:00,19,1,1,30
201501BS70527,-0.218343,51.5205,3,2,1,2015-09-18,6,September,16:10:00,16,1,1,30
201501BS70528,-0.161456,51.501367,3,3,1,2015-09-18,6,September,20:10:00,20,1,1,30
201501BS70529,-0.17142,51.486415,3,1,1,2015-09-19,7,September,19:40:00,19,1,1,30
201501BS70531,-0.192945,51.488458,3,2,1,2015-09-20,1,September,01:00:00,1,1,1,30
201501BS70532,-0.18578,51.480254,3,2,1,2015-09-19,7,September,21:39:00,21,1,1,30
201501BS70533,-0.206549,51.512497,3,2,1,2015-09-20,1,September,11:45:00,11,1,1,30
201501BS70534,-0.215782,51.527025,3,2,1,2015-08-19,4,August,08:40:00,8,1,1,30
201501BS70535,-0.174788,51.485029,3,2,1,2015-09-21,2,September,13:57:00,13,2,2,30
201501BS70536,-0.188668,51.494597,3,1,1,2015-09-21,2,September,16:09:00,16,2,2,30
201501BS70537,-0.15588,51.489589,3,2,1,2015-09-23,4,September,10:35:00,10,1,1,30
201501BS70538,-0.209392,51.506155,3,2,1,2015-09-22,3,September,17:05:00,17,1,1,30
201501BS70539,-0.175821,51.484416,3,2,1,2015-09-23,4,September,11:00:00,11,1,1,30
201501BS70540,-0.170834,51.486676,2,2,1,2015-09-23,4,September,18:10:00,18,1,1,30
201501BS70542,-0.1706,51.496115,3,2,1,2015-09-22,3,September,15:25:00,15,1,1,30
201501BS70543,-0.217924,51.51276,3,2,1,2015-09-17,5,September,19:00:00,19,1,1,30
201501BS70544,-0.176365,51.48883,3,2,1,2015-09-24,5,September,08:21:00,8,2,2,30
201501BS70545,-0.214001,51.502539,3,2,1,2015-09-24,5,September,08:30:00,8,1,1,30
201501BS70546,-0.182492,51.494141,3,2,1,2015-09-27,1,September,18:21:00,18,1,1,30
201501BS70547,-0.178543,51.492012,3,2,1,2015-09-26,7,September,18:40:00,18,1,1,30
201501BS70548,-0.200124,51.492705,3,2,3,2015-09-27,1,September,04:02:00,4,1,1,30
201501BS70549,-0.150825,51.486362,3,1,1,2015-09-26,7,September,12:47:00,12,1,1,30
201501BS70550,-0.21198,51.524719,3,1,1,2015-09-25,6,September,09:20:00,9,1,1,30
201501BS70551,-0.157654,51.492045,3,2,1,2015-09-27,1,September,14:23:00,14,1,1,30
201501BS70553,-0.159031,51.497192,3,2,4,2015-09-28,2,September,14:32:00,14,1,1,30
201501BS70554,-0.182048,51.490807,3,2,1,2015-09-23,4,September,08:40:00,8,1,1,30
201501BS70555,-0.159902,51.497026,3,2,1,2015-09-29,3,September,18:33:00,18,1,1,30
201501BS70556,-0.196692,51.495709,3,2,1,2015-09-24,5,September,10:50:00,10,1,1,30
201501BS70557,-0.183978,51.492995,3,2,1,2015-09-30,4,September,17:25:00,17,1,1,30
201501BS70558,-0.202254,51.508114,3,2,1,2015-09-30,4,September,09:20:00,9,1,1,30
201501BS70559,-0.201677,51.511792,3,2,1,2015-09-30,4,September,11:00:00,11,1,1,30
201501BS70560,-0.188809,51.494689,3,2,1,2015-09-29,3,September,11:35:00,11,1,1,30
201501BS70561,-0.21061,51.511839,2,2,1,2015-09-01,3,September,12:30:00,12,1,1,30
201501BS70562,-0.221027,51.514515,3,2,1,2015-10-01,5,October,18:35:00,18,1,1,50
201501BS70563,-0.20199,51.522139,3,2,1,2015-10-03,7,October,16:30:00,16,1,1,30
201501BS70564,-0.203817,51.508678,3,2,1,2015-10-03,7,October,21:25:00,21,1,1,30
201501BS70565,-0.19212,51.49474,3,1,1,2015-10-03,7,October,21:20:00,21,1,1,30
201501BS70566,-0.164978,51.489013,3,1,1,2015-09-29,3,September,08:43:00,8,1,1,30
201501BS70567,-0.168401,51.497069,3,2,1,2015-09-29,3,September,16:49:00,16,1,1,30
201501BS70568,-0.175624,51.489359,3,2,1,2015-10-01,5,October,15:30:00,15,1,1,30
201501BS70569,-0.216772,51.523803,3,2,1,2015-10-01,5,October,18:57:00,18,1,1,30
201501BS70571,-0.171273,51.486503,2,2,1,2015-10-01,5,October,17:00:00,17,1,1,30
201501BS70572,-0.215261,51.503457,3,2,1,2015-10-02,6,October,16:50:00,16,1,1,30
201501BS70574,-0.206189,51.507006,3,2,1,2015-10-05,2,October,08:03:00,8,1,1,30
201501BS70575,-0.170834,51.486676,3,2,1,2015-10-05,2,October,16:40:00,16,1,1,30
201501BS70576,-0.150275,51.485724,3,2,1,2015-10-05,2,October,07:40:00,7,1,1,30
201501BS70577,-0.16022,51.492715,3,2,1,2015-10-06,3,October,04:46:00,4,1,1,30
201501BS70578,-0.216389,51.522538,3,2,1,2015-10-06,3,October,14:19:00,14,1,1,30
201501BS70579,-0.187321,51.492238,3,2,1,2015-09-29,3,September,18:15:00,18,1,1,30
201501BS70580,-0.15588,51.489589,3,2,1,2015-10-06,3,October,07:50:00,7,1,1,30
201501BS70581,-0.196218,51.511349,3,2,1,2015-10-07,4,October,08:20:00,8,1,1,30
201501BS70582,-0.174851,51.494292,3,1,1,2015-10-07,4,October,15:30:00,15,1,1,30
201501BS70583,-0.205951,51.516714,3,2,1,2015-10-07,4,October,16:47:00,16,1,1,30
201501BS70584,-0.182492,51.494141,3,1,1,2015-10-07,4,October,23:50:00,23,1,1,30
201501BS70585,-0.192678,51.509766,3,1,1,2015-10-07,4,October,14:30:00,14,1,1,30
201501BS70586,-0.162008,51.494811,3,2,1,2015-09-18,6,September,08:10:00,8,1,1,30
201501BS70588,-0.173785,51.495715,3,2,2,2015-10-07,4,October,21:12:00,21,2,2,30
201501BS70590,-0.150271,51.485814,3,2,1,2015-10-03,7,October,19:10:00,19,1,1,30
201501BS70591,-0.209104,51.506151,3,2,1,2015-10-11,1,October,11:56:00,11,1,1,30
201501BS70592,-0.182859,51.481288,3,1,1,2015-10-09,6,October,19:08:00,19,1,1,30
201501BS70593,-0.15588,51.489589,3,2,1,2015-10-09,6,October,07:14:00,7,1,1,30
201501BS70594,-0.188422,51.489917,3,2,1,2015-10-09,6,October,14:30:00,14,1,1,30
201501BS70595,-0.150127,51.485812,3,2,1,2015-10-12,2,October,07:55:00,7,1,1,30
201501BS70596,-0.186925,51.502213,2,2,1,2015-10-12,2,October,13:35:00,13,1,1,30
201501BS70597,-0.200944,51.508454,3,1,1,2015-10-03,7,October,12:37:00,12,1,1,30
201501BS70599,-0.163678,51.496276,3,1,1,2015-10-09,6,October,11:25:00,11,1,1,30
201501BS70601,-0.205187,51.510497,3,1,1,2015-10-14,4,October,18:23:00,18,1,1,30
201501BS70602,-0.159035,51.497103,3,2,1,2015-10-14,4,October,21:09:00,21,1,1,30
201501BS70603,-0.200656,51.50845,2,3,1,2015-10-14,4,October,15:23:00,15,2,2,30
201501BS70605,-0.202644,51.494542,3,2,1,2015-10-14,4,October,12:30:00,12,1,1,30
201501BS70606,-0.187836,51.493774,3,2,1,2015-07-07,3,July,17:30:00,17,1,1,30
201501BS70607,-0.188655,51.487672,3,2,1,2015-10-18,1,October,03:56:00,3,1,1,30
201501BS70608,-0.186209,51.502112,3,2,1,2015-10-18,1,October,10:40:00,10,1,1,30
201501BS70609,-0.209693,51.516861,3,2,1,2015-10-15,5,October,18:41:00,18,1,1,30
201501BS70610,-0.188168,51.485416,3,1,1,2015-10-15,5,October,22:10:00,22,1,1,30
201501BS70611,-0.150127,51.485812,3,2,1,2015-10-19,2,October,20:41:00,20,1,1,30
201501BS70613,-0.165417,51.48884,2,1,1,2015-10-16,6,October,00:15:00,0,2,2,30
201501BS70614,-0.191112,51.502008,2,1,1,2015-10-17,7,October,02:15:00,2,1,1,30
201501BS70615,-0.192506,51.488631,3,2,1,2015-10-17,7,October,14:40:00,14,1,1,30
201501BS70616,-0.221297,51.514969,3,3,1,2015-10-19,2,October,15:20:00,15,1,1,30
201501BS70619,-0.190314,51.489406,3,2,1,2015-10-17,7,October,19:25:00,19,1,1,30
201501BS70620,-0.160905,51.486431,3,2,1,2015-10-02,6,October,07:00:00,7,1,1,30
201501BS70621,-0.20954,51.506068,3,1,1,2015-10-20,3,October,11:40:00,11,1,1,30
201501BS70622,-0.21771,51.514555,3,1,1,2015-10-21,4,October,22:39:00,22,1,1,30
201501BS70623,-0.186404,51.482691,3,2,1,2015-10-20,3,October,19:30:00,19,1,1,30
201501BS70624,-0.22284,51.519759,3,2,1,2015-10-20,3,October,12:07:00,12,1,1,30
201501BS70625,-0.18033,51.501392,3,2,1,2015-10-23,6,October,22:40:00,22,1,1,30
201501BS70627,-0.215637,51.508589,3,3,1,2015-10-25,1,October,16:00:00,16,1,1,30
201501BS70628,-0.189847,51.490298,2,1,1,2015-10-25,1,October,20:55:00,20,1,1,30
201501BS70629,-0.209008,51.515951,3,2,1,2015-10-25,1,October,08:50:00,8,1,1,30
201501BS70630,-0.197558,51.49932,3,2,2,2015-10-23,6,October,21:41:00,21,1,1,30
201501BS70631,-0.195446,51.494431,3,2,1,2015-10-23,6,October,11:36:00,11,1,1,30
201501BS70632,-0.198053,51.508679,3,1,1,2015-10-23,6,October,14:15:00,14,1,1,30
201501BS70633,-0.196163,51.5091,2,1,1,2015-09-30,4,September,16:30:00,16,1,1,30
201501BS70634,-0.179189,51.483029,3,2,1,2015-10-24,7,October,21:23:00,21,1,2,30
201501BS70635,-0.150998,51.485646,3,2,1,2015-10-26,2,October,14:58:00,14,1,1,30
201501BS70636,-0.156783,51.492211,3,1,1,2015-10-26,2,October,09:30:00,9,1,1,30
201501BS70637,-0.204361,51.513182,3,2,1,2015-10-28,4,October,17:45:00,17,1,1,30
201501BS70639,-0.192264,51.494742,3,1,1,2015-10-29,5,October,19:15:00,19,2,2,30
201501BS70640,-0.203734,51.518119,3,1,1,2015-10-30,6,October,10:41:00,10,1,1,30
201501BS70641,-0.184351,51.490843,3,2,1,2015-10-30,6,October,21:15:00,21,1,1,30
201501BS70643,-0.209008,51.515951,3,2,1,2015-11-01,1,November,21:05:00,21,7,1,30
201501BS70645,-0.214141,51.502631,3,2,2,2015-10-31,7,October,21:30:00,21,1,1,30
201501BS70647,-0.182621,51.494503,3,1,1,2015-10-28,4,October,16:55:00,16,1,1,30
201501BS70648,-0.180618,51.501396,3,2,1,2015-11-02,2,November,12:15:00,12,1,1,30
201501BS70650,-0.200552,51.492801,3,2,1,2015-11-04,4,November,17:35:00,17,1,1,30
201501BS70651,-0.194133,51.509428,3,2,1,2015-11-03,3,November,09:51:00,9,1,1,30
201501BS70652,-0.171283,51.482636,3,2,1,2015-11-04,4,November,16:20:00,16,1,1,30
201501BS70653,-0.18578,51.480254,3,1,1,2015-11-05,5,November,02:19:00,2,1,1,30
201501BS70654,-0.199932,51.508528,3,2,1,2015-10-21,4,October,18:00:00,18,2,2,30
201501BS70657,-0.197308,51.509297,3,1,1,2015-11-01,1,November,12:00:00,12,1,1,30
201501BS70658,-0.198569,51.510216,3,2,1,2015-11-05,5,November,19:31:00,19,2,2,30
201501BS70659,-0.173464,51.482131,3,2,1,2015-11-05,5,November,15:33:00,15,1,1,30
201501BS70662,-0.18242,51.481461,3,1,1,2015-11-06,6,November,14:50:00,14,1,1,30
201501BS70664,-0.224619,51.522213,3,1,1,2015-11-07,7,November,10:50:00,10,5,2,30
201501BS70665,-0.210104,51.517407,3,1,1,2015-11-07,7,November,18:52:00,18,1,2,30
201501BS70667,-0.194484,51.500531,3,2,1,2015-11-07,7,November,16:50:00,16,1,1,30
201501BS70668,-0.196396,51.514139,3,1,1,2015-11-07,7,November,09:55:00,9,1,1,30
201501BS70669,-0.221301,51.514879,3,2,1,2015-11-06,6,November,09:10:00,9,2,2,50
201501BS70670,-0.158416,51.494575,3,2,2,2015-11-09,2,November,18:09:00,18,1,1,30
201501BS70671,-0.186353,51.502114,3,1,1,2015-11-09,2,November,12:55:00,12,1,1,30
201501BS70673,-0.17858,51.480232,3,2,1,2015-11-10,3,November,18:00:00,18,1,1,30
201501BS70674,-0.186925,51.502213,3,1,1,2015-11-10,3,November,11:30:00,11,1,1,30
201501BS70675,-0.215202,51.504985,3,1,1,2015-11-11,4,November,10:30:00,10,1,1,30
201501BS70677,-0.188074,51.502321,3,2,1,2015-11-12,5,November,18:36:00,18,1,1,30
201501BS70678,-0.214735,51.505877,3,1,1,2015-11-15,1,November,18:35:00,18,1,1,30
201501BS70679,-0.183923,51.501627,3,2,1,2015-11-13,6,November,09:13:00,9,1,1,30
201501BS70680,-0.185202,51.494813,3,1,1,2015-11-13,6,November,13:15:00,13,5,2,30
201501BS70681,-0.206461,51.496399,3,1,1,2015-11-15,1,November,00:19:00,0,1,1,30
201501BS70683,-0.211056,51.51886,3,2,3,2015-11-16,2,November,13:30:00,13,1,1,30
201501BS70684,-0.163393,51.499779,3,2,1,2015-11-16,2,November,15:53:00,15,1,1,30
201501BS70685,-0.212884,51.501622,3,2,1,2015-11-12,5,November,17:12:00,17,1,1,30
201501BS70686,-0.175095,51.495375,3,2,1,2015-11-09,2,November,17:40:00,17,1,1,30
201501BS70687,-0.192506,51.488631,3,2,2,2015-11-18,4,November,05:17:00,5,8,2,30
201501BS70688,-0.215205,51.504895,3,1,1,2015-11-18,4,November,17:55:00,17,1,2,30
201501BS70689,-0.188312,51.485419,3,2,1,2015-10-23,6,October,07:30:00,7,1,1,30
201501BS70690,-0.179172,51.487076,3,2,1,2015-11-10,3,November,18:50:00,18,1,1,30
201501BS70692,-0.177691,51.495326,3,1,2,2015-11-19,5,November,15:50:00,15,1,1,30
201501BS70694,-0.173173,51.485813,3,2,1,2015-11-17,3,November,06:30:00,6,2,2,30
201501BS70695,-0.192506,51.488631,3,1,1,2015-11-16,2,November,20:10:00,20,1,2,30
201501BS70696,-0.173752,51.482135,3,2,1,2015-11-19,5,November,23:07:00,23,1,1,30
201501BS70697,-0.193368,51.492331,3,1,1,2015-11-22,1,November,16:10:00,16,1,1,30
201501BS70699,-0.20086,51.517895,3,2,1,2015-11-21,7,November,15:45:00,15,1,1,30
201501BS70700,-0.199065,51.508605,3,1,1,2015-11-21,7,November,09:48:00,9,1,1,30
201501BS70701,-0.17069,51.486674,3,2,1,2015-11-21,7,November,22:00:00,22,1,1,30
201501BS70702,-0.158682,51.484418,3,2,1,2015-11-20,6,November,11:05:00,11,1,1,30
201501BS70703,-0.192678,51.509766,3,2,1,2015-11-05,5,November,15:00:00,15,1,1,30
201501BS70705,-0.164725,51.4989,3,2,1,2015-11-23,2,November,18:55:00,18,1,1,30
201501BS70706,-0.170834,51.486676,3,2,1,2015-11-24,3,November,22:40:00,22,1,1,30
201501BS70708,-0.185591,51.485017,3,2,1,2015-11-20,6,November,22:10:00,22,1,1,30
201501BS70710,-0.19559,51.494433,3,2,1,2015-11-26,5,November,19:44:00,19,1,1,30
201501BS70711,-0.21485,51.506598,3,2,1,2015-11-29,1,November,17:51:00,17,2,2,30
201501BS70713,-0.156726,51.490052,2,2,1,2015-11-27,6,November,03:10:00,3,1,1,30
201501BS70714,-0.166482,51.498208,3,1,1,2015-11-28,7,November,02:08:00,2,8,2,30
201501BS70715,-0.195479,51.489935,3,1,1,2015-11-29,1,November,08:30:00,8,1,2,30
201501BS70716,-0.180159,51.491227,3,2,1,2015-11-24,3,November,07:30:00,7,1,1,30
201501BS70718,-0.168789,51.494558,3,2,1,2015-11-30,2,November,16:10:00,16,2,2,30
201501BS70719,-0.15588,51.489589,3,1,1,2015-12-01,3,December,09:00:00,9,1,1,30
201501BS70720,-0.200271,51.492617,3,1,1,2015-12-01,3,December,15:42:00,15,1,1,40
201501BS70721,-0.210643,51.49997,3,2,2,2015-12-03,5,December,05:30:00,5,1,1,30
201501BS70722,-0.156754,51.49293,3,2,1,2015-12-03,5,December,20:45:00,20,2,2,30
201501BS70723,-0.159124,51.50205,3,1,1,2015-12-03,5,December,20:30:00,20,2,2,30
201501BS70724,-0.197452,51.491045,3,2,1,2015-12-04,6,December,00:55:00,0,1,1,30
201501BS70725,-0.18113,51.488545,3,3,5,2015-12-06,1,December,02:31:00,2,1,1,30
201501BS70726,-0.191706,51.501568,3,2,1,2015-12-05,7,December,14:50:00,14,1,1,30
201501BS70727,-0.178751,51.490396,3,2,1,2015-12-05,7,December,16:20:00,16,1,1,30
201501BS70728,-0.170744,51.496117,3,2,1,2015-12-06,1,December,11:09:00,11,1,1,30
201501BS70729,-0.150127,51.485812,3,2,1,2015-12-06,1,December,19:20:00,19,2,2,30
201501BS70731,-0.190968,51.502006,3,2,1,2015-11-30,2,November,17:10:00,17,5,2,30
201501BS70732,-0.183491,51.50162,3,2,1,2015-10-31,7,October,03:08:00,3,1,1,30
201501BS70733,-0.15584,51.490578,3,1,1,2015-12-08,3,December,16:40:00,16,1,2,30
201501BS70734,-0.192986,51.49835,3,2,1,2015-12-08,3,December,08:25:00,8,1,1,30
201501BS70737,-0.184316,51.480861,3,1,1,2015-12-09,4,December,17:30:00,17,1,1,30
201501BS70738,-0.192506,51.488631,3,1,1,2015-12-10,5,December,21:30:00,21,1,1,30
201501BS70739,-0.214141,51.502631,3,2,1,2015-12-11,6,December,01:02:00,1,1,1,30
201501BS70740,-0.158416,51.494575,3,1,2,2015-12-13,1,December,12:27:00,12,1,1,30
201501BS70741,-0.225346,51.522045,3,2,1,2015-12-13,1,December,20:50:00,20,1,1,30
201501BS70743,-0.181469,51.480007,3,2,1,2015-11-17,3,November,18:00:00,18,1,1,30
201501BS70745,-0.21173,51.520039,3,4,1,2015-12-12,7,December,01:55:00,1,1,1,30
201501BS70747,-0.162644,51.500486,3,1,1,2015-12-14,2,December,10:05:00,10,1,1,30
201501BS70748,-0.196602,51.490672,3,1,1,2015-12-14,2,December,21:27:00,21,1,1,30
201501BS70750,-0.159673,51.491987,3,1,2,2015-12-16,4,December,17:52:00,17,1,1,30
201501BS70751,-0.17461,51.500314,3,1,1,2015-12-17,5,December,07:30:00,7,1,1,30
201501BS70753,-0.193878,51.504928,3,4,1,2015-12-19,7,December,17:30:00,17,1,1,30
201501BS70754,-0.195309,51.494249,3,3,3,2015-12-20,1,December,16:01:00,16,2,2,30
201501BS70755,-0.195136,51.487682,3,2,1,2015-12-19,7,December,14:30:00,14,1,1,30
201501BS70756,-0.205446,51.514908,2,1,1,2015-12-18,6,December,09:18:00,9,1,1,30
201501BS70757,-0.174854,51.494202,3,1,1,2015-12-18,6,December,08:05:00,8,1,1,30
201501BS70758,-0.20209,51.493994,3,2,1,2015-12-18,6,December,02:09:00,2,1,1,30
201501BS70759,-0.184172,51.480858,3,2,1,2015-12-18,6,December,00:03:00,0,1,1,30
201501BS70760,-0.179606,51.497873,3,2,1,2015-12-13,1,December,15:20:00,15,1,1,30
201501BS70761,-0.176224,51.481544,3,2,1,2015-12-17,5,December,11:50:00,11,1,1,30
201501BS70762,-0.167648,51.49427,3,1,1,2015-12-19,7,December,23:01:00,23,1,1,30
201501BS70764,-0.221874,51.522352,3,1,1,2015-12-21,2,December,19:50:00,19,1,1,30
201501BS70765,-0.194468,51.497294,3,2,1,2015-12-22,3,December,18:10:00,18,1,1,30
201501BS70766,-0.169743,51.488727,3,2,1,2015-12-10,5,December,18:50:00,18,1,1,30
201501BS70767,-0.181821,51.489275,3,2,1,2015-12-23,4,December,17:00:00,17,1,1,30
201501BS70768,-0.195136,51.487682,3,2,1,2015-12-23,4,December,11:50:00,11,1,1,30
201501BS70769,-0.198871,51.49889,3,1,1,2015-12-24,5,December,14:39:00,14,1,1,30
201501BS70770,-0.19859,51.498706,3,2,1,2015-12-25,6,December,21:00:00,21,1,1,30
201501BS70771,-0.161008,51.491019,3,2,1,2015-12-27,1,December,17:30:00,17,1,1,30
201501BS70772,-0.183298,51.481115,2,2,1,2015-12-28,2,December,00:56:00,0,1,1,30
201501BS70773,-0.201344,51.498299,3,2,1,2015-12-28,2,December,17:00:00,17,8,2,30
201501BS70774,-0.215514,51.508047,3,2,1,2015-12-29,3,December,14:20:00,14,1,1,30
201501BS70775,-0.167361,51.483474,3,2,1,2015-12-30,4,December,01:30:00,1,8,2,30
201501BS70776,-0.18113,51.488545,3,3,1,2015-12-27,1,December,13:45:00,13,1,1,30
201501BS70777,-0.159991,51.501974,3,1,1,2015-12-20,1,December,16:20:00,16,1,1,30
201501BS70778,-0.181693,51.481629,3,2,1,2015-12-23,4,December,11:30:00,11,1,1,30
201501BS70779,-0.177628,51.486062,3,2,1,2015-12-31,5,December,16:00:00,16,1,1,30
201501BS70790,-0.205256,51.516074,3,2,1,2015-12-29,3,December,12:48:00,12,1,1,30
201501BS70791,-0.182747,51.494955,3,1,1,2015-12-21,2,December,05:10:00,5,1,1,30
201501BS70792,-0.184116,51.485893,3,1,1,2015-12-30,4,December,10:35:00,10,1,1,30
201501BS70801,-0.179134,51.495258,3,2,2,2015-12-01,3,December,10:35:00,10,1,1,30
201501CP00001,-0.096502,51.514539,3,2,1,2015-01-23,6,January,08:45:00,8,1,1,30
201501CP00002,-0.088481,51.509912,3,2,2,2015-02-16,2,February,20:14:00,20,1,1,40
201501CP00003,-0.088637,51.513062,3,1,1,2015-01-23,6,January,12:38:00,12,1,1,30
201501CP00004,-0.104948,51.515935,3,2,1,2015-01-22,5,January,10:05:00,10,1,1,30
201501CP00005,-0.102945,51.51905,3,2,1,2015-01-05,2,January,00:02:00,0,1,1,30
201501CP00006,-0.081489,51.511687,3,2,1,2015-01-26,2,January,17:25:00,17,1,1,30
201501CP00007,-0.079765,51.518403,2,1,1,2015-01-31,7,January,23:20:00,23,1,1,30
201501CP00008,-0.09679,51.514544,3,1,1,2015-01-23,6,January,16:00:00,16,1,1,30
201501CP00009,-0.08523,51.511838,3,1,1,2015-01-25,1,January,07:30:00,7,1,1,30
201501CP00010,-0.100631,51.515775,3,2,1,2015-01-23,6,January,06:45:00,6,1,1,30
201501CP00011,-0.086859,51.510785,3,2,1,2015-01-27,3,January,17:18:00,17,1,1,30
201501CP00012,-0.079773,51.518223,3,1,1,2015-01-18,1,January,11:20:00,11,1,1,30
201501CP00013,-0.079917,51.518225,3,2,1,2015-01-22,5,January,16:51:00,16,1,1,30
201501CP00014,-0.08014,51.509506,3,2,1,2015-01-20,3,January,14:47:00,14,1,1,40
201501CP00015,-0.104568,51.51467,3,2,1,2015-01-08,5,January,14:45:00,14,1,1,30
201501CP00016,-0.104734,51.514133,3,2,1,2015-01-21,4,January,23:01:00,23,1,1,30
201501CP00017,-0.094144,51.512343,2,2,1,2015-01-28,4,January,18:16:00,18,1,1,30
201501CP00018,-0.094938,51.517481,3,2,1,2015-01-19,2,January,07:25:00,7,1,1,40
201501CP00019,-0.100775,51.515777,2,1,2,2015-01-12,2,January,16:55:00,16,2,2,30
201501CP00020,-0.097426,51.520039,3,2,1,2015-01-16,6,January,19:39:00,19,1,1,30
201501CP00021,-0.079769,51.518313,3,1,1,2015-01-18,1,January,02:05:00,2,1,1,30
201501CP00022,-0.088893,51.517293,3,1,1,2015-01-16,6,January,11:45:00,11,1,1,30
201501CP00023,-0.0932,51.510798,3,1,1,2015-01-14,4,January,17:53:00,17,1,1,40
201501CP00024,-0.097217,51.511223,3,2,1,2015-01-19,2,January,16:40:00,16,1,1,50
201501CP00025,-0.083824,51.514423,3,2,1,2015-01-16,6,January,12:10:00,12,1,1,30
201501CP00026,-0.08312,51.517468,2,1,1,2015-01-08,5,January,12:03:00,12,1,2,30
201501CP00027,-0.089634,51.513348,3,1,1,2015-01-08,5,January,23:25:00,23,1,1,30
201501CP00028,-0.102701,51.511042,3,2,1,2015-01-08,5,January,08:38:00,8,1,1,40
201501CP00029,-0.092692,51.512589,3,2,1,2015-01-06,3,January,08:57:00,8,1,1,30
201501CP00030,-0.078555,51.50948,3,2,1,2015-01-08,5,January,13:18:00,13,1,1,30
201501CP00031,-0.105309,51.517649,3,2,1,2015-01-08,5,January,08:30:00,8,1,1,30
201501CP00032,-0.103049,51.516534,3,2,1,2015-01-02,6,January,18:46:00,18,1,1,40
201501CP00033,-0.088344,51.50973,3,2,1,2015-02-04,4,February,22:31:00,22,1,1,50
201501CP00034,-0.088752,51.517201,3,2,1,2015-02-04,4,February,10:25:00,10,9,1,30
201501CP00035,-0.0932,51.510798,2,2,1,2015-02-03,3,February,08:50:00,8,1,1,30
201501CP00036,-0.107913,51.517421,3,2,1,2015-02-06,6,February,01:00:00,1,1,2,30
201501CP00037,-0.08523,51.511838,3,2,1,2015-02-11,4,February,17:25:00,17,1,1,30
201501CP00038,-0.085856,51.514096,3,2,1,2015-02-07,7,February,20:15:00,20,1,1,30
201501CP00039,-0.079355,51.511022,3,2,1,2015-02-11,4,February,07:58:00,7,1,1,30
201501CP00040,-0.07693,51.51386,2,2,1,2015-02-11,4,February,07:47:00,7,9,1,30
201501CP00041,-0.080723,51.509336,2,3,1,2015-02-10,3,February,07:25:00,7,1,1,50
201501CP00042,-0.104107,51.511875,3,2,1,2015-02-10,3,February,17:55:00,17,1,1,30
201501CP00043,-0.092545,51.512676,3,1,1,2015-02-13,6,February,01:00:00,1,1,1,30
201501CP00044,-0.083414,51.510459,3,1,1,2015-02-05,5,February,14:15:00,14,1,1,30
201501CP00045,-0.093786,51.517462,3,2,1,2015-02-13,6,February,06:14:00,6,1,1,50
201501CP00046,-0.08523,51.511838,3,2,1,2015-02-12,5,February,13:25:00,13,1,1,30
201501CP00047,-0.078962,51.520368,3,1,1,2015-02-12,5,February,15:10:00,15,1,1,30
201501CP00048,-0.087336,51.509714,2,1,2,2015-02-24,3,February,10:36:00,10,1,1,40
201501CP00049,-0.097636,51.515007,3,1,1,2015-02-21,7,February,13:53:00,13,1,1,30
201501CP00050,-0.104366,51.512598,3,2,1,2015-02-16,2,February,13:23:00,13,1,1,30
201501CP00051,-0.093646,51.51737,3,1,2,2015-02-07,7,February,12:45:00,12,1,1,50
201501CP00052,-0.104581,51.510893,3,2,1,2015-02-20,6,February,09:30:00,9,1,1,50
201501CP00053,-0.088213,51.512875,3,1,1,2015-02-24,3,February,17:57:00,17,1,2,30
201501CP00054,-0.090726,51.514805,3,1,1,2015-02-03,3,February,08:40:00,8,1,1,30
201501CP00055,-0.091295,51.514994,3,1,1,2015-02-24,3,February,15:50:00,15,1,1,30
201501CP00056,-0.084612,51.512817,3,1,1,2015-02-26,5,February,23:05:00,23,1,1,30
201501CP00057,-0.0889,51.517113,3,1,1,2015-03-28,7,March,22:22:00,22,1,1,30
201501CP00058,-0.107614,51.517686,3,2,1,2015-02-25,4,February,19:50:00,19,1,1,30
201501CP00059,-0.080376,51.517603,3,1,1,2015-02-28,7,February,21:35:00,21,2,2,30
201501CP00060,-0.081736,51.516097,2,1,1,2015-02-12,5,February,17:25:00,17,1,1,30
201501CP00061,-0.098713,51.516823,3,2,1,2015-03-07,7,March,11:45:00,11,9,1,30
201501CP00062,-0.090478,51.510394,3,2,1,2015-03-03,3,March,08:40:00,8,1,1,40
201501CP00063,-0.09699,51.520122,3,2,1,2015-03-10,3,March,10:00:00,10,1,1,30
201501CP00064,-0.093203,51.510709,3,2,1,2015-03-05,5,March,19:07:00,19,1,1,30
201501CP00065,-0.106319,51.514158,3,2,1,2015-03-13,6,March,11:20:00,11,1,1,30
201501CP00066,-0.106393,51.512361,3,1,1,2015-03-04,4,March,11:00:00,11,1,1,30
201501CP00067,-0.097671,51.517615,3,1,1,2015-03-16,2,March,05:35:00,5,2,2,30
201501CP00068,-0.100487,51.515773,3,2,1,2015-03-24,3,March,17:46:00,17,1,1,30
201501CP00069,-0.102535,51.518504,3,2,1,2015-03-28,7,March,07:00:00,7,1,1,30
201501CP00070,-0.100631,51.515775,3,2,1,2015-03-26,5,March,15:00:00,15,1,1,30
201501CP00071,-0.086791,51.512403,3,1,1,2015-03-30,2,March,08:30:00,8,1,1,30
201501CP00072,-0.085381,51.51166,3,1,2,2015-03-19,5,March,08:22:00,8,1,1,30
201501CP00073,-0.104347,51.513047,3,2,1,2015-03-31,3,March,17:30:00,17,1,1,30
201501CP00074,-0.083081,51.511533,3,1,1,2015-03-31,3,March,13:23:00,13,1,1,30
201501CP00075,-0.087995,51.507746,2,1,1,2015-03-27,6,March,02:20:00,2,1,1,30
201501CP00078,-0.078411,51.509478,3,2,2,2015-03-22,1,March,06:11:00,6,1,1,40
201501CP00079,-0.075372,51.509788,3,1,1,2015-03-29,1,March,11:45:00,11,5,2,40
201501CP00080,-0.081489,51.511687,3,2,1,2015-03-26,5,March,09:00:00,9,1,1,30
201501CP00081,-0.087093,51.518972,3,2,1,2015-03-26,5,March,23:00:00,23,1,1,30
201501CP00082,-0.089218,51.516399,3,2,1,2015-03-26,5,March,09:48:00,9,1,2,30
201501CP00083,-0.082296,51.509631,3,1,1,2015-03-26,5,March,09:07:00,9,2,2,30
201501CP00084,-0.089718,51.514788,3,2,1,2015-03-24,3,March,09:10:00,9,1,1,30
201501CP00086,-0.104446,51.514128,3,2,1,2015-04-25,7,April,06:00:00,6,1,1,30
201501CP00087,-0.078707,51.51272,3,2,1,2015-04-24,6,April,13:58:00,13,1,1,30
201501CP00088,-0.078788,51.521085,2,2,1,2015-04-30,5,April,10:04:00,10,1,1,30
201501CP00089,-0.079359,51.510932,3,1,1,2015-04-30,5,April,15:30:00,15,1,1,30
201501CP00090,-0.090478,51.510394,3,2,1,2015-04-14,3,April,09:40:00,9,1,1,50
201501CP00091,-0.102269,51.511035,3,2,1,2015-04-22,4,April,17:56:00,17,1,1,50
201501CP00092,-0.073128,51.511729,2,2,1,2015-04-23,5,April,18:42:00,18,1,1,30
201501CP00093,-0.105309,51.517649,3,2,1,2015-04-15,4,April,09:00:00,9,1,1,30
201501CP00094,-0.083828,51.514333,3,2,1,2015-04-22,4,April,08:55:00,8,1,1,30
201501CP00095,-0.083085,51.51486,3,2,1,2015-04-29,4,April,18:35:00,18,1,1,30
201501CP00096,-0.100717,51.513708,3,1,1,2015-04-27,2,April,21:15:00,21,1,1,30
201501CP00097,-0.084052,51.515865,3,1,1,2015-04-30,5,April,22:15:00,22,1,1,30
201501CP00098,-0.0968,51.517781,3,2,1,2015-04-07,3,April,18:07:00,18,1,1,30
201501CP00099,-0.103524,51.512045,3,2,1,2015-04-15,4,April,13:45:00,13,9,1,30
201501CP00100,-0.096574,51.512832,3,1,1,2015-04-08,4,April,16:24:00,16,1,1,30
201501CP00101,-0.088169,51.50703,3,1,1,2015-04-17,6,April,22:20:00,22,1,1,40
201501CP00102,-0.108609,51.511048,3,5,3,2015-04-15,4,April,10:38:00,10,1,1,50
201501CP00103,-0.076475,51.514392,3,1,1,2015-04-22,4,April,12:10:00,12,1,1,30
201501CP00104,-0.091198,51.510406,3,1,1,2015-04-22,4,April,10:05:00,10,1,1,40
201501CP00105,-0.079355,51.511022,3,2,1,2015-04-28,3,April,08:00:00,8,1,1,30
201501CP00106,-0.097232,51.517788,3,2,1,2015-04-28,3,April,18:16:00,18,1,1,30
201501CP00108,-0.089774,51.51344,3,1,1,2015-04-22,4,April,14:48:00,14,1,1,30
201501CP00109,-0.096815,51.517422,3,2,1,2015-04-17,6,April,17:38:00,17,1,1,30
201501CP00110,-0.090434,51.51489,3,2,1,2015-04-10,6,April,17:00:00,17,1,1,30
201501CP00111,-0.091211,51.513554,3,2,1,2015-04-23,5,April,11:44:00,11,1,1,30
201501CP00112,-0.08843,51.518005,3,2,1,2015-04-17,6,April,19:45:00,19,1,1,30
201501CP00113,-0.080978,51.516984,3,2,1,2015-04-16,5,April,16:58:00,16,1,1,30
201501CP00114,-0.108321,51.511043,3,2,1,2015-04-08,4,April,18:41:00,18,1,1,50
201501CP00115,-0.100631,51.515775,3,2,1,2015-04-09,5,April,20:50:00,20,1,1,30
201501CP00116,-0.105309,51.517649,3,2,1,2015-04-09,5,April,18:55:00,18,1,1,30
201501CP00117,-0.074315,51.507522,3,2,1,2015-04-05,1,April,15:10:00,15,1,1,40
201501CP00118,-0.104446,51.514128,3,2,4,2015-03-23,2,March,15:29:00,15,1,1,30
201501CP00119,-0.079106,51.52037,3,2,1,2015-04-03,6,April,12:18:00,12,1,1,30
201501CP00120,-0.101912,51.516155,3,1,2,2015-04-03,6,April,06:03:00,6,2,2,30
201501CP00121,-0.088505,51.51279,3,2,1,2015-04-07,3,April,10:50:00,10,1,1,30
201501CP00122,-0.080852,51.509698,3,2,1,2015-05-18,2,May,19:20:00,19,1,1,30
201501CP00123,-0.097329,51.515452,2,1,1,2015-05-18,2,May,17:05:00,17,1,1,30
201501CP00124,-0.089722,51.514699,3,2,1,2015-05-05,3,May,12:15:00,12,1,1,30
201501CP00125,-0.089037,51.517295,3,1,1,2015-05-18,2,May,08:35:00,8,1,1,30
201501CP00126,-0.104584,51.510803,3,2,1,2015-05-18,2,May,08:30:00,8,8,2,40
201501CP00127,-0.099905,51.51936,2,1,1,2015-05-20,4,May,09:10:00,9,1,1,30
201501CP00128,-0.078886,51.515331,3,1,1,2015-05-28,5,May,07:29:00,7,1,1,30
201501CP00129,-0.100631,51.515775,3,2,1,2015-05-13,4,May,17:46:00,17,1,1,30
201501CP00130,-0.08648,51.50952,3,1,1,2015-05-18,2,May,08:40:00,8,1,1,40
201501CP00131,-0.101628,51.516061,3,2,1,2015-05-11,2,May,07:30:00,7,1,1,30
201501CP00132,-0.087424,51.511064,2,2,1,2015-05-23,7,May,14:15:00,14,1,1,30
201501CP00133,-0.08662,51.509612,2,2,1,2015-05-15,6,May,21:00:00,21,1,1,40
201501CP00134,-0.096934,51.514546,3,2,1,2015-05-20,4,May,21:50:00,21,1,1,30
201501CP00135,-0.080428,51.509511,3,1,1,2015-05-05,3,May,12:22:00,12,1,1,30
201501CP00136,-0.097314,51.515811,2,1,1,2015-05-21,5,May,21:55:00,21,1,1,30
201501CP00137,-0.080978,51.516984,3,2,1,2015-05-30,7,May,15:35:00,15,1,1,30
201501CP00138,-0.091639,51.513651,3,2,1,2015-05-27,4,May,10:23:00,10,1,1,30
201501CP00139,-0.09963,51.515579,3,1,1,2015-05-20,4,May,12:30:00,12,1,1,30
201501CP00140,-0.074315,51.514357,3,1,1,2015-05-09,7,May,01:05:00,1,9,1,30
201501CP00141,-0.089218,51.516399,3,1,1,2015-05-18,2,May,09:30:00,9,1,1,30
201501CP00142,-0.088487,51.506315,3,1,1,2015-05-16,7,May,15:25:00,15,1,1,40
201501CP00143,-0.088344,51.50973,3,3,1,2015-05-23,7,May,08:33:00,8,1,1,40
201501CP00144,-0.079917,51.518225,2,1,1,2015-05-05,3,May,08:55:00,8,1,1,30
201501CP00145,-0.104878,51.514135,3,1,1,2015-05-30,7,May,10:30:00,10,1,1,30
201501CP00146,-0.083941,51.511637,3,2,1,2015-05-20,4,May,18:20:00,18,9,1,30
201501CP00147,-0.08597,51.514817,3,1,1,2015-05-12,3,May,16:00:00,16,1,1,30
201501CP00148,-0.079848,51.509591,3,2,2,2015-05-16,7,May,17:52:00,17,1,1,30
201501CP00149,-0.104369,51.512508,3,2,1,2015-05-15,6,May,15:15:00,15,1,1,30
201501CP00150,-0.10319,51.516626,3,2,1,2015-05-15,6,May,06:16:00,6,1,1,30
201501CP00151,-0.0932,51.510798,3,2,1,2015-05-11,2,May,07:45:00,7,1,1,40
201501CP00152,-0.083941,51.511637,3,1,1,2015-05-08,6,May,17:35:00,17,1,1,30
201501CP00153,-0.081551,51.517083,3,2,1,2015-05-08,6,May,17:50:00,17,1,1,30
201501CP00154,-0.085378,51.51175,3,1,1,2015-05-06,4,May,07:05:00,7,1,1,30
201501CP00155,-0.086887,51.51699,2,2,1,2015-05-01,6,May,20:21:00,20,1,1,30
201501CP00156,-0.089714,51.514878,3,2,1,2015-05-07,5,May,08:05:00,8,1,1,30
201501CP00157,-0.083597,51.516397,3,1,2,2015-05-03,1,May,17:00:00,17,1,1,40
201501CP00158,-0.087822,51.51188,3,1,1,2015-05-31,1,May,08:45:00,8,1,1,30
201501CP00159,-0.102675,51.518596,3,1,1,2015-03-25,4,March,08:48:00,8,1,1,30
201501CP00161,-0.089058,51.513339,3,2,1,2015-04-07,3,April,09:50:00,9,1,1,30
201501CP00163,-0.076073,51.513666,3,3,1,2015-06-15,2,June,12:30:00,12,1,1,30
201501CP00164,-0.088896,51.517203,2,1,1,2015-06-30,3,June,08:38:00,8,1,1,30
201501CP00165,-0.089965,51.515782,3,2,1,2015-06-22,2,June,10:30:00,10,1,1,30
201501CP00167,-0.104373,51.512418,3,1,2,2015-06-27,7,June,18:04:00,18,1,1,40
201501CP00168,-0.092859,51.512052,3,2,1,2015-06-24,4,June,07:45:00,7,1,1,30
201501CP00169,-0.100631,51.515775,3,2,1,2015-06-23,3,June,07:27:00,7,1,1,30
201501CP00170,-0.080152,51.516071,3,1,1,2015-07-27,2,July,10:05:00,10,1,1,30
201501CP00171,-0.098487,51.511873,3,1,1,2015-06-29,2,June,14:35:00,14,1,1,30
201501CP00172,-0.096674,51.51733,3,2,1,2015-06-24,4,June,18:43:00,18,1,1,30
201501CP00173,-0.113789,51.518235,3,2,1,2015-06-24,4,June,08:47:00,8,1,1,30
201501CP00174,-0.092775,51.520953,3,2,1,2015-06-15,2,June,08:55:00,8,1,1,30
201501CP00175,-0.10459,51.51413,3,2,1,2015-06-08,2,June,13:15:00,13,1,1,30
201501CP00176,-0.102125,51.511033,3,2,1,2015-06-03,4,June,08:20:00,8,1,1,40
201501CP00177,-0.09334,51.510891,3,2,1,2015-06-21,1,June,13:31:00,13,1,1,40
201501CP00178,-0.074792,51.509868,3,1,1,2015-06-23,3,June,18:30:00,18,1,1,30
201501CP00179,-0.080852,51.509698,3,1,1,2015-06-19,6,June,01:55:00,1,1,1,30
201501CP00180,-0.108321,51.511043,3,2,1,2015-06-23,3,June,08:50:00,8,1,1,40
201501CP00181,-0.089058,51.513339,1,2,1,2015-06-22,2,June,08:59:00,8,1,1,30
201501CP00182,-0.08662,51.509612,3,2,1,2015-06-15,2,June,08:20:00,8,1,1,40
201501CP00183,-0.09679,51.514544,3,2,2,2015-06-21,1,June,20:15:00,20,1,1,30
201501CP00184,-0.081392,51.520857,3,2,1,2015-06-19,6,June,17:01:00,17,1,1,30
201501CP00185,-0.108177,51.511041,3,2,3,2015-06-23,3,June,08:17:00,8,1,1,40
201501CP00186,-0.102413,51.511038,3,2,1,2015-06-01,2,June,17:52:00,17,1,1,40
201501CP00187,-0.081736,51.516097,3,2,1,2015-06-23,3,June,07:15:00,7,1,1,40
201501CP00188,-0.075376,51.509698,3,2,4,2015-06-10,4,June,18:46:00,18,1,1,40
201501CP00189,-0.11109,51.513786,3,2,1,2015-06-05,6,June,00:41:00,0,1,1,30
201501CP00190,-0.080523,51.517516,3,2,1,2015-06-08,2,June,08:40:00,8,1,1,30
201501CP00191,-0.09757,51.520042,3,2,2,2015-06-07,1,June,07:00:00,7,1,1,30
201501CP00192,-0.109583,51.51538,3,2,1,2015-06-03,4,June,16:15:00,16,1,1,30
201501CP00193,-0.104104,51.511964,3,2,1,2015-06-03,4,June,08:35:00,8,1,1,30
201501CP00194,-0.096151,51.516062,2,1,1,2015-06-01,2,June,09:40:00,9,1,1,30
201501CP00195,-0.103573,51.517801,2,1,1,2015-06-02,3,June,23:21:00,23,1,1,30
201501CP00196,-0.093196,51.510888,3,2,1,2015-07-18,7,July,12:00:00,12,1,1,40
201501CP00198,-0.093056,51.510796,3,2,1,2015-07-28,3,July,02:25:00,2,1,1,40
201501CP00199,-0.096934,51.514546,2,2,1,2015-07-17,6,July,18:40:00,18,1,1,30
201501CP00200,-0.105309,51.517649,3,2,1,2015-07-14,3,July,18:50:00,18,1,1,30
201501CP00201,-0.10194,51.512019,3,2,1,2015-07-22,4,July,11:10:00,11,1,1,40
201501CP00202,-0.108037,51.510949,3,2,1,2015-07-20,2,July,17:45:00,17,1,1,40
201501CP00203,-0.080485,51.514997,3,2,1,2015-07-24,6,July,13:16:00,13,1,1,30
201501CP00204,-0.103049,51.516534,3,2,1,2015-07-23,5,July,07:20:00,7,1,1,30
201501CP00205,-0.083601,51.516307,3,2,1,2015-07-28,3,July,22:20:00,22,1,1,30
201501CP00207,-0.091339,51.52084,2,1,1,2015-07-31,6,July,09:45:00,9,1,1,30
201501CP00208,-0.08648,51.50952,3,1,1,2015-07-17,6,July,16:30:00,16,1,1,40
201501CP00209,-0.090714,51.511657,3,1,3,2015-08-16,1,August,08:32:00,8,1,1,30
201501CP00210,-0.085855,51.510679,3,1,1,2015-07-20,2,July,18:05:00,18,1,1,30
201501CP00211,-0.085599,51.51679,2,2,1,2015-07-30,5,July,19:25:00,19,1,1,30
201501CP00212,-0.080284,51.509509,3,2,1,2015-07-20,2,July,08:12:00,8,1,1,40
201501CP00213,-0.07607,51.513756,3,2,1,2015-07-03,6,July,11:28:00,11,1,1,30
201501CP00214,-0.07607,51.513756,3,2,1,2015-07-16,5,July,11:42:00,11,1,1,30
201501CP00215,-0.093196,51.510888,3,2,1,2015-07-16,5,July,15:00:00,15,1,1,40
201501CP00216,-0.08044,51.516076,3,1,1,2015-07-07,3,July,16:30:00,16,1,1,30
201501CP00217,-0.086999,51.510877,3,2,1,2015-07-06,2,July,19:08:00,19,1,1,30
201501CP00218,-0.092343,51.510605,3,2,1,2015-07-06,2,July,11:33:00,11,1,1,40
201501CP00219,-0.097815,51.517618,2,2,1,2015-07-07,3,July,21:37:00,21,1,1,30
201501CP00220,-0.081266,51.516989,3,1,1,2015-07-02,5,July,08:37:00,8,1,1,30
201501CP00221,-0.079166,51.515515,3,1,1,2015-07-01,4,July,14:19:00,14,1,1,30
201501CP00222,-0.099617,51.519356,3,3,2,2015-07-04,7,July,01:40:00,1,1,1,30
201501CP00223,-0.097076,51.518055,3,2,2,2015-07-12,1,July,19:55:00,19,1,1,40
201501CP00224,-0.086571,51.51078,3,2,1,2015-07-09,5,July,07:08:00,7,1,1,30
201501CP00225,-0.087955,51.512152,3,2,1,2015-07-17,6,July,09:50:00,9,1,1,30
201501CP00226,-0.096461,51.515528,3,1,1,2015-07-17,6,July,16:45:00,16,1,1,30
201501CP00227,-0.080523,51.517516,3,1,1,2015-07-17,6,July,01:00:00,1,1,1,30
201501CP00229,-0.107614,51.517686,3,2,1,2015-07-10,6,July,19:00:00,19,1,1,30
201501CP00231,-0.092343,51.510605,2,2,1,2015-05-07,5,May,09:40:00,9,9,1,30
201501CP00232,-0.085692,51.511126,3,2,1,2015-06-13,7,June,16:05:00,16,1,1,30
201501CP00233,-0.074463,51.514269,2,2,1,2015-08-05,4,August,09:55:00,9,1,1,30
201501CP00234,-0.080575,51.509423,2,1,1,2015-08-22,7,August,13:52:00,13,1,1,40
201501CP00235,-0.080527,51.517426,3,1,1,2015-08-29,7,August,20:20:00,20,1,1,30
201501CP00236,-0.109228,51.516993,3,1,2,2015-08-19,4,August,12:15:00,12,1,1,20
201501CP00237,-0.107899,51.514274,3,1,1,2015-08-14,6,August,16:50:00,16,1,1,20
201501CP00238,-0.101717,51.513904,3,2,1,2015-08-26,4,August,19:28:00,19,1,1,20
201501CP00239,-0.088505,51.51279,3,2,1,2015-08-18,3,August,06:08:00,6,1,1,20
201501CP00240,-0.100849,51.51398,3,1,1,2015-08-23,1,August,17:10:00,17,1,1,20
201501CP00241,-0.097271,51.520307,3,2,1,2015-08-20,5,August,17:10:00,17,1,1,20
201501CP00242,-0.087743,51.513767,3,1,2,2015-08-24,2,August,17:16:00,17,1,1,20
201501CP00243,-0.100288,51.513611,3,1,1,2015-08-06,5,August,12:00:00,12,1,1,30
201501CP00244,-0.10459,51.51413,3,2,1,2015-08-18,3,August,17:25:00,17,1,1,30
201501CP00245,-0.108335,51.514191,3,1,2,2015-08-06,5,August,19:37:00,19,1,1,30
201501CP00246,-0.089421,51.511546,2,1,1,2015-08-19,4,August,08:28:00,8,1,1,30
201501CP00247,-0.094501,51.514147,3,1,1,2015-08-18,3,August,23:52:00,23,1,1,30
201501CP00248,-0.0932,51.510798,3,2,1,2015-08-07,6,August,20:20:00,20,1,1,30
201501CP00249,-0.094789,51.514152,3,2,1,2015-08-10,2,August,22:10:00,22,1,1,20
201501CP00250,-0.078632,51.521352,3,2,3,2015-08-01,7,August,03:00:00,3,2,2,20
201501CP00251,-0.094497,51.514237,3,2,1,2015-08-09,1,August,08:02:00,8,1,1,20
201501CP00252,-0.104158,51.514123,3,2,1,2015-08-01,7,August,08:40:00,8,1,1,20
201501CP00253,-0.087671,51.512057,3,1,1,2015-08-10,2,August,13:10:00,13,1,1,20
201501CP00254,-0.079167,51.518933,3,2,1,2015-08-08,7,August,14:30:00,14,1,1,20
201501CP00255,-0.08949,51.513346,3,2,1,2015-08-06,5,August,11:29:00,11,1,1,20
201501CP00256,-0.0932,51.510798,3,2,1,2015-07-11,7,July,00:10:00,0,1,1,30
201501CP00257,-0.08834,51.506403,3,1,1,2015-07-01,4,July,06:15:00,6,1,1,20
201501CP00258,-0.089867,51.518118,3,2,1,2015-07-01,4,July,16:24:00,16,1,1,20
201501CP00259,-0.087136,51.511059,2,3,1,2015-10-02,6,October,08:30:00,8,1,1,20
201501CP00260,-0.08823,51.51935,3,1,1,2015-09-30,4,September,23:25:00,23,1,1,20
201501CP00261,-0.104587,51.51422,3,1,1,2015-09-27,1,September,10:55:00,10,1,1,20
201501CP00262,-0.078954,51.520548,3,2,1,2015-09-21,2,September,07:36:00,7,1,1,20
201501CP00263,-0.084158,51.513349,3,1,1,2015-09-21,2,September,08:50:00,8,1,1,20
201501CP00264,-0.087545,51.511606,3,2,1,2015-09-22,3,September,09:00:00,9,2,2,20
201501CP00265,-0.078855,51.512633,3,1,2,2015-09-28,2,September,09:00:00,9,1,1,30
201501CP00266,-0.083941,51.511637,3,2,1,2015-09-16,4,September,10:30:00,10,1,1,20
201501CP00267,-0.09803,51.522837,3,2,1,2015-09-17,5,September,08:47:00,8,2,2,20
201501CP00268,-0.074633,51.506808,3,2,1,2015-09-22,3,September,04:28:00,4,1,1,20
201501CP00269,-0.095573,51.512636,3,2,1,2015-09-10,5,September,08:05:00,8,1,1,20
201501CP00270,-0.096527,51.517417,2,1,1,2015-09-12,7,September,09:20:00,9,1,1,20
201501CP00271,-0.081596,51.516005,3,1,1,2015-09-10,5,September,18:45:00,18,1,1,20
201501CP00272,-0.101865,51.513817,3,1,2,2015-09-08,3,September,18:45:00,18,1,1,20
201501CP00273,-0.080383,51.517424,3,1,1,2015-09-07,2,September,13:27:00,13,1,1,20
201501CP00274,-0.108609,51.511048,3,2,1,2015-09-07,2,September,21:00:00,21,2,2,30
201501CP00275,-0.080982,51.516894,3,1,1,2015-09-06,1,September,14:20:00,14,1,1,20
201501CP00276,-0.083828,51.514333,3,1,1,2015-09-08,3,September,16:54:00,16,1,1,30
201501CP00277,-0.107754,51.517779,3,2,1,2015-09-10,5,September,16:40:00,16,1,1,30
201501CP00278,-0.0932,51.510798,3,1,1,2015-09-08,3,September,16:55:00,16,1,1,30
201501CP00279,-0.094568,51.512529,3,2,1,2015-10-09,6,October,16:00:00,16,1,1,20
201501CP00280,-0.089195,51.513521,2,1,1,2015-10-11,1,October,17:00:00,17,1,1,20
201501CP00281,-0.103049,51.516534,3,2,1,2015-10-13,3,October,06:10:00,6,1,1,20
201501CP00282,-0.103137,51.51096,3,2,1,2015-10-14,4,October,16:45:00,16,1,1,30
201501CP00283,-0.082183,51.515745,3,2,1,2015-10-11,1,October,00:01:00,0,1,1,20
201501CP00284,-0.091195,51.510496,3,2,1,2015-10-12,2,October,08:30:00,8,1,1,20
201501CP00285,-0.093786,51.517462,3,2,1,2015-10-07,4,October,09:15:00,9,1,1,20
201501CP00286,-0.081732,51.516187,3,2,1,2015-10-05,2,October,17:43:00,17,1,1,20
201501CP00287,-0.095713,51.512728,3,1,1,2015-09-23,4,September,14:45:00,14,1,1,30
201501CP00288,-0.111632,51.518111,2,2,1,2015-09-29,3,September,12:10:00,12,1,1,30
201501CP00289,-0.109491,51.51412,3,2,1,2015-10-03,7,October,06:02:00,6,1,1,20
201501CP00290,-0.093356,51.513948,3,2,1,2015-10-01,5,October,22:05:00,22,1,1,20
201501CP00291,-0.079917,51.518225,3,1,1,2015-10-08,5,October,18:45:00,18,1,1,20
201501CP00293,-0.099579,51.51333,3,1,1,2015-10-17,7,October,16:23:00,16,1,1,20
201501CW10001,-0.139637,51.4923,3,1,1,2015-01-12,2,January,11:00:00,11,1,1,30
201501CW10002,-0.131538,51.489564,3,1,1,2015-01-12,2,January,17:25:00,17,2,2,30
201501CW10003,-0.133536,51.511178,3,2,1,2015-01-12,2,January,22:20:00,22,2,2,30
201501CW10004,-0.131619,51.512226,3,1,1,2015-01-13,3,January,00:29:00,0,1,1,30
201501CW10005,-0.133381,51.514952,3,1,1,2015-01-09,6,January,09:50:00,9,1,1,30
201501CW10006,-0.127933,51.507221,3,2,1,2015-01-13,3,January,10:11:00,10,1,1,30
201501CW10007,-0.177523,51.532012,3,1,1,2015-01-13,3,January,10:41:00,10,1,2,30
201501CW10010,-0.161864,51.516301,3,2,1,2015-01-13,3,January,16:25:00,16,1,1,30
201501CW10011,-0.128488,51.511277,3,1,1,2015-01-13,3,January,21:28:00,21,1,1,30
201501CW10012,-0.162862,51.512989,3,2,1,2015-01-14,4,January,07:07:00,7,1,1,30
201501CW10013,-0.150595,51.52053,3,1,1,2015-01-14,4,January,12:10:00,12,1,1,30
201501CW10015,-0.147329,51.51931,3,1,1,2015-01-14,4,January,11:30:00,11,1,1,30
201501CW10016,-0.118901,51.509595,2,3,2,2015-01-14,4,January,07:25:00,7,1,1,30
201501CW10017,-0.137895,51.492632,3,2,1,2015-01-14,4,January,17:30:00,17,1,1,30
201501CW10018,-0.174843,51.523338,3,2,1,2015-01-13,3,January,14:35:00,14,2,2,30
201501CW10019,-0.152758,51.524071,3,1,1,2015-01-15,5,January,13:58:00,13,1,1,30
201501CW10020,-0.161274,51.513054,3,2,1,2015-01-15,5,January,11:00:00,11,1,2,30
201501CW10021,-0.17479,51.503014,2,1,1,2015-01-15,5,January,15:09:00,15,1,1,30
201501CW10023,-0.173867,51.522513,3,2,1,2015-01-18,1,January,21:00:00,21,1,1,30
201501CW10026,-0.174288,51.52279,3,2,1,2015-01-18,1,January,19:00:00,19,1,1,30
201501CW10027,-0.197664,51.525849,3,2,2,2015-01-18,1,January,19:40:00,19,1,2,30
201501CW10029,-0.131553,51.510337,3,1,1,2015-01-17,7,January,02:48:00,2,1,1,30
201501CW10030,-0.178628,51.526005,3,1,1,2015-01-18,1,January,16:30:00,16,1,1,30
201501CW10031,-0.175099,51.534942,3,2,1,2015-01-17,7,January,22:40:00,22,2,2,30
201501CW10032,-0.139741,51.493291,3,1,1,2015-01-08,5,January,08:20:00,8,2,2,30
201501CW10034,-0.166534,51.525636,3,2,1,2015-01-09,6,January,06:47:00,6,1,2,30
201501CW10036,-0.152372,51.515792,3,2,1,2015-01-09,6,January,08:07:00,8,1,1,30
201501CW10037,-0.203321,51.524947,3,2,1,2015-01-19,2,January,07:45:00,7,1,1,30
201501CW10038,-0.173535,51.51999,3,1,1,2015-01-19,2,January,08:40:00,8,1,2,40
201501CW10039,-0.164325,51.501682,3,1,1,2015-01-19,2,January,19:34:00,19,1,2,30
201501CW10040,-0.132261,51.507111,3,2,1,2015-01-20,3,January,11:14:00,11,1,1,30
201501CW10041,-0.13662,51.513295,3,1,1,2015-01-20,3,January,18:53:00,18,1,1,30
201501CW10042,-0.168946,51.537364,3,2,1,2015-01-20,3,January,22:30:00,22,1,2,30
201501CW10044,-0.144085,51.49273,3,1,1,2015-01-16,6,January,10:30:00,10,1,1,30
201501CW10048,-0.131036,51.512397,3,1,1,2015-01-21,4,January,13:29:00,13,1,1,30
201501CW10049,-0.146479,51.511832,3,2,1,2015-01-21,4,January,19:23:00,19,1,1,30
201501CW10050,-0.201674,51.522853,3,2,1,2015-01-21,4,January,22:49:00,22,1,2,30
201501CW10051,-0.155276,51.522402,3,1,2,2015-01-22,5,January,22:06:00,22,1,1,30
201501CW10052,-0.141898,51.514638,3,2,1,2015-01-23,6,January,13:30:00,13,1,1,30
201501CW10053,-0.179476,51.515586,3,2,1,2015-01-23,6,January,22:00:00,22,1,1,30
201501CW10054,-0.158527,51.513281,2,1,1,2015-01-23,6,January,17:53:00,17,1,1,30
201501CW10055,-0.130966,51.514104,3,1,1,2015-01-24,7,January,00:21:00,0,2,2,30
201501CW10056,-0.188676,51.512582,3,2,4,2015-01-23,6,January,22:25:00,22,2,2,30
201501CW10057,-0.119182,51.513286,3,2,1,2015-01-24,7,January,12:20:00,12,1,1,30
201501CW10058,-0.157739,51.522081,3,1,1,2015-01-24,7,January,17:44:00,17,1,1,30
201501CW10059,-0.139713,51.508128,3,2,1,2015-01-24,7,January,18:20:00,18,1,1,30
201501CW10060,-0.12248,51.506685,3,1,1,2015-01-24,7,January,22:25:00,22,1,1,30
201501CW10061,-0.131231,51.507634,3,2,2,2015-01-25,1,January,00:40:00,0,1,1,30
201501CW10063,-0.178207,51.525728,3,3,4,2015-01-25,1,January,23:56:00,23,1,1,30
201501CW10065,-0.146939,51.521821,3,2,1,2015-01-15,5,January,07:45:00,7,1,1,30
201501CW10069,-0.152316,51.502932,3,2,1,2015-01-23,6,January,00:35:00,0,1,1,30
201501CW10071,-0.170442,51.507263,3,2,1,2015-01-26,2,January,19:30:00,19,1,1,20
201501CW10072,-0.169242,51.519204,3,1,1,2015-01-26,2,January,14:24:00,14,1,1,30
201501CW10073,-0.149309,51.52024,3,2,1,2015-01-26,2,January,18:10:00,18,1,1,30
201501CW10074,-0.178824,51.513868,3,2,3,2015-01-23,6,January,10:04:00,10,1,1,30
201501CW10075,-0.156352,51.513607,3,1,1,2015-01-27,3,January,14:18:00,14,1,1,30
201501CW10078,-0.172728,51.514942,2,1,1,2015-01-27,3,January,07:20:00,7,1,1,30
201501CW10082,-0.129419,51.51318,3,1,1,2015-01-27,3,January,23:40:00,23,1,1,30
201501CW10084,-0.151705,51.51803,2,1,1,2015-01-28,4,January,20:14:00,20,1,1,30
201501CW10085,-0.169801,51.519662,3,2,1,2015-01-28,4,January,19:33:00,19,1,1,30
201501CW10088,-0.136759,51.50988,3,1,1,2015-01-28,4,January,19:10:00,19,1,1,30
201501CW10089,-0.125832,51.498735,3,1,1,2015-01-29,5,January,16:15:00,16,1,1,30
201501CW10090,-0.136652,51.498368,3,2,1,2015-01-29,5,January,19:26:00,19,1,2,30
201501CW10091,-0.175342,51.514443,3,2,1,2015-01-29,5,January,17:21:00,17,2,2,30
201501CW10092,-0.126892,51.501,3,1,1,2015-01-29,5,January,09:04:00,9,1,1,30
201501CW10093,-0.151573,51.514161,3,1,1,2015-01-29,5,January,09:39:00,9,1,1,30
201501CW10094,-0.153328,51.520663,3,2,1,2015-01-29,5,January,12:10:00,12,1,1,30
201501CW10095,-0.135793,51.51589,3,2,1,2015-01-30,6,January,04:54:00,4,2,2,30
201501CW10097,-0.133093,51.51144,3,2,2,2015-01-31,7,January,12:30:00,12,2,2,30
201501CW10098,-0.16151,51.521511,2,2,1,2015-01-30,6,January,11:50:00,11,1,1,30
201501CW10099,-0.171248,51.533893,3,1,2,2015-01-30,6,January,15:19:00,15,1,1,30
201501CW10101,-0.142452,51.515186,3,1,1,2015-01-31,7,January,01:58:00,1,1,1,30
201501CW10102,-0.161522,51.514048,3,1,1,2015-01-30,6,January,21:10:00,21,1,1,30
201501CW10103,-0.14251,51.520852,3,2,3,2015-01-31,7,January,15:46:00,15,1,1,30
201501CW10104,-0.186026,51.513979,3,2,1,2015-01-31,7,January,20:00:00,20,1,2,30
201501CW10105,-0.165504,51.522563,3,2,1,2015-02-01,1,February,23:30:00,23,1,1,30
201501CW10107,-0.147952,51.489734,3,1,1,2015-01-21,4,January,08:00:00,8,1,1,30
201501CW10108,-0.149636,51.49084,3,2,1,2015-01-23,6,January,17:30:00,17,1,1,30
201501CW10109,-0.156022,51.496785,3,2,1,2015-02-02,2,February,11:30:00,11,1,1,30
201501CW10110,-0.152868,51.517778,3,2,1,2015-02-02,2,February,12:45:00,12,1,1,30
201501CW10111,-0.12913,51.513176,3,1,1,2015-02-02,2,February,15:15:00,15,1,1,30
201501CW10112,-0.126596,51.504682,3,1,1,2015-02-02,2,February,18:50:00,18,1,1,30
201501CW10113,-0.127379,51.506673,3,2,1,2015-02-02,2,February,23:20:00,23,1,1,30
201501CW10114,-0.194327,51.52274,3,2,1,2015-02-02,2,February,19:45:00,19,1,1,30
201501CW10116,-0.194631,51.525982,3,2,1,2015-01-30,6,January,22:05:00,22,1,1,30
201501CW10118,-0.155934,51.51324,3,2,1,2015-02-03,3,February,18:23:00,18,1,1,30
201501CW10120,-0.129045,51.508228,3,1,1,2015-02-03,3,February,07:20:00,7,1,2,30
201501CW10123,-0.15588,51.489589,3,2,1,2015-02-04,4,February,07:21:00,7,1,2,30
201501CW10124,-0.158268,51.512558,3,1,1,2015-02-04,4,February,09:43:00,9,1,1,30
201501CW10125,-0.158383,51.513279,3,2,1,2015-02-04,4,February,09:54:00,9,1,1,30
201501CW10126,-0.155331,51.517457,3,3,1,2015-01-30,6,January,10:15:00,10,1,1,30
201501CW10127,-0.130715,51.516708,2,1,1,2015-02-04,4,February,13:45:00,13,1,1,30
201501CW10128,-0.125883,51.497477,3,2,1,2015-01-26,2,January,08:45:00,8,1,2,30
201501CW10130,-0.14022,51.49213,3,1,1,2015-02-06,6,February,08:55:00,8,1,1,30
201501CW10131,-0.156138,51.518909,3,2,1,2015-02-05,5,February,17:52:00,17,1,1,30
201501CW10132,-0.15233,51.502573,2,1,1,2015-02-06,6,February,14:20:00,14,1,1,30
201501CW10133,-0.134227,51.49779,3,2,1,2015-02-06,6,February,19:40:00,19,1,1,30
201501CW10134,-0.133754,51.51289,3,2,1,2015-02-07,7,February,06:42:00,6,1,2,30
201501CW10136,-0.145535,51.5209,3,2,1,2015-02-07,7,February,11:02:00,11,1,1,30
201501CW10137,-0.201584,51.517816,3,2,1,2015-02-08,1,February,01:39:00,1,1,1,30
201501CW10138,-0.145555,51.523958,3,2,1,2015-02-08,1,February,08:00:00,8,1,1,30
201501CW10139,-0.144632,51.486354,3,1,1,2015-02-03,3,February,08:45:00,8,1,1,30
201501CW10140,-0.129574,51.512913,3,2,1,2015-02-09,2,February,07:11:00,7,1,2,30
201501CW10141,-0.188612,51.52508,3,2,1,2015-02-09,2,February,17:30:00,17,1,1,30
201501CW10142,-0.144596,51.519176,2,2,1,2015-02-09,2,February,07:45:00,7,1,1,30
201501CW10143,-0.151044,51.488074,3,2,1,2015-01-22,5,January,08:05:00,8,1,1,30
201501CW10144,-0.15455,51.497572,3,2,1,2015-02-04,4,February,17:39:00,17,1,1,30
201501CW10146,-0.123953,51.502392,3,2,2,2015-02-10,3,February,07:37:00,7,1,1,30
201501CW10148,-0.192372,51.532062,3,3,1,2015-02-12,5,February,00:26:00,0,1,1,30
201501CW10149,-0.156137,51.497507,3,2,1,2015-02-11,4,February,11:20:00,11,1,1,30
201501CW10150,-0.163749,51.501673,3,2,1,2015-02-10,3,February,20:37:00,20,1,1,30
201501CW10151,-0.177097,51.524632,3,2,1,2015-02-10,3,February,17:00:00,17,1,1,30
201501CW10152,-0.19043,51.515576,3,1,1,2015-01-25,1,January,22:45:00,22,1,1,30
201501CW10153,-0.133982,51.510825,3,1,1,2015-02-04,4,February,18:15:00,18,1,1,30
201501CW10154,-0.11516,51.512952,3,1,1,2015-02-03,3,February,12:33:00,12,1,1,30
201501CW10155,-0.126205,51.50018,3,1,2,2015-02-12,5,February,08:30:00,8,1,1,30
201501CW10156,-0.142284,51.4945,3,1,1,2015-02-12,5,February,10:37:00,10,1,1,30
201501CW10157,-0.138647,51.491835,3,1,1,2015-02-12,5,February,14:20:00,14,1,1,30
201501CW10158,-0.171897,51.521314,3,1,1,2015-02-12,5,February,16:55:00,16,1,1,30
201501CW10159,-0.176149,51.512298,3,1,1,2015-02-12,5,February,17:45:00,17,1,1,30
201501CW10160,-0.135593,51.485492,3,2,1,2015-02-14,7,February,23:29:00,23,1,1,30
201501CW10161,-0.130192,51.501322,3,2,1,2015-02-14,7,February,22:00:00,22,1,1,30
201501CW10163,-0.178022,51.519521,3,1,1,2015-02-13,6,February,10:30:00,10,1,2,30
201501CW10164,-0.152084,51.515788,3,2,1,2015-02-14,7,February,19:57:00,19,1,2,30
201501CW10165,-0.122635,51.509924,3,2,1,2015-02-15,1,February,15:00:00,15,1,1,30
201501CW10166,-0.170488,51.520482,3,2,1,2015-02-13,6,February,19:15:00,19,1,1,30
201501CW10167,-0.134876,51.51012,3,2,1,2015-02-13,6,February,17:56:00,17,2,2,30
201501CW10169,-0.12513,51.494767,3,2,1,2015-02-06,6,February,07:10:00,7,1,1,30
201501CW10170,-0.123875,51.500772,3,1,1,2015-02-03,3,February,14:53:00,14,1,1,30
201501CW10172,-0.142012,51.515359,3,3,1,2015-02-16,2,February,12:40:00,12,1,2,30
201501CW10173,-0.142678,51.516718,3,2,1,2015-02-10,3,February,18:16:00,18,1,1,30
201501CW10174,-0.141698,51.487657,3,1,1,2015-02-17,3,February,12:25:00,12,1,1,30
201501CW10175,-0.144188,51.515033,3,1,1,2015-02-17,3,February,15:45:00,15,1,1,30
201501CW10176,-0.145204,51.486453,3,1,1,2015-02-17,3,February,19:38:00,19,1,1,30
201501CW10179,-0.164004,51.534769,3,2,1,2015-02-18,4,February,09:30:00,9,1,1,30
201501CW10180,-0.131306,51.516358,2,1,1,2015-02-18,4,February,17:17:00,17,1,1,30
201501CW10183,-0.204446,51.525683,3,2,1,2015-02-06,6,February,14:30:00,14,1,1,30
201501CW10184,-0.169088,51.512277,2,2,1,2015-02-19,5,February,08:40:00,8,1,1,30
201501CW10186,-0.150242,51.504338,3,1,2,2015-02-19,5,February,12:17:00,12,1,2,30
201501CW10188,-0.134031,51.513164,3,1,1,2015-02-19,5,February,20:31:00,20,1,1,30
201501CW10189,-0.205436,51.526148,3,1,1,2015-02-20,6,February,02:00:00,2,2,2,30
201501CW10192,-0.152544,51.536478,2,1,1,2015-02-21,7,February,13:55:00,13,1,1,30
201501CW10193,-0.13173,51.50953,3,2,2,2015-02-22,1,February,00:25:00,0,1,1,30
201501CW10194,-0.160861,51.526896,3,2,3,2015-02-22,1,February,13:24:00,13,1,2,30
201501CW10195,-0.153736,51.517702,3,2,1,2015-02-22,1,February,14:36:00,14,2,2,30
201501CW10197,-0.151062,51.50543,3,2,2,2015-02-19,5,February,12:10:00,12,1,1,30
201501CW10199,-0.127509,51.507035,3,1,1,2015-02-24,3,February,18:50:00,18,1,1,30
201501CW10200,-0.139887,51.500308,3,2,1,2015-02-25,4,February,06:50:00,6,2,2,30
201501CW10201,-0.131025,51.512666,2,1,1,2015-02-21,7,February,19:45:00,19,1,1,30
201501CW10203,-0.19936,51.5194,3,2,1,2015-02-25,4,February,12:00:00,12,1,1,30
201501CW10205,-0.174378,51.527737,3,2,1,2015-02-25,4,February,12:37:00,12,1,1,30
201501CW10206,-0.127295,51.50874,3,1,2,2015-02-13,6,February,16:30:00,16,1,1,30
201501CW10208,-0.168226,51.530159,3,2,1,2015-02-10,3,February,18:00:00,18,1,1,30
201501CW10209,-0.172304,51.53274,3,1,1,2015-02-21,7,February,19:45:00,19,1,1,30
201501CW10211,-0.136759,51.50988,3,1,1,2015-02-27,6,February,05:50:00,5,1,1,30
201501CW10213,-0.205337,51.528664,3,1,1,2015-02-26,5,February,21:20:00,21,1,1,30
201501CW10214,-0.173161,51.522143,3,3,1,2015-02-26,5,February,08:05:00,8,1,1,30
201501CW10215,-0.149555,51.485713,2,1,1,2015-02-11,4,February,03:42:00,3,1,1,30
201501CW10216,-0.127793,51.507129,3,2,4,2015-02-28,7,February,04:20:00,4,1,1,30
201501CW10220,-0.152201,51.502211,3,2,1,2015-02-28,7,February,06:50:00,6,1,1,30
201501CW10221,-0.145238,51.496256,3,1,1,2015-03-01,1,March,20:15:00,20,1,1,30
201501CW10223,-0.152869,51.507077,3,1,1,2015-02-27,6,February,19:50:00,19,1,1,30
201501CW10224,-0.208016,51.526547,2,2,1,2015-02-27,6,February,11:27:00,11,1,1,30
201501CW10225,-0.154292,51.514653,2,1,1,2015-02-27,6,February,12:55:00,12,1,1,30
201501CW10226,-0.15782,51.502209,3,1,1,2015-02-27,6,February,16:00:00,16,1,1,30
201501CW10227,-0.148836,51.492805,3,2,1,2015-02-27,6,February,19:03:00,19,1,1,30
201501CW10228,-0.184787,51.53788,3,2,1,2015-02-26,5,February,07:40:00,7,1,2,30
201501CW10229,-0.148551,51.524724,3,2,1,2015-03-02,2,March,20:19:00,20,1,1,30
201501CW10230,-0.131774,51.508452,3,2,1,2015-03-02,2,March,11:52:00,11,1,1,30
201501CW10231,-0.203177,51.524944,3,2,1,2015-03-02,2,March,11:38:00,11,1,2,30
201501CW10232,-0.126844,51.505675,3,2,1,2015-03-02,2,March,18:24:00,18,1,1,30
201501CW10233,-0.142308,51.515184,3,1,1,2015-03-02,2,March,16:25:00,16,1,1,30
201501CW10235,-0.187669,51.516163,3,1,1,2015-03-02,2,March,16:20:00,16,1,1,30
201501CW10236,-0.149329,51.523298,3,2,1,2015-03-02,2,March,17:45:00,17,1,1,30
201501CW10237,-0.176713,51.530651,3,1,1,2015-03-02,2,March,15:55:00,15,1,1,30
201501CW10238,-0.112542,51.513539,3,1,1,2015-03-03,3,March,17:15:00,17,1,1,30
201501CW10239,-0.115544,51.51062,3,2,1,2015-03-03,3,March,07:40:00,7,1,1,30
201501CW10240,-0.156348,51.513697,3,1,1,2015-03-03,3,March,10:51:00,10,1,1,30
201501CW10241,-0.173006,51.533201,3,2,1,2015-02-25,4,February,07:55:00,7,2,2,30
201501CW10243,-0.174363,51.520902,3,1,1,2015-03-04,4,March,21:38:00,21,1,1,30
201501CW10244,-0.195212,51.51493,3,2,1,2015-03-02,2,March,19:00:00,19,1,1,30
201501CW10246,-0.175833,51.523803,2,1,1,2015-03-07,7,March,13:05:00,13,1,1,30
201501CW10247,-0.129662,51.514263,2,1,1,2015-03-08,1,March,20:50:00,20,1,1,30
201501CW10248,-0.149842,51.521328,3,1,1,2015-03-03,3,March,17:24:00,17,1,1,30
201501CW10250,-0.128005,51.487889,3,2,1,2015-03-05,5,March,08:45:00,8,1,1,30
201501CW10251,-0.142975,51.52005,3,1,1,2015-03-05,5,March,18:10:00,18,1,1,30
201501CW10252,-0.132754,51.516201,3,2,2,2015-03-06,6,March,00:08:00,0,1,2,30
201501CW10253,-0.170222,51.519939,3,2,1,2015-03-05,5,March,22:30:00,22,1,1,30
201501CW10254,-0.153748,51.513835,3,2,2,2015-03-06,6,March,16:15:00,16,1,1,30
201501CW10255,-0.148387,51.521664,3,2,1,2015-03-06,6,March,17:55:00,17,1,1,30
201501CW10256,-0.151282,51.503545,3,1,1,2015-03-06,6,March,15:31:00,15,1,1,30
201501CW10257,-0.139278,51.511718,3,1,1,2015-03-06,6,March,19:10:00,19,1,1,30
201501CW10258,-0.168089,51.529977,3,2,2,2015-03-07,7,March,09:30:00,9,1,1,30
201501CW10259,-0.156793,51.520538,3,1,1,2015-03-07,7,March,14:15:00,14,1,1,30
201501CW10260,-0.184916,51.523764,2,1,3,2015-03-08,1,March,01:12:00,1,1,1,30
201501CW10261,-0.159391,51.513295,3,2,1,2015-03-07,7,March,21:10:00,21,1,1,30
201501CW10262,-0.155993,51.497504,3,2,1,2015-02-12,5,February,20:17:00,20,1,1,30
201501CW10263,-0.149186,51.50549,3,2,1,2015-03-09,2,March,12:27:00,12,1,1,30
201501CW10264,-0.17078,51.520397,3,2,1,2015-03-09,2,March,10:12:00,10,1,1,30
201501CW10265,-0.128466,51.511816,3,2,1,2015-03-09,2,March,08:30:00,8,1,1,30
201501CW10266,-0.152866,51.50357,3,2,1,2015-03-09,2,March,07:47:00,7,1,1,30
201501CW10269,-0.180417,51.520907,3,2,1,2015-03-10,3,March,07:15:00,7,1,1,30
201501CW10270,-0.195209,51.51502,3,1,1,2015-03-10,3,March,14:10:00,14,1,1,30
201501CW10271,-0.175517,51.535308,3,2,1,2015-03-10,3,March,11:00:00,11,1,1,30
201501CW10272,-0.16587,51.499098,3,1,1,2015-03-11,4,March,16:58:00,16,1,1,30
201501CW10273,-0.13138,51.51456,3,1,1,2015-03-12,5,March,21:50:00,21,1,1,30
201501CW10275,-0.144727,51.515941,3,2,1,2015-03-12,5,March,13:17:00,13,1,1,30
201501CW10276,-0.144479,51.514948,3,1,1,2015-03-12,5,March,19:38:00,19,1,1,30
201501CW10277,-0.165731,51.516901,3,2,1,2015-03-12,5,March,17:11:00,17,1,1,30
201501CW10278,-0.165804,51.515104,3,2,1,2015-01-28,4,January,07:45:00,7,1,1,30
201501CW10279,-0.149307,51.502525,3,1,1,2015-02-24,3,February,07:50:00,7,2,2,30
201501CW10281,-0.160783,51.535978,3,2,1,2015-03-05,5,March,07:50:00,7,1,1,30
201501CW10282,-0.167339,51.498402,3,1,1,2015-03-04,4,March,17:20:00,17,1,1,30
201501CW10283,-0.163183,51.533677,3,2,1,2015-03-14,7,March,10:25:00,10,1,1,30
201501CW10284,-0.141561,51.494579,3,2,1,2015-03-16,2,March,06:45:00,6,1,1,30
201501CW10285,-0.12598,51.498647,2,1,1,2015-03-13,6,March,08:32:00,8,1,1,30
201501CW10286,-0.201905,51.524295,2,1,1,2015-03-13,6,March,12:48:00,12,8,1,30
201501CW10287,-0.118635,51.512558,3,2,1,2015-03-13,6,March,13:03:00,13,1,1,30
201501CW10288,-0.151429,51.514159,3,2,1,2015-03-13,6,March,19:45:00,19,1,1,30
201501CW10289,-0.169505,51.519838,3,2,1,2015-03-14,7,March,08:49:00,8,1,1,30
201501CW10290,-0.172743,51.521777,3,1,1,2015-03-14,7,March,12:22:00,12,1,1,30
201501CW10291,-0.160727,51.512326,3,3,1,2015-03-14,7,March,19:45:00,19,1,1,30
201501CW10292,-0.172476,51.514039,3,2,1,2015-03-15,1,March,03:09:00,3,1,1,30
201501CW10293,-0.144596,51.519176,3,2,2,2015-03-15,1,March,01:15:00,1,1,1,30
201501CW10294,-0.17078,51.520397,3,1,1,2015-03-16,2,March,17:20:00,17,1,1,30
201501CW10295,-0.141498,51.513822,3,2,1,2015-03-05,5,March,12:40:00,12,1,1,30
201501CW10296,-0.172743,51.521777,3,2,1,2015-03-16,2,March,14:23:00,14,1,1,30
201501CW10297,-0.15704,51.51083,3,2,1,2015-03-17,3,March,00:30:00,0,1,1,30
201501CW10299,-0.125722,51.508445,3,1,1,2015-03-16,2,March,09:16:00,9,1,1,30
201501CW10300,-0.165291,51.527865,3,2,1,2015-03-03,3,March,22:50:00,22,1,1,30
201501CW10303,-0.151213,51.523058,2,2,1,2015-03-17,3,March,07:12:00,7,1,1,30
201501CW10304,-0.129699,51.488725,3,3,1,2015-03-17,3,March,09:53:00,9,1,1,30
201501CW10305,-0.173006,51.533201,3,1,1,2015-03-18,4,March,09:12:00,9,1,1,30
201501CW10306,-0.125414,51.494861,3,1,1,2015-03-18,4,March,15:28:00,15,1,1,30
201501CW10307,-0.150956,51.518737,3,1,1,2015-03-18,4,March,17:30:00,17,1,1,30
201501CW10308,-0.172285,51.511608,3,2,1,2015-03-18,4,March,18:15:00,18,1,1,30
201501CW10309,-0.141782,51.52102,3,2,1,2015-03-18,4,March,18:40:00,18,1,1,30
201501CW10311,-0.150181,51.502269,3,1,1,2015-03-20,6,March,12:40:00,12,1,1,30
201501CW10312,-0.187764,51.51014,3,2,1,2015-03-20,6,March,08:00:00,8,1,1,30
201501CW10313,-0.150705,51.514237,3,1,1,2015-03-19,5,March,13:41:00,13,1,1,30
201501CW10314,-0.144806,51.510457,3,2,2,2015-03-19,5,March,15:45:00,15,1,1,30
201501CW10315,-0.123912,51.506887,3,1,1,2015-03-19,5,March,10:55:00,10,1,1,30
201501CW10316,-0.17473,51.511736,3,2,1,2015-06-05,6,June,10:35:00,10,1,1,30
201501CW10317,-0.143068,51.496491,3,1,1,2015-03-20,6,March,10:18:00,10,1,1,30
201501CW10318,-0.126955,51.509993,3,3,1,2015-03-20,6,March,11:30:00,11,1,1,30
201501CW10319,-0.202,51.525556,3,1,1,2015-03-20,6,March,15:45:00,15,1,1,30
201501CW10320,-0.191254,51.520265,3,1,1,2015-03-20,6,March,14:10:00,14,1,1,30
201501CW10321,-0.158087,51.513454,3,1,1,2015-03-20,6,March,17:15:00,17,1,1,30
201501CW10322,-0.127302,51.50856,3,2,1,2015-03-21,7,March,06:55:00,6,1,1,30
201501CW10323,-0.125127,51.494857,3,2,1,2015-03-21,7,March,08:42:00,8,1,1,30
201501CW10324,-0.147181,51.498085,3,2,1,2015-03-21,7,March,14:52:00,14,1,1,30
201501CW10325,-0.178491,51.525823,3,2,1,2015-03-22,1,March,01:50:00,1,1,1,30
201501CW10326,-0.125134,51.494677,3,2,1,2015-03-21,7,March,23:45:00,23,1,1,30
201501CW10327,-0.149819,51.500555,3,2,2,2015-03-22,1,March,12:15:00,12,1,1,30
201501CW10328,-0.126885,51.511701,3,1,1,2015-03-22,1,March,19:15:00,19,1,1,30
201501CW10329,-0.170085,51.519757,3,2,1,2015-03-20,6,March,21:33:00,21,1,1,30
201501CW10331,-0.139054,51.492471,3,1,1,2015-03-23,2,March,17:25:00,17,1,1,30
201501CW10332,-0.127295,51.50874,3,1,1,2015-03-23,2,March,22:40:00,22,8,2,30
201501CW10333,-0.129279,51.488448,3,2,1,2015-03-14,7,March,17:15:00,17,1,1,30
201501CW10335,-0.129506,51.507516,3,1,1,2015-03-24,3,March,12:04:00,12,1,1,20
201501CW10336,-0.141322,51.507524,3,1,2,2015-03-24,3,March,17:13:00,17,2,2,30
201501CW10337,-0.134362,51.490957,3,2,1,2015-03-15,1,March,18:44:00,18,1,1,30
201501CW10339,-0.127166,51.511885,3,2,1,2015-03-18,4,March,18:10:00,18,1,1,30
201501CW10340,-0.150277,51.51414,3,1,1,2015-03-10,3,March,15:27:00,15,1,1,30
201501CW10342,-0.156097,51.509196,3,2,1,2015-03-25,4,March,21:38:00,21,1,1,30
201501CW10344,-0.135458,51.517053,3,1,1,2015-03-25,4,March,12:20:00,12,1,1,30
201501CW10346,-0.138598,51.510718,3,1,1,2015-03-26,5,March,11:00:00,11,2,2,30
201501CW10348,-0.149983,51.485809,3,2,1,2015-03-26,5,March,07:58:00,7,2,2,30
201501CW10349,-0.150454,51.513334,3,2,1,2015-03-27,6,March,00:31:00,0,1,1,30
201501CW10350,-0.134148,51.506781,3,1,1,2015-03-26,5,March,15:43:00,15,1,1,30
201501CW10351,-0.14155,51.512564,3,1,1,2015-03-27,6,March,20:40:00,20,1,1,30
201501CW10353,-0.146213,51.49708,3,1,1,2015-03-27,6,March,20:39:00,20,1,1,30
201501CW10354,-0.194192,51.526155,3,2,1,2015-03-27,6,March,09:16:00,9,1,1,30
201501CW10355,-0.182014,51.524259,3,1,1,2015-03-28,7,March,12:45:00,12,1,1,30
201501CW10356,-0.141378,51.516787,3,4,2,2015-03-28,7,March,14:50:00,14,1,1,30
201501CW10357,-0.215613,51.527652,3,2,2,2015-03-28,7,March,15:26:00,15,1,1,30
201501CW10358,-0.16541,51.524899,3,2,1,2015-03-29,1,March,16:15:00,16,1,2,30
201501CW10359,-0.150127,51.485812,3,2,1,2015-03-29,1,March,02:40:00,2,1,2,30
201501CW10360,-0.149114,51.514392,3,2,1,2015-03-30,2,March,18:01:00,18,1,1,30
201501CW10362,-0.124839,51.508881,3,1,1,2015-03-31,3,March,02:02:00,2,4,2,30
201501CW10363,-0.17216,51.525544,3,1,1,2015-03-30,2,March,16:22:00,16,1,1,30
201501CW10364,-0.123787,51.509943,3,1,1,2015-03-18,4,March,13:10:00,13,1,1,30
201501CW10365,-0.187236,51.52344,3,1,1,2015-03-31,3,March,09:17:00,9,1,1,30
201501CW10366,-0.173449,51.522147,3,1,1,2015-03-31,3,March,12:39:00,12,1,1,30
201501CW10367,-0.152852,51.50393,2,1,1,2015-03-31,3,March,10:35:00,10,1,1,30
201501CW10368,-0.119514,51.512212,3,1,1,2015-03-31,3,March,14:23:00,14,1,1,30
201501CW10369,-0.12379,51.506346,3,2,1,2015-04-01,4,April,04:48:00,4,1,1,30
201501CW10372,-0.144254,51.524027,3,1,1,2015-04-01,4,April,15:17:00,15,1,1,30
201501CW10373,-0.157771,51.510572,3,2,2,2015-03-25,4,March,15:30:00,15,1,1,30
201501CW10374,-0.133237,51.511443,2,1,1,2015-04-02,5,April,18:55:00,18,1,1,30
201501CW10375,-0.155941,51.513061,3,1,1,2015-04-04,7,April,02:44:00,2,1,1,30
201501CW10376,-0.123979,51.501763,3,1,1,2015-04-04,7,April,01:00:00,1,1,1,30
201501CW10377,-0.149924,51.490844,3,2,1,2015-04-02,5,April,23:35:00,23,1,2,30
201501CW10378,-0.158132,51.523077,3,1,1,2015-04-04,7,April,03:40:00,3,1,1,30
201501CW10379,-0.144596,51.519176,3,2,1,2015-04-04,7,April,11:30:00,11,1,1,30
201501CW10381,-0.138723,51.497052,3,2,1,2015-04-04,7,April,23:15:00,23,1,1,30
201501CW10382,-0.15346,51.513831,3,1,1,2015-04-05,1,April,02:31:00,2,1,1,30
201501CW10383,-0.174412,51.501659,3,2,1,2015-03-31,3,March,14:30:00,14,1,1,30
201501CW10384,-0.142939,51.506741,3,1,1,2015-04-02,5,April,14:30:00,14,1,1,30
201501CW10385,-0.153169,51.513916,3,1,1,2015-04-02,5,April,11:30:00,11,1,1,30
201501CW10386,-0.174843,51.523338,3,2,1,2015-03-27,6,March,11:25:00,11,1,1,30
201501CW10387,-0.161428,51.516384,3,2,1,2015-03-28,7,March,22:00:00,22,1,1,30
201501CW10388,-0.19308,51.521462,3,2,1,2015-04-08,4,April,15:30:00,15,1,1,30
201501CW10389,-0.176953,51.52463,3,2,1,2015-04-07,3,April,09:57:00,9,1,1,30
201501CW10390,-0.129673,51.513994,3,1,1,2015-04-07,3,April,18:12:00,18,1,1,30
201501CW10391,-0.131682,51.489566,3,2,1,2015-04-07,3,April,17:06:00,17,1,1,30
201501CW10394,-0.143317,51.508095,3,1,1,2015-04-07,3,April,08:25:00,8,1,1,30
201501CW10395,-0.135917,51.509327,3,1,1,2015-03-25,4,March,23:05:00,23,1,1,30
201501CW10396,-0.146684,51.5068,3,2,1,2015-03-26,5,March,06:40:00,6,1,1,30
201501CW10397,-0.147325,51.519399,3,2,1,2015-03-23,2,March,11:50:00,11,1,1,30
201501CW10398,-0.136288,51.503757,3,1,1,2015-04-07,3,April,09:40:00,9,1,1,30
201501CW10400,-0.123783,51.503019,2,2,1,2015-04-09,5,April,09:05:00,9,1,1,30
201501CW10401,-0.145923,51.521985,3,2,1,2015-04-10,6,April,09:40:00,9,1,1,30
201501CW10402,-0.171562,51.526074,3,1,1,2015-04-09,5,April,22:35:00,22,1,1,30
201501CW10403,-0.188414,51.515545,3,2,1,2015-04-09,5,April,20:18:00,20,1,1,30
201501CW10404,-0.142914,51.489654,3,2,1,2015-04-10,6,April,20:00:00,20,1,1,30
201501CW10405,-0.140796,51.520465,3,2,1,2015-04-12,1,April,13:15:00,13,1,1,30
201501CW10406,-0.142545,51.516446,3,2,2,2015-04-11,7,April,22:39:00,22,1,1,30
201501CW10408,-0.147185,51.519307,3,2,2,2015-04-12,1,April,17:18:00,17,1,1,30
201501CW10410,-0.144633,51.511174,3,2,1,2015-03-27,6,March,08:55:00,8,1,1,30
201501CW10411,-0.126977,51.509454,3,2,1,2015-03-27,6,March,10:00:00,10,1,1,30
201501CW10412,-0.130442,51.516344,3,2,1,2015-04-04,7,April,08:55:00,8,1,1,30
201501CW10414,-0.132664,51.490211,3,1,1,2015-03-26,5,March,17:15:00,17,1,1,30
201501CW10415,-0.192534,51.509763,3,1,1,2015-04-07,3,April,01:37:00,1,1,1,30
201501CW10417,-0.1739,51.532496,3,3,1,2015-04-13,2,April,15:45:00,15,1,1,30
201501CW10418,-0.146758,51.494301,3,1,1,2015-04-13,2,April,11:05:00,11,1,1,30
201501CW10419,-0.151353,51.52315,3,2,1,2015-04-13,2,April,09:10:00,9,1,1,30
201501CW10420,-0.162587,51.519819,2,1,1,2015-03-17,3,March,09:30:00,9,1,1,30
201501CW10421,-0.200626,51.523826,3,2,1,2015-04-14,3,April,20:08:00,20,1,1,30
201501CW10422,-0.135849,51.489812,3,1,1,2015-04-14,3,April,18:54:00,18,1,1,30
201501CW10423,-0.155772,51.513687,3,1,1,2015-04-14,3,April,14:28:00,14,1,1,30
201501CW10424,-0.12029,51.510876,3,2,1,2015-04-14,3,April,13:35:00,13,1,1,30
201501CW10426,-0.123429,51.504632,3,2,1,2015-04-14,3,April,16:00:00,16,1,1,30
201501CW10427,-0.123362,51.509756,3,1,1,2015-04-07,3,April,14:01:00,14,1,1,30
201501CW10428,-0.169335,51.538449,2,1,1,2015-03-24,3,March,19:17:00,19,1,1,30
201501CW10432,-0.13606,51.491704,3,1,1,2015-04-15,4,April,13:22:00,13,1,1,30
201501CW10434,-0.129555,51.488723,2,1,2,2015-04-15,4,April,08:05:00,8,1,1,30
201501CW10435,-0.180389,51.525223,3,2,2,2015-04-15,4,April,13:15:00,13,1,1,30
201501CW10436,-0.201772,51.524024,3,1,1,2015-04-15,4,April,22:40:00,22,1,1,30
201501CW10437,-0.138513,51.488056,3,2,2,2015-04-15,4,April,22:38:00,22,1,1,30
201501CW10440,-0.134736,51.510028,3,1,1,2015-01-05,2,January,17:15:00,17,1,1,30
201501CW10441,-0.126316,51.500991,3,2,2,2015-01-03,7,January,10:30:00,10,2,2,30
201501CW10443,-0.148446,51.502421,3,1,1,2015-01-04,1,January,10:35:00,10,1,1,30
201501CW10445,-0.140884,51.511204,3,1,1,2015-01-02,6,January,16:30:00,16,1,1,30
201501CW10446,-0.144475,51.497323,3,2,1,2015-01-08,5,January,12:25:00,12,1,2,30
201501CW10447,-0.150417,51.514233,3,1,1,2015-01-03,7,January,12:30:00,12,2,2,30
201501CW10448,-0.126445,51.50486,3,2,1,2015-01-05,2,January,19:25:00,19,1,1,30
201501CW10449,-0.165712,51.528141,3,2,1,2015-01-06,3,January,11:25:00,11,2,2,30
201501CW10450,-0.127049,51.490121,3,2,1,2015-01-06,3,January,09:20:00,9,1,1,30
201501CW10451,-0.151562,51.514431,2,1,1,2015-01-11,1,January,03:10:00,3,2,2,30
201501CW10452,-0.161864,51.516301,3,2,2,2015-01-03,7,January,14:59:00,14,1,1,30
201501CW10453,-0.132693,51.507117,3,2,1,2015-01-09,6,January,00:55:00,0,2,2,30
201501CW10454,-0.176012,51.512116,3,3,1,2015-01-09,6,January,09:17:00,9,1,1,30
201501CW10455,-0.189998,51.515569,3,3,1,2015-01-03,7,January,18:20:00,18,1,2,30
201501CW10456,-0.155331,51.517457,3,1,1,2015-01-07,4,January,13:15:00,13,1,1,30
201501CW10457,-0.144665,51.485546,3,2,1,2015-01-04,1,January,22:22:00,22,2,2,30
201501CW10458,-0.186897,51.513813,3,2,1,2015-01-08,5,January,19:59:00,19,1,1,30
201501CW10459,-0.126316,51.500991,3,2,3,2015-01-04,1,January,02:22:00,2,1,1,30
201501CW10461,-0.127029,51.511703,3,1,2,2015-01-05,2,January,17:40:00,17,1,1,30
201501CW10462,-0.126201,51.50027,3,1,1,2015-01-10,7,January,11:00:00,11,5,2,30
201501CW10464,-0.170085,51.519757,3,2,1,2015-01-06,3,January,18:50:00,18,1,1,30
201501CW10465,-0.194608,51.522924,3,2,1,2015-01-02,6,January,02:15:00,2,2,2,30
201501CW10466,-0.18091,51.501311,3,1,1,2015-01-08,5,January,22:25:00,22,1,1,30
201501CW10468,-0.149114,51.514392,3,1,1,2015-01-07,4,January,19:25:00,19,2,2,30
201501CW10469,-0.174988,51.501668,3,1,1,2015-01-06,3,January,13:25:00,13,1,1,30
201501CW10470,-0.133835,51.510912,3,1,1,2015-01-09,6,January,18:40:00,18,9,1,30
201501CW10471,-0.169945,51.519665,2,2,1,2015-01-08,5,January,14:43:00,14,1,2,30
201501CW10472,-0.149163,51.502523,3,2,1,2015-01-07,4,January,18:50:00,18,1,1,30
201501CW10473,-0.173586,51.522329,3,2,1,2015-04-02,5,April,21:40:00,21,1,1,30
201501CW10474,-0.165569,51.524542,3,2,2,2015-04-19,1,April,19:50:00,19,1,1,30
201501CW10475,-0.133436,51.510097,3,1,1,2015-04-19,1,April,21:15:00,21,1,1,30
201501CW10476,-0.157307,51.522075,3,2,1,2015-04-19,1,April,06:50:00,6,1,1,30
201501CW10477,-0.183204,51.519691,3,1,1,2015-04-19,1,April,05:56:00,5,1,1,40
201501CW10478,-0.189465,51.532647,3,1,1,2015-04-18,7,April,20:40:00,20,1,1,30
201501CW10479,-0.195209,51.51502,3,2,1,2015-04-18,7,April,18:03:00,18,1,1,30
201501CW10480,-0.186294,51.51812,3,2,1,2015-04-18,7,April,14:10:00,14,1,1,30
201501CW10481,-0.180967,51.514351,3,2,1,2015-04-17,6,April,13:00:00,13,1,1,30
201501CW10482,-0.159891,51.515191,3,2,1,2015-04-16,5,April,09:00:00,9,1,1,30
201501CW10483,-0.125127,51.494857,3,2,1,2015-04-18,7,April,15:50:00,15,1,1,30
201501CW10484,-0.125839,51.498555,3,1,1,2015-04-16,5,April,15:05:00,15,1,1,30
201501CW10485,-0.207836,51.527444,3,3,2,2015-04-18,7,April,14:14:00,14,1,1,30
201501CW10486,-0.182614,51.520041,2,2,1,2015-04-16,5,April,11:21:00,11,1,1,30
201501CW10487,-0.19139,51.520447,3,2,1,2015-04-16,5,April,21:45:00,21,1,1,30
201501CW10488,-0.152314,51.506529,3,2,1,2015-04-17,6,April,05:00:00,5,1,1,30
201501CW10489,-0.204871,51.52587,3,2,1,2015-04-18,7,April,11:40:00,11,1,1,30
201501CW10490,-0.159774,51.521664,3,2,1,2015-04-17,6,April,02:20:00,2,1,1,30
201501CW10491,-0.14005,51.510472,3,2,1,2015-04-17,6,April,17:50:00,17,1,1,30
201501CW10492,-0.194046,51.522556,3,2,1,2015-04-17,6,April,17:22:00,17,1,1,30
201501CW10493,-0.165438,51.527777,3,2,1,2015-04-17,6,April,10:40:00,10,1,1,30
201501CW10494,-0.159247,51.513292,3,2,1,2015-04-17,6,April,11:10:00,11,1,1,30
201501CW10495,-0.152265,51.50419,3,2,1,2015-04-13,2,April,19:40:00,19,1,1,30
201501CW10496,-0.127306,51.50847,3,1,1,2015-04-15,4,April,16:30:00,16,1,1,30
201501CW10497,-0.127121,51.509457,3,2,1,2015-04-20,2,April,18:05:00,18,1,1,30
201501CW10498,-0.144398,51.524029,3,1,1,2015-04-20,2,April,18:11:00,18,1,1,30
201501CW10500,-0.149883,51.502534,3,2,2,2015-04-10,6,April,18:00:00,18,1,1,30
201501CW10502,-0.122638,51.506327,2,3,1,2015-04-08,4,April,09:00:00,9,1,1,30
201501CW10504,-0.159619,51.536229,3,2,1,2015-04-22,4,April,17:50:00,17,1,1,30
201501CW10505,-0.174238,51.527645,3,2,1,2015-04-22,4,April,15:40:00,15,1,1,30
201501CW10506,-0.135703,51.496914,3,2,1,2015-04-22,4,April,13:21:00,13,1,1,30
201501CW10507,-0.158707,51.512385,3,1,1,2015-04-21,3,April,16:45:00,16,1,1,40
201501CW10508,-0.166664,51.518804,3,1,1,2015-04-21,3,April,19:38:00,19,1,1,30
201501CW10509,-0.175832,51.516609,3,2,1,2015-04-21,3,April,08:54:00,8,1,1,30
201501CW10510,-0.12718,51.501005,3,2,1,2015-04-21,3,April,10:18:00,10,1,1,30
201501CW10511,-0.192936,51.52146,3,1,1,2015-04-21,3,April,07:55:00,7,1,1,30
201501CW10512,-0.136896,51.485332,2,2,1,2015-04-10,6,April,15:45:00,15,1,1,30
201501CW10513,-0.171043,51.51024,3,2,1,2015-04-23,5,April,13:15:00,13,1,1,30
201501CW10514,-0.130456,51.512477,3,2,1,2015-04-23,5,April,09:27:00,9,1,1,30
201501CW10515,-0.17362,51.499849,3,1,1,2015-04-23,5,April,17:02:00,17,1,1,30
201501CW10516,-0.156353,51.51001,2,2,1,2015-04-23,5,April,15:40:00,15,1,1,30
201501CW10517,-0.124012,51.500954,3,2,1,2015-04-23,5,April,17:05:00,17,1,1,30
201501CW10518,-0.130872,51.505829,3,2,1,2015-04-23,5,April,09:46:00,9,1,1,30
201501CW10519,-0.12851,51.510738,3,2,1,2015-04-08,4,April,22:20:00,22,1,1,30
201501CW10520,-0.12557,51.508622,3,2,1,2015-04-25,7,April,14:05:00,14,1,1,30
201501CW10522,-0.168443,51.524767,3,2,1,2015-04-15,4,April,20:00:00,20,2,2,30
201501CW10524,-0.1531,51.515624,3,2,1,2015-04-25,7,April,14:09:00,14,1,1,30
201501CW10525,-0.137331,51.485249,3,2,1,2015-04-24,6,April,09:49:00,9,1,1,30
201501CW10527,-0.183137,51.510518,3,1,1,2015-04-25,7,April,03:20:00,3,2,2,30
201501CW10528,-0.156582,51.515049,3,1,1,2015-04-21,3,April,12:30:00,12,1,1,30
201501CW10529,-0.129107,51.499686,3,1,1,2015-04-27,2,April,11:20:00,11,1,1,30
201501CW10530,-0.168159,51.513882,3,2,1,2015-04-27,2,April,07:30:00,7,1,1,30
201501CW10531,-0.164414,51.535315,3,2,1,2015-04-27,2,April,16:15:00,16,1,1,30
201501CW10532,-0.135231,51.512014,3,1,1,2015-04-27,2,April,10:30:00,10,1,1,30
201501CW10533,-0.125289,51.49441,3,1,1,2015-04-27,2,April,07:31:00,7,1,1,30
201501CW10534,-0.201558,51.522132,3,1,1,2015-04-27,2,April,17:49:00,17,1,1,30
201501CW10535,-0.115098,51.510973,3,1,1,2015-04-13,2,April,08:30:00,8,1,1,30
201501CW10536,-0.173867,51.522513,3,2,1,2015-04-28,3,April,12:30:00,12,1,1,30
201501CW10537,-0.146764,51.504823,3,1,2,2015-04-28,3,April,16:54:00,16,1,1,30
201501CW10538,-0.15588,51.489589,3,1,1,2015-04-28,3,April,08:00:00,8,1,1,30
201501CW10539,-0.155158,51.518174,3,2,1,2015-04-28,3,April,17:56:00,17,1,1,30
201501CW10540,-0.198383,51.529547,3,2,1,2015-04-28,3,April,19:40:00,19,1,1,30
201501CW10541,-0.141925,51.4998,3,2,1,2015-04-27,2,April,11:30:00,11,1,1,30
201501CW10542,-0.158439,51.519035,3,1,1,2015-04-29,4,April,13:22:00,13,1,1,30
201501CW10543,-0.129185,51.508321,3,1,1,2015-04-29,4,April,18:45:00,18,1,1,30
201501CW10544,-0.198668,51.51867,3,1,1,2015-04-29,4,April,22:24:00,22,1,1,30
201501CW10545,-0.127354,51.507302,3,1,1,2015-04-29,4,April,18:26:00,18,1,1,30
201501CW10546,-0.15658,51.522243,3,2,2,2015-04-29,4,April,11:50:00,11,1,1,30
201501CW10547,-0.190969,51.520171,3,1,1,2015-04-29,4,April,15:28:00,15,1,1,30
201501CW10550,-0.177794,51.514391,3,2,1,2015-05-01,6,May,15:23:00,15,1,1,30
201501CW10553,-0.165621,51.501702,3,3,1,2015-04-30,5,April,14:02:00,14,1,1,30
201501CW10554,-0.159652,51.521122,3,1,1,2015-04-30,5,April,11:07:00,11,1,1,30
201501CW10555,-0.138462,51.510536,3,1,1,2015-04-30,5,April,12:20:00,12,1,1,30
201501CW10556,-0.136805,51.515816,3,1,2,2015-05-01,6,May,19:16:00,19,1,1,30
201501CW10557,-0.132697,51.507028,3,2,1,2015-04-30,5,April,14:30:00,14,1,1,30
201501CW10558,-0.214573,51.528446,3,2,1,2015-04-30,5,April,15:50:00,15,1,1,30
201501CW10559,-0.127645,51.507217,3,2,1,2015-04-30,5,April,20:15:00,20,1,1,30
201501CW10560,-0.184437,51.510448,3,2,1,2015-05-02,7,May,00:30:00,0,1,1,30
201501CW10561,-0.197312,51.527462,3,1,1,2015-05-01,6,May,19:51:00,19,1,1,30
201501CW10562,-0.170359,51.516524,3,2,1,2015-05-04,2,May,17:10:00,17,1,1,30
201501CW10565,-0.174489,51.51416,3,2,2,2015-05-04,2,May,12:50:00,12,1,1,30
201501CW10566,-0.180245,51.52522,3,2,1,2015-05-01,6,May,13:58:00,13,1,1,30
201501CW10567,-0.115171,51.512682,2,2,1,2015-05-01,6,May,18:07:00,18,1,1,30
201501CW10568,-0.15499,51.493802,3,2,1,2015-05-03,1,May,14:36:00,14,1,1,30
201501CW10569,-0.132306,51.513046,3,1,1,2015-05-02,7,May,21:53:00,21,1,1,30
201501CW10571,-0.130052,51.50123,3,2,1,2015-05-03,1,May,16:30:00,16,1,1,30
201501CW10572,-0.123927,51.503021,3,2,1,2015-04-20,2,April,07:45:00,7,1,1,30
201501CW10573,-0.162927,51.514969,3,2,1,2015-05-04,2,May,01:35:00,1,1,1,30
201501CW10574,-0.144254,51.524027,3,2,4,2015-04-23,5,April,09:57:00,9,1,1,30
201501CW10576,-0.200911,51.52392,3,2,1,2015-05-02,7,May,05:45:00,5,1,1,30
201501CW10578,-0.157595,51.522079,3,2,1,2015-04-14,3,April,09:45:00,9,1,1,30
201501CW10579,-0.118683,51.514897,3,2,5,2015-02-02,2,February,13:00:00,13,1,1,30
201501CW10580,-0.167784,51.512437,3,2,1,2015-05-06,4,May,07:30:00,7,1,2,30
201501CW10581,-0.154947,51.516282,3,1,1,2015-05-05,3,May,20:26:00,20,1,1,30
201501CW10582,-0.143336,51.511153,3,2,1,2015-05-05,3,May,17:30:00,17,1,1,30
201501CW10583,-0.157768,51.510661,3,2,1,2015-05-06,4,May,16:50:00,16,1,1,40
201501CW10584,-0.16489,51.534243,2,2,1,2015-05-06,4,May,07:55:00,7,1,2,30
201501CW10585,-0.188651,51.524092,3,1,1,2015-05-06,4,May,16:00:00,16,1,1,30
201501CW10588,-0.134682,51.504272,3,1,1,2015-05-06,4,May,17:45:00,17,1,1,30
201501CW10589,-0.126164,51.501168,3,1,1,2015-05-06,4,May,17:38:00,17,1,1,30
201501CW10590,-0.155422,51.515211,3,1,1,2015-05-06,4,May,08:35:00,8,2,2,30
201501CW10591,-0.172192,51.517541,3,2,1,2015-05-06,4,May,21:30:00,21,1,1,30
201501CW10592,-0.178488,51.525912,3,2,1,2015-04-21,3,April,16:14:00,16,1,1,30
201501CW10593,-0.165909,51.501707,3,1,1,2015-05-07,5,May,10:00:00,10,1,1,30
201501CW10595,-0.149694,51.521415,3,1,1,2015-05-07,5,May,15:32:00,15,1,1,30
201501CW10596,-0.174238,51.527645,3,2,1,2015-05-07,5,May,13:00:00,13,1,1,30
201501CW10597,-0.14959,51.495515,3,2,1,2015-05-07,5,May,14:22:00,14,1,1,30
201501CW10599,-0.170928,51.520309,3,1,1,2015-05-06,4,May,14:03:00,14,1,1,30
201501CW10600,-0.131774,51.508452,3,1,1,2015-05-09,7,May,18:18:00,18,1,1,30
201501CW10601,-0.170283,51.522008,3,2,1,2015-05-10,1,May,16:05:00,16,1,1,30
201501CW10602,-0.159511,51.52103,3,2,1,2015-05-10,1,May,13:09:00,13,1,1,30
201501CW10603,-0.154288,51.514743,3,1,1,2015-05-10,1,May,15:15:00,15,1,1,30
201501CW10604,-0.127793,51.507129,3,2,1,2015-05-09,7,May,09:55:00,9,1,1,30
201501CW10605,-0.132765,51.498306,3,2,1,2015-05-07,5,May,19:57:00,19,1,1,30
201501CW10607,-0.191227,51.510013,3,1,1,2015-05-08,6,May,17:18:00,17,1,1,30
201501CW10608,-0.158667,51.513373,3,1,1,2015-05-08,6,May,11:30:00,11,1,1,30
201501CW10609,-0.113121,51.513459,3,2,1,2015-05-08,6,May,10:40:00,10,1,1,30
201501CW10610,-0.157739,51.522081,3,2,1,2015-04-30,5,April,16:20:00,16,1,1,30
201501CW10611,-0.122775,51.510017,3,1,1,2015-05-05,3,May,08:15:00,8,1,1,30
201501CW10612,-0.177367,51.499817,3,2,1,2015-05-01,6,May,08:45:00,8,1,1,30
201501CW10613,-0.113517,51.510857,3,1,1,2015-04-28,3,April,18:00:00,18,1,1,30
201501CW10614,-0.192473,51.533143,3,1,1,2015-04-27,2,April,08:25:00,8,1,1,30
201501CW10615,-0.150417,51.514233,3,1,1,2015-05-11,2,May,16:55:00,16,1,1,30
201501CW10616,-0.169069,51.519921,3,2,1,2015-05-11,2,May,15:15:00,15,1,1,40
201501CW10617,-0.130452,51.512567,3,1,1,2015-05-11,2,May,14:48:00,14,1,1,30
201501CW10618,-0.152265,51.50419,3,2,1,2015-05-11,2,May,12:30:00,12,1,1,30
201501CW10619,-0.143356,51.521315,3,2,1,2015-05-11,2,May,10:15:00,10,1,1,30
201501CW10620,-0.215964,51.529726,2,1,1,2015-05-01,6,May,09:30:00,9,1,1,30
201501CW10621,-0.160398,51.502609,3,1,1,2015-05-01,6,May,17:40:00,17,1,1,30
201501CW10622,-0.17821,51.525638,3,2,1,2015-02-23,2,February,12:45:00,12,1,1,30
201501CW10623,-0.171558,51.526164,3,1,1,2015-05-12,3,May,19:00:00,19,1,1,30
201501CW10624,-0.141635,51.514004,3,2,1,2015-05-12,3,May,07:50:00,7,2,2,30
201501CW10625,-0.13501,51.485662,3,2,1,2015-05-12,3,May,18:10:00,18,1,1,30
201501CW10628,-0.16405,51.515706,3,1,1,2015-05-13,4,May,19:41:00,19,1,1,30
201501CW10629,-0.123953,51.502392,3,2,1,2015-05-13,4,May,09:21:00,9,1,1,30
201501CW10630,-0.159778,51.521574,3,1,1,2015-05-14,5,May,01:20:00,1,1,1,30
201501CW10631,-0.165049,51.501603,3,2,1,2015-05-14,5,May,11:51:00,11,1,1,30
201501CW10632,-0.15192,51.502026,3,2,1,2015-05-15,6,May,20:20:00,20,1,1,30
201501CW10633,-0.138319,51.492819,3,2,1,2015-05-15,6,May,09:04:00,9,1,1,30
201501CW10634,-0.165049,51.501603,3,2,1,2015-05-14,5,May,16:30:00,16,1,1,30
201501CW10636,-0.135941,51.515802,3,2,1,2015-05-17,1,May,16:35:00,16,1,1,30
201501CW10638,-0.120729,51.510703,2,1,1,2015-05-16,7,May,12:12:00,12,1,1,30
201501CW10640,-0.173006,51.533201,3,2,1,2015-05-17,1,May,01:30:00,1,1,1,30
201501CW10641,-0.130061,51.515079,3,1,1,2015-05-17,1,May,01:05:00,1,1,1,30
201501CW10642,-0.142023,51.515089,3,1,1,2015-05-14,5,May,14:24:00,14,1,1,30
201501CW10643,-0.153889,51.513928,3,2,1,2015-05-15,6,May,09:10:00,9,1,1,30
201501CW10644,-0.160401,51.534713,3,2,1,2015-05-17,1,May,10:48:00,10,1,1,30
201501CW10645,-0.149262,51.514304,3,1,1,2015-05-02,7,May,16:57:00,16,1,1,30
201501CW10647,-0.131841,51.513848,3,2,1,2015-05-12,3,May,06:29:00,6,1,1,30
201501CW10648,-0.1191,51.511756,3,1,1,2015-05-18,2,May,09:45:00,9,1,2,30
201501CW10649,-0.131682,51.489566,3,2,1,2015-05-18,2,May,16:17:00,16,1,1,30
201501CW10650,-0.127039,51.493898,3,2,1,2015-05-18,2,May,17:14:00,17,1,1,30
201501CW10651,-0.163712,51.534854,3,2,1,2015-05-18,2,May,16:55:00,16,1,1,30
201501CW10652,-0.118986,51.511035,3,2,1,2015-05-19,3,May,07:00:00,7,1,1,30
201501CW10653,-0.17244,51.522131,3,1,1,2015-05-18,2,May,15:30:00,15,1,1,30
201501CW10655,-0.147378,51.493232,3,1,1,2015-05-19,3,May,16:04:00,16,1,1,30
201501CW10656,-0.12857,51.488167,3,1,1,2015-05-19,3,May,11:53:00,11,1,1,30
201501CW10657,-0.165576,51.520765,3,2,1,2015-05-19,3,May,08:30:00,8,1,1,30
201501CW10658,-0.173308,51.514861,2,2,1,2015-05-20,4,May,17:03:00,17,1,1,30
201501CW10660,-0.159771,51.521754,3,2,1,2015-05-19,3,May,19:04:00,19,2,2,30
201501CW10662,-0.16405,51.515706,3,2,1,2015-05-09,7,May,00:15:00,0,1,1,30
201501CW10664,-0.145907,51.497525,3,2,1,2015-05-10,1,May,16:14:00,16,1,1,30
201501CW10665,-0.1512,51.502015,3,2,1,2015-05-21,5,May,17:30:00,17,1,1,30
201501CW10667,-0.143573,51.487597,3,1,1,2015-05-21,5,May,19:50:00,19,1,1,30
201501CW10668,-0.160024,51.515463,2,2,2,2015-05-21,5,May,17:04:00,17,1,1,30
201501CW10669,-0.129419,51.488541,3,2,2,2015-05-21,5,May,18:10:00,18,1,1,40
201501CW10670,-0.132811,51.490123,3,1,1,2015-05-21,5,May,11:04:00,11,1,1,30
201501CW10671,-0.146241,51.48575,3,2,1,2015-05-10,1,May,08:45:00,8,1,1,30
201501CW10672,-0.183948,51.537238,3,2,1,2015-04-28,3,April,21:45:00,21,1,1,30
201501CW10673,-0.162242,51.535551,3,2,1,2015-05-22,6,May,13:05:00,13,1,1,30
201501CW10675,-0.119134,51.510947,3,1,1,2015-05-22,6,May,15:45:00,15,1,1,30
201501CW10676,-0.15265,51.494664,3,2,3,2015-03-23,2,March,01:05:00,1,1,1,30
201501CW10677,-0.152009,51.514078,3,2,1,2015-05-23,7,May,11:30:00,11,1,1,30
201501CW10678,-0.149872,51.502804,3,1,1,2015-05-23,7,May,11:30:00,11,1,1,30
201501CW10679,-0.160168,51.515465,3,2,1,2015-05-23,7,May,16:00:00,16,1,1,30
201501CW10680,-0.158942,51.535139,3,2,1,2015-05-17,1,May,11:10:00,11,1,1,30
201501CW10681,-0.133982,51.510825,3,1,2,2015-05-25,2,May,14:04:00,14,1,1,30
201501CW10682,-0.150131,51.485722,3,2,1,2015-05-24,1,May,12:57:00,12,1,1,30
201501CW10683,-0.186137,51.511193,3,2,1,2015-05-28,5,May,21:30:00,21,1,1,30
201501CW10686,-0.149022,51.50243,3,2,1,2015-05-17,1,May,00:01:00,0,1,1,30
201501CW10687,-0.185966,51.529985,3,1,1,2015-05-26,3,May,12:59:00,12,1,1,30
201501CW10688,-0.13298,51.48599,3,2,1,2015-05-26,3,May,21:09:00,21,1,1,30
201501CW10689,-0.149838,51.514313,2,1,2,2015-05-26,3,May,15:30:00,15,1,1,30
201501CW10690,-0.191534,51.520449,3,2,3,2015-05-26,3,May,14:40:00,14,1,1,30
201501CW10691,-0.171263,51.522743,3,2,1,2015-05-26,3,May,14:21:00,14,1,1,30
201501CW10693,-0.140735,51.507785,3,2,1,2015-05-24,1,May,03:00:00,3,1,1,30
201501CW10694,-0.157241,51.50229,2,2,1,2015-05-21,5,May,08:05:00,8,1,1,30
201501CW10696,-0.138179,51.492727,3,2,1,2015-05-27,4,May,15:50:00,15,1,1,30
201501CW10698,-0.165731,51.516901,3,2,1,2015-05-27,4,May,10:40:00,10,1,1,30
201501CW10699,-0.126902,51.490209,2,2,1,2015-05-27,4,May,09:50:00,9,1,1,30
201501CW10700,-0.138602,51.510629,3,1,1,2015-05-27,4,May,10:22:00,10,1,1,30
201501CW10701,-0.127933,51.507221,3,2,1,2015-05-22,6,May,05:20:00,5,1,1,30
201501CW10704,-0.137132,51.497206,3,1,1,2015-05-29,6,May,07:30:00,7,2,2,40
201501CW10705,-0.15531,51.528698,3,2,1,2015-05-30,7,May,09:10:00,9,1,1,30
201501CW10706,-0.153049,51.523986,2,2,1,2015-05-28,5,May,18:36:00,18,1,1,30
201501CW10707,-0.13413,51.510737,2,1,1,2015-05-30,7,May,12:00:00,12,1,1,30
201501CW10708,-0.145792,51.52522,3,3,1,2015-05-28,5,May,08:15:00,8,1,1,30
201501CW10709,-0.194053,51.515092,3,2,1,2015-05-28,5,May,20:10:00,20,1,1,30
201501CW10710,-0.129131,51.488536,3,3,2,2015-05-30,7,May,03:25:00,3,1,1,30
201501CW10711,-0.127509,51.507035,3,2,1,2015-05-30,7,May,01:10:00,1,1,1,30
201501CW10712,-0.150681,51.48636,2,2,1,2015-05-30,7,May,11:35:00,11,1,1,30
201501CW10713,-0.125426,51.494592,3,2,1,2015-05-29,6,May,00:08:00,0,1,1,30
201501CW10714,-0.164718,51.49908,3,1,1,2015-05-30,7,May,15:03:00,15,1,1,40
201501CW10715,-0.184493,51.530772,3,2,1,2015-05-31,1,May,11:57:00,11,2,2,30
201501CW10716,-0.151374,51.508403,2,2,1,2015-06-01,2,June,14:35:00,14,1,2,30
201501CW10717,-0.183999,51.514218,3,2,1,2015-05-31,1,May,20:15:00,20,1,1,30
201501CW10718,-0.128373,51.507049,3,1,1,2015-06-01,2,June,00:05:00,0,1,1,30
201501CW10719,-0.131416,51.510155,3,4,1,2015-05-26,3,May,12:10:00,12,1,1,30
201501CW10720,-0.195762,51.519255,3,1,1,2015-05-24,1,May,15:00:00,15,1,1,30
201501CW10721,-0.174709,51.523066,3,2,1,2015-05-24,1,May,04:50:00,4,1,1,30
201501CW10722,-0.187239,51.52335,3,2,1,2015-06-01,2,June,20:18:00,20,1,1,30
201501CW10723,-0.165644,51.522655,3,2,1,2015-06-01,2,June,17:18:00,17,1,1,30
201501CW10724,-0.18144,51.520563,3,2,4,2015-06-01,2,June,21:55:00,21,5,2,30
201501CW10725,-0.14826,51.485692,3,3,1,2015-05-27,4,May,13:25:00,13,1,1,30
201501CW10726,-0.125426,51.494592,3,2,1,2015-04-24,6,April,10:45:00,10,1,1,30
201501CW10727,-0.165045,51.501693,2,1,1,2015-05-29,6,May,18:45:00,18,1,1,30
201501CW10728,-0.142831,51.520048,3,2,1,2015-05-26,3,May,23:30:00,23,1,1,30
201501CW10729,-0.163984,51.52092,3,2,1,2015-05-19,3,May,11:30:00,11,1,1,40
201501CW10730,-0.166887,51.520426,3,2,2,2015-05-16,7,May,16:30:00,16,1,1,30
201501CW10733,-0.173255,51.527,3,2,1,2015-06-02,3,June,09:21:00,9,1,1,30
201501CW10734,-0.149993,51.528254,3,1,1,2015-06-03,4,June,13:35:00,13,1,1,30
201501CW10735,-0.176723,51.501515,3,2,1,2015-06-03,4,June,11:50:00,11,1,1,30
201501CW10736,-0.148514,51.511415,3,1,1,2015-06-02,3,June,15:15:00,15,1,1,30
201501CW10737,-0.167383,51.529606,3,2,1,2015-06-03,4,June,11:37:00,11,1,1,30
201501CW10738,-0.14978,51.490842,3,2,1,2015-06-03,4,June,08:11:00,8,1,1,30
201501CW10739,-0.120674,51.508544,3,2,1,2015-06-03,4,June,13:10:00,13,1,1,30
201501CW10740,-0.136176,51.485321,3,2,1,2015-06-02,3,June,19:30:00,19,1,1,30
201501CW10741,-0.132047,51.508816,3,2,1,2015-06-04,5,June,12:56:00,12,1,1,30
201501CW10743,-0.178588,51.519799,3,2,1,2015-06-04,5,June,10:37:00,10,1,1,30
201501CW10744,-0.147072,51.493677,3,2,1,2015-06-05,6,June,01:10:00,1,1,1,30
201501CW10746,-0.127114,51.506129,3,1,1,2015-06-07,1,June,05:08:00,5,1,1,30
201501CW10747,-0.137954,51.505313,3,1,1,2015-06-05,6,June,13:00:00,13,1,1,30
201501CW10748,-0.131106,51.514196,3,1,1,2015-06-05,6,June,14:11:00,14,1,1,30
201501CW10749,-0.153427,51.507536,3,2,3,2015-06-05,6,June,18:35:00,18,1,1,30
201501CW10750,-0.172012,51.525632,3,2,1,2015-06-06,7,June,20:16:00,20,1,1,30
201501CW10751,-0.134592,51.510025,3,2,1,2015-06-06,7,June,20:14:00,20,1,1,30
201501CW10752,-0.165731,51.516901,3,2,1,2015-06-07,1,June,13:00:00,13,1,1,30
201501CW10753,-0.141768,51.514276,3,1,1,2015-06-06,7,June,17:18:00,17,1,1,30
201501CW10754,-0.173596,51.514866,3,1,1,2015-06-07,1,June,18:44:00,18,1,1,30
201501CW10755,-0.136148,51.503665,2,1,1,2015-06-05,6,June,12:30:00,12,1,1,30
201501CW10758,-0.176156,51.512118,3,2,1,2015-06-07,1,June,18:25:00,18,1,1,30
201501CW10759,-0.134588,51.510115,3,1,2,2015-06-07,1,June,20:45:00,20,1,1,30
201501CW10761,-0.130442,51.516344,3,2,1,2015-04-25,7,April,10:40:00,10,1,1,30
201501CW10762,-0.121878,51.507304,3,1,1,2015-06-08,2,June,21:00:00,21,1,1,30
201501CW10763,-0.174072,51.520988,3,2,2,2015-06-08,2,June,09:30:00,9,1,1,30
201501CW10764,-0.128074,51.507314,3,2,1,2015-06-08,2,June,06:35:00,6,1,1,30
201501CW10765,-0.134865,51.496271,3,1,1,2015-06-08,2,June,11:30:00,11,1,1,30
201501CW10767,-0.126905,51.490119,2,2,1,2015-06-08,2,June,09:07:00,9,1,1,30
201501CW10769,-0.142286,51.515723,2,2,1,2015-05-07,5,May,19:25:00,19,1,1,30
201501CW10770,-0.152247,51.504639,3,2,2,2015-06-09,3,June,18:50:00,18,1,1,30
201501CW10771,-0.154999,51.511427,3,2,2,2015-06-01,2,June,06:30:00,6,1,1,30
201501CW10772,-0.130872,51.505829,3,2,1,2015-06-08,2,June,08:39:00,8,1,1,30
201501CW10774,-0.128786,51.507505,3,1,1,2015-06-09,3,June,11:10:00,11,1,1,30
201501CW10775,-0.16243,51.512983,3,1,1,2015-06-09,3,June,08:30:00,8,1,1,30
201501CW10776,-0.151895,51.491954,3,2,1,2015-06-09,3,June,08:28:00,8,1,1,30
201501CW10779,-0.166484,51.512507,3,2,1,2015-06-10,4,June,09:30:00,9,1,1,30
201501CW10780,-0.15225,51.50455,3,4,1,2015-06-10,4,June,17:30:00,17,1,1,40
201501CW10781,-0.115544,51.51062,3,2,1,2015-06-10,4,June,17:56:00,17,1,1,30
201501CW10782,-0.147907,51.494409,2,2,1,2015-06-10,4,June,19:16:00,19,1,1,30
201501CW10784,-0.168681,51.518836,3,2,1,2015-06-10,4,June,21:00:00,21,1,1,30
201501CW10785,-0.16325,51.521269,3,2,1,2015-06-10,4,June,15:45:00,15,1,1,30
201501CW10786,-0.170413,51.533161,3,3,2,2015-06-10,4,June,12:00:00,12,1,1,30
201501CW10787,-0.181417,51.528386,3,2,1,2015-05-23,7,May,10:00:00,10,1,1,30
201501CW10788,-0.123931,51.502931,3,2,1,2015-04-30,5,April,07:00:00,7,1,1,30
201501CW10789,-0.162885,51.501659,3,2,1,2015-06-11,5,June,09:30:00,9,1,1,30
201501CW10790,-0.132777,51.505051,3,2,1,2015-06-12,6,June,12:30:00,12,1,1,30
201501CW10791,-0.168656,51.512271,3,1,1,2015-06-10,4,June,21:30:00,21,1,1,30
201501CW10792,-0.160307,51.522751,3,1,1,2015-06-12,6,June,10:45:00,10,1,1,30
201501CW10793,-0.128358,51.507408,3,2,1,2015-06-12,6,June,09:00:00,9,1,1,30
201501CW10794,-0.18382,51.518711,3,2,1,2015-06-12,6,June,10:53:00,10,1,1,30
201501CW10795,-0.129625,51.511655,3,1,1,2015-06-13,7,June,19:46:00,19,1,1,30
201501CW10796,-0.16405,51.515706,3,1,1,2015-06-14,1,June,01:44:00,1,1,1,50
201501CW10797,-0.123783,51.503019,3,2,1,2015-06-13,7,June,19:34:00,19,1,1,30
201501CW10798,-0.173726,51.522421,3,1,1,2015-06-14,1,June,20:17:00,20,1,1,30
201501CW10799,-0.167805,51.529883,3,2,1,2015-06-14,1,June,14:50:00,14,1,1,30
201501CW10802,-0.191392,51.524044,3,2,2,2015-06-08,2,June,07:45:00,7,1,1,30
201501CW10803,-0.197836,51.525132,3,1,1,2015-06-09,3,June,11:00:00,11,1,1,30
201501CW10804,-0.145411,51.523955,2,2,1,2015-06-05,6,June,07:40:00,7,1,1,30
201501CW10806,-0.204469,51.528741,2,2,1,2015-06-09,3,June,17:10:00,17,1,1,30
201501CW10808,-0.145963,51.528101,3,2,1,2015-06-15,2,June,07:35:00,7,1,1,30
201501CW10810,-0.145238,51.496256,3,1,1,2015-06-15,2,June,21:15:00,21,1,1,30
201501CW10812,-0.134448,51.510023,2,1,2,2015-06-15,2,June,18:08:00,18,1,1,30
201501CW10813,-0.189006,51.518791,3,2,1,2015-06-15,2,June,17:10:00,17,1,1,30
201501CW10814,-0.175925,51.539541,3,2,1,2015-06-15,2,June,16:00:00,16,1,1,30
201501CW10815,-0.193096,51.531983,3,2,1,2015-06-15,2,June,17:45:00,17,1,1,30
201501CW10816,-0.136896,51.485332,2,2,1,2015-06-15,2,June,08:40:00,8,1,1,30
201501CW10817,-0.123303,51.507687,3,1,1,2015-06-15,2,June,09:50:00,9,1,1,30
201501CW10818,-0.130973,51.489285,3,3,1,2015-06-04,5,June,08:45:00,8,1,1,30
201501CW10819,-0.120112,51.511683,3,2,1,2015-06-06,7,June,19:20:00,19,1,1,30
201501CW10821,-0.15658,51.522243,2,2,2,2015-06-16,3,June,12:45:00,12,1,1,30
201501CW10822,-0.178124,51.524198,3,2,1,2015-06-16,3,June,17:36:00,17,1,1,30
201501CW10823,-0.170359,51.502136,3,2,1,2015-06-17,4,June,12:25:00,12,1,1,30
201501CW10825,-0.166812,51.518716,3,1,1,2015-06-17,4,June,15:50:00,15,1,1,30
201501CW10826,-0.12571,51.498193,3,3,1,2015-06-17,4,June,13:45:00,13,1,1,30
201501CW10827,-0.189609,51.532649,3,3,1,2015-06-17,4,June,15:55:00,15,1,1,30
201501CW10829,-0.146074,51.528912,3,2,1,2015-06-17,4,June,22:25:00,22,1,1,30
201501CW10830,-0.156227,51.520259,2,2,1,2015-06-17,4,June,22:21:00,22,1,1,30
201501CW10831,-0.132278,51.499647,3,2,1,2015-06-18,5,June,06:18:00,6,1,1,30
201501CW10832,-0.156408,51.519363,3,1,1,2015-06-18,5,June,07:55:00,7,1,1,30
201501CW10833,-0.151296,51.513887,3,1,1,2015-04-13,2,April,16:00:00,16,1,1,30
201501CW10834,-0.198302,51.527927,3,2,1,2015-06-09,3,June,14:30:00,14,1,1,30
201501CW10835,-0.149944,51.518811,3,2,1,2015-06-10,4,June,09:30:00,9,1,1,30
201501CW10836,-0.172585,51.532925,3,1,2,2015-06-16,3,June,10:01:00,10,1,1,30
201501CW10837,-0.16159,51.501639,3,1,1,2015-06-18,5,June,18:50:00,18,1,1,30
201501CW10840,-0.139196,51.510188,3,1,1,2015-06-19,6,June,19:15:00,19,1,1,30
201501CW10841,-0.165864,51.52077,3,2,1,2015-05-19,3,May,20:10:00,20,1,1,30
201501CW10843,-0.139433,51.511451,3,1,1,2015-06-19,6,June,18:35:00,18,1,1,30
201501CW10844,-0.142419,51.515995,3,2,1,2015-06-19,6,June,21:10:00,21,1,1,30
201501CW10847,-0.155879,51.493186,3,2,1,2015-06-20,7,June,19:05:00,19,2,2,30
201501CW10848,-0.122483,51.506595,2,2,1,2015-06-21,1,June,22:30:00,22,1,1,30
201501CW10849,-0.194024,51.523095,3,2,1,2015-06-21,1,June,13:53:00,13,1,1,30
201501CW10850,-0.129218,51.507512,3,1,1,2015-06-22,2,June,01:55:00,1,2,2,30
201501CW10851,-0.142492,51.496482,3,1,1,2015-06-21,1,June,04:23:00,4,1,1,30
201501CW10852,-0.117601,51.513171,3,1,1,2015-06-18,5,June,11:01:00,11,1,1,30
201501CW10853,-0.154615,51.495954,3,2,1,2015-06-19,6,June,21:34:00,21,1,1,30
201501CW10854,-0.159378,51.520758,2,1,1,2015-06-19,6,June,10:53:00,10,1,1,30
201501CW10855,-0.135776,51.491609,3,2,1,2015-06-08,2,June,08:00:00,8,1,1,30
201501CW10856,-0.202596,51.528712,3,1,1,2015-06-04,5,June,20:25:00,20,1,1,30
201501CW10857,-0.146157,51.50913,3,2,1,2015-06-11,5,June,22:00:00,22,1,1,30
201501CW10860,-0.17997,51.499588,3,2,1,2015-06-16,3,June,10:05:00,10,1,1,30
201501CW10861,-0.181486,51.515798,3,2,1,2015-06-22,2,June,07:30:00,7,2,2,30
201501CW10862,-0.152801,51.522993,3,4,1,2015-06-22,2,June,15:40:00,15,1,1,30
201501CW10863,-0.117745,51.513173,3,1,1,2015-06-22,2,June,13:55:00,13,1,1,30
201501CW10865,-0.125758,51.497025,3,2,1,2015-06-23,3,June,06:30:00,6,1,1,30
201501CW10866,-0.151374,51.508403,3,2,1,2015-06-18,5,June,19:45:00,19,1,1,30
201501CW10867,-0.150417,51.514233,3,1,1,2015-06-02,3,June,13:58:00,13,1,1,30
201501CW10870,-0.146328,51.504906,2,1,1,2015-06-23,3,June,19:03:00,19,1,1,30
201501CW10871,-0.117893,51.513086,3,1,1,2015-06-23,3,June,17:59:00,17,1,1,30
201501CW10872,-0.18142,51.528296,3,2,2,2015-06-23,3,June,22:42:00,22,1,1,30
201501CW10873,-0.145669,51.485651,2,2,1,2015-06-15,2,June,17:30:00,17,1,1,30
201501CW10875,-0.139156,51.511177,3,1,2,2015-06-24,4,June,13:11:00,13,1,1,30
201501CW10878,-0.151415,51.496713,3,2,2,2015-06-24,4,June,08:12:00,8,1,1,30
201501CW10879,-0.150661,51.501107,3,1,1,2015-06-24,4,June,16:17:00,16,1,1,30
201501CW10880,-0.153623,51.502683,3,2,1,2015-06-24,4,June,20:58:00,20,1,1,30
201501CW10881,-0.165451,51.516717,2,1,1,2015-06-24,4,June,22:05:00,22,1,1,30
201501CW10883,-0.153046,51.524076,3,2,1,2015-06-16,3,June,20:00:00,20,1,1,30
201501CW10884,-0.143754,51.51152,3,1,1,2015-06-16,3,June,12:35:00,12,1,1,30
201501CW10885,-0.166012,51.517085,3,1,1,2015-06-27,7,June,16:15:00,16,1,1,30
201501CW10886,-0.188814,51.534525,3,2,1,2015-06-25,5,June,17:30:00,17,1,1,30
201501CW10888,-0.169088,51.512277,3,2,1,2015-06-25,5,June,08:48:00,8,1,1,30
201501CW10889,-0.142415,51.516084,3,1,1,2015-06-25,5,June,11:33:00,11,1,1,30
201501CW10892,-0.159902,51.514921,3,3,1,2015-06-26,6,June,09:18:00,9,1,1,30
201501CW10893,-0.123916,51.506798,3,3,1,2015-06-26,6,June,19:29:00,19,1,1,30
201501CW10894,-0.11759,51.509933,3,1,2,2015-06-26,6,June,18:03:00,18,1,1,30
201501CW10897,-0.16859,51.524679,3,1,1,2015-06-26,6,June,12:45:00,12,1,1,30
201501CW10898,-0.151643,51.501752,3,2,1,2015-06-27,7,June,09:56:00,9,1,1,30
201501CW10899,-0.142016,51.515269,3,2,1,2015-06-26,6,June,23:10:00,23,1,1,30
201501CW10900,-0.182299,51.52795,3,2,1,2015-06-27,7,June,16:15:00,16,1,1,30
201501CW10901,-0.201196,51.524015,3,1,1,2015-06-28,1,June,05:00:00,5,1,1,30
201501CW10904,-0.161366,51.521509,3,2,1,2015-06-28,1,June,21:05:00,21,1,1,30
201501CW10906,-0.17672,51.530471,3,2,1,2015-06-19,6,June,17:00:00,17,1,1,30
201501CW10907,-0.127354,51.507302,3,2,1,2015-06-28,1,June,11:36:00,11,1,1,30
201501CW10909,-0.13392,51.512353,2,1,1,2015-06-26,6,June,03:45:00,3,1,1,30
201501CW10910,-0.165182,51.530561,2,2,1,2015-06-28,1,June,12:54:00,12,1,1,30
201501CW10913,-0.135981,51.514813,3,1,1,2015-06-23,3,June,20:25:00,20,1,1,30
201501CW10916,-0.141621,51.514363,3,1,1,2015-06-26,6,June,20:05:00,20,1,1,20
201501CW10917,-0.136896,51.485332,3,2,1,2015-06-23,3,June,09:30:00,9,1,1,30
201501CW10918,-0.161878,51.501643,3,2,1,2015-06-24,4,June,18:50:00,18,1,1,30
201501CW10919,-0.118635,51.512558,3,2,1,2015-04-07,3,April,13:30:00,13,1,1,30
201501CW10920,-0.148026,51.523457,3,2,1,2015-06-29,2,June,13:00:00,13,1,1,30
201501CW10921,-0.170769,51.531458,3,2,1,2015-06-29,2,June,11:18:00,11,1,1,30
201501CW10922,-0.207158,51.526354,3,1,1,2015-06-30,3,June,00:35:00,0,1,1,30
201501CW10923,-0.197527,51.525667,3,4,1,2015-06-29,2,June,12:38:00,12,1,1,30
201501CW10924,-0.154576,51.53615,3,2,2,2015-06-27,7,June,14:00:00,14,1,1,30
201501CW10925,-0.152352,51.502033,3,2,1,2015-06-23,3,June,12:35:00,12,1,1,30
201501CW10927,-0.155642,51.502625,3,2,1,2015-06-28,1,June,02:20:00,2,1,1,30
201501CW10928,-0.123037,51.507143,3,1,1,2015-06-24,4,June,18:18:00,18,1,1,30
201501CW10929,-0.1359,51.488554,3,2,1,2015-06-20,7,June,18:56:00,18,1,2,30
201501CW10930,-0.154943,51.516372,3,2,1,2015-07-02,5,July,17:25:00,17,1,1,30
201501CW10931,-0.145171,51.487262,3,1,1,2015-07-01,4,July,14:30:00,14,1,1,30
201501CW10932,-0.194752,51.522927,3,1,1,2015-07-01,4,July,21:50:00,21,1,1,30
201501CW10933,-0.121172,51.510441,3,1,1,2015-07-02,5,July,06:49:00,6,1,1,30
201501CW10934,-0.153832,51.490366,3,2,1,2015-07-01,4,July,15:00:00,15,1,1,30
201501CW10935,-0.13733,51.492354,3,2,1,2015-07-01,4,July,20:00:00,20,1,1,30
201501CW10936,-0.13752,51.508903,3,2,1,2015-07-01,4,July,18:32:00,18,1,1,30
201501CW10937,-0.193663,51.521291,3,1,1,2015-07-01,4,July,19:46:00,19,1,1,30
201501CW10938,-0.119965,51.51177,3,2,1,2015-06-30,3,June,20:45:00,20,1,1,30
201501CW10939,-0.172663,51.512963,3,2,1,2015-06-30,3,June,17:40:00,17,1,1,30
201501CW10941,-0.134578,51.485655,3,2,1,2015-07-01,4,July,09:30:00,9,1,1,30
201501CW10942,-0.174037,51.532678,3,1,1,2015-06-30,3,June,10:40:00,10,1,1,30
201501CW10943,-0.145028,51.512079,3,1,1,2015-06-30,3,June,17:40:00,17,1,1,30
201501CW10944,-0.131475,51.512224,3,1,1,2015-06-30,3,June,20:15:00,20,1,1,30
201501CW10945,-0.143382,51.506478,2,2,1,2015-06-30,3,June,18:20:00,18,1,1,30
201501CW10946,-0.151696,51.504001,3,2,1,2015-07-01,4,July,21:23:00,21,1,1,30
201501CW10947,-0.182138,51.517516,3,2,1,2015-07-02,5,July,07:11:00,7,1,1,30
201501CW10948,-0.146773,51.493942,3,1,1,2015-07-02,5,July,15:15:00,15,1,1,30
201501CW10949,-0.172595,51.521864,3,1,1,2015-07-02,5,July,19:29:00,19,1,1,30
201501CW10952,-0.153391,51.515538,3,1,2,2015-07-02,5,July,21:35:00,21,1,1,30
201501CW10954,-0.174592,51.500763,3,2,1,2015-06-25,5,June,18:00:00,18,1,1,20
201501CW10955,-0.151099,51.536545,3,2,1,2015-06-26,6,June,17:03:00,17,1,1,30
201501CW10956,-0.167862,51.535639,3,2,1,2015-06-29,2,June,19:20:00,19,1,1,20
201501CW10957,-0.139701,51.515502,3,1,1,2015-07-03,6,July,04:50:00,4,1,1,30
201501CW10959,-0.140732,51.518486,3,2,1,2015-07-03,6,July,17:00:00,17,1,1,30
201501CW10960,-0.13102,51.505742,3,2,1,2015-07-04,7,July,01:55:00,1,1,1,30
201501CW10961,-0.136649,51.498458,3,2,1,2015-07-01,4,July,07:40:00,7,1,1,30
201501CW10962,-0.130442,51.516344,3,2,1,2015-07-04,7,July,07:23:00,7,1,1,30
201501CW10963,-0.194752,51.522927,3,1,1,2015-07-04,7,July,01:00:00,1,2,2,30
201501CW10964,-0.157858,51.522713,3,1,1,2015-07-03,6,July,09:14:00,9,1,1,30
201501CW10965,-0.177791,51.514481,3,2,1,2015-07-04,7,July,02:25:00,2,1,2,30
201501CW10966,-0.189209,51.513669,3,1,1,2015-07-04,7,July,12:15:00,12,1,1,30
201501CW10967,-0.159771,51.521754,3,1,1,2015-07-04,7,July,11:18:00,11,1,1,30
201501CW10968,-0.144508,51.48941,3,1,1,2015-07-04,7,July,21:45:00,21,1,1,30
201501CW10969,-0.13479,51.491054,3,1,1,2015-07-05,1,July,00:07:00,0,1,1,30
201501CW10970,-0.162927,51.514969,3,1,2,2015-07-05,1,July,18:09:00,18,1,1,30
201501CW10971,-0.157491,51.510387,3,1,2,2015-07-06,2,July,05:50:00,5,1,1,30
201501CW10972,-0.163362,51.514886,2,2,1,2015-06-30,3,June,13:30:00,13,1,1,30
201501CW10973,-0.191812,51.520723,3,2,1,2015-06-20,7,June,16:05:00,16,2,2,30
201501CW10974,-0.157122,51.515957,3,1,2,2015-07-06,2,July,12:49:00,12,1,1,30
201501CW10975,-0.157385,51.502292,3,2,2,2015-07-06,2,July,19:10:00,19,1,1,30
201501CW10977,-0.162125,51.527725,3,2,1,2015-07-06,2,July,08:02:00,8,1,1,30
201501CW10978,-0.137895,51.492632,3,2,1,2015-06-25,5,June,19:09:00,19,1,1,30
201501CW10979,-0.134574,51.485745,2,2,1,2015-07-02,5,July,09:10:00,9,1,1,30
201501CW10980,-0.153916,51.488299,3,2,2,2015-07-07,3,July,08:26:00,8,1,1,30
201501CW10981,-0.145813,51.485654,3,2,1,2015-07-07,3,July,12:05:00,12,1,1,30
201501CW10982,-0.125275,51.508798,3,2,1,2015-07-07,3,July,17:15:00,17,1,1,30
201501CW10983,-0.141345,51.517596,3,2,1,2015-07-07,3,July,15:57:00,15,1,1,30
201501CW10985,-0.122775,51.506509,3,1,1,2015-07-07,3,July,19:51:00,19,1,1,30
201501CW10986,-0.126848,51.505585,3,2,1,2015-07-08,4,July,00:30:00,0,1,1,30
201501CW10987,-0.215342,51.530885,3,1,1,2015-07-08,4,July,01:44:00,1,1,1,30
201501CW10988,-0.123152,51.50085,3,2,1,2015-07-08,4,July,13:26:00,13,1,1,30
201501CW10989,-0.163109,51.521176,3,2,1,2015-07-08,4,July,22:09:00,22,1,1,30
201501CW10990,-0.132502,51.511791,3,1,2,2015-07-08,4,July,22:09:00,22,1,1,30
201501CW10991,-0.14413,51.502263,3,2,1,2015-07-08,4,July,17:00:00,17,1,1,30
201501CW10992,-0.136176,51.485321,3,2,1,2015-07-03,6,July,08:20:00,8,1,1,30
201501CW10994,-0.130829,51.489283,3,2,1,2015-07-09,5,July,14:20:00,14,1,1,30
201501CW10995,-0.192411,51.52379,3,1,1,2015-07-10,6,July,15:00:00,15,1,1,30
201501CW10996,-0.180042,51.501387,3,3,1,2015-07-10,6,July,14:20:00,14,1,1,30
201501CW10997,-0.117583,51.510113,3,1,1,2015-07-10,6,July,15:45:00,15,1,1,30
201501CW10998,-0.141045,51.496639,3,1,1,2015-07-10,6,July,13:10:00,13,1,1,30
201501CW11001,-0.189178,51.518075,2,1,1,2015-07-12,1,July,14:25:00,14,1,1,30
201501CW11002,-0.202615,51.524576,3,2,1,2015-07-12,1,July,16:10:00,16,2,2,30
201501CW11003,-0.125197,51.493149,3,1,1,2015-07-12,1,July,18:12:00,18,1,1,30
201501CW11004,-0.196588,51.527541,3,2,1,2015-07-12,1,July,15:55:00,15,1,1,30
201501CW11006,-0.182048,51.516166,3,2,1,2015-07-11,7,July,22:11:00,22,1,1,30
201501CW11007,-0.134143,51.485738,3,3,2,2015-07-09,5,July,09:00:00,9,1,1,30
201501CW11008,-0.141043,51.500236,3,2,2,2015-07-10,6,July,06:35:00,6,1,1,30
201501CW11009,-0.151112,51.507769,3,2,1,2015-07-10,6,July,00:56:00,0,1,1,30
201501CW11010,-0.150861,51.503269,3,2,1,2015-07-09,5,July,10:20:00,10,1,1,30
201501CW11011,-0.152799,51.49098,3,1,2,2015-07-09,5,July,09:06:00,9,1,1,30
201501CW11012,-0.174621,51.500044,3,2,1,2015-07-06,2,July,18:30:00,18,1,1,30
201501CW11013,-0.142852,51.508897,3,1,1,2015-06-29,2,June,10:00:00,10,1,1,30
201501CW11015,-0.132257,51.5072,3,2,1,2015-07-10,6,July,08:30:00,8,1,1,30
201501CW11016,-0.150841,51.518016,3,1,1,2015-07-09,5,July,18:40:00,18,1,1,30
201501CW11017,-0.146616,51.50491,3,1,1,2015-07-09,5,July,14:25:00,14,1,1,30
201501CW11018,-0.201562,51.522042,3,2,2,2015-07-13,2,July,07:47:00,7,2,2,30
201501CW11019,-0.145878,51.498244,2,1,1,2015-07-09,5,July,08:45:00,8,1,1,30
201501CW11021,-0.147766,51.494317,3,1,1,2015-07-04,7,July,04:47:00,4,1,1,30
201501CW11022,-0.17078,51.520397,3,2,1,2015-07-13,2,July,13:30:00,13,1,1,30
201501CW11023,-0.174695,51.523426,3,2,2,2015-07-13,2,July,21:05:00,21,1,1,30
201501CW11024,-0.156889,51.511007,3,1,1,2015-07-13,2,July,21:50:00,21,2,2,30
201501CW11025,-0.173424,51.533567,3,2,1,2015-07-13,2,July,10:35:00,10,1,1,30
201501CW11026,-0.149123,51.485706,3,2,1,2015-07-13,2,July,08:45:00,8,1,1,30
201501CW11027,-0.189048,51.524997,3,2,1,2015-07-13,2,July,13:00:00,13,1,1,30
201501CW11028,-0.181997,51.517424,3,1,1,2015-07-13,2,July,13:50:00,13,2,2,30
201501CW11030,-0.157455,51.521987,3,3,1,2015-07-07,3,July,16:52:00,16,1,1,30
201501CW11031,-0.151131,51.503723,3,1,2,2015-07-14,3,July,10:20:00,10,1,1,30
201501CW11032,-0.125418,51.494772,3,2,1,2015-07-14,3,July,19:10:00,19,1,1,30
201501CW11033,-0.137128,51.497296,3,2,1,2015-07-12,1,July,09:55:00,9,1,1,30
201501CW11034,-0.141529,51.51661,3,1,1,2015-07-15,4,July,12:22:00,12,2,2,30
201501CW11036,-0.162347,51.51505,3,2,1,2015-07-15,4,July,21:10:00,21,1,1,30
201501CW11037,-0.160574,51.501803,3,2,1,2015-07-11,7,July,23:40:00,23,1,1,30
201501CW11040,-0.142547,51.512849,3,1,1,2015-07-16,5,July,14:50:00,14,1,1,30
201501CW11041,-0.145783,51.514789,3,1,1,2015-07-16,5,July,19:13:00,19,1,1,30
201501CW11042,-0.149838,51.514313,3,1,1,2015-07-16,5,July,20:19:00,20,1,1,30
201501CW11044,-0.172675,51.527081,3,2,2,2015-07-17,6,July,22:00:00,22,1,1,30
201501CW11045,-0.14003,51.496803,3,1,1,2015-07-18,7,July,16:23:00,16,1,1,30
201501CW11048,-0.153892,51.513838,3,2,1,2015-07-19,1,July,06:10:00,6,1,1,30
201501CW11049,-0.157946,51.516959,3,2,1,2015-07-19,1,July,12:40:00,12,1,1,30
201501CW11050,-0.16939,51.529907,3,2,1,2015-07-19,1,July,19:12:00,19,1,1,30
201501CW11051,-0.170143,51.525513,2,2,1,2015-07-19,1,July,18:40:00,18,1,1,30
201501CW11052,-0.125514,51.495942,3,1,1,2015-07-09,5,July,10:50:00,10,1,1,30
201501CW11053,-0.15482,51.537233,3,2,2,2015-07-09,5,July,20:20:00,20,1,1,30
201501CW11054,-0.160626,51.496948,3,2,1,2015-07-09,5,July,18:45:00,18,1,1,30
201501CW11055,-0.146897,51.497991,3,2,1,2015-07-10,6,July,08:05:00,8,1,1,30
201501CW11056,-0.161366,51.521509,3,2,1,2015-07-20,2,July,09:20:00,9,1,1,30
201501CW11058,-0.135561,51.503926,3,2,1,2015-07-20,2,July,18:55:00,18,1,1,30
201501CW11059,-0.190825,51.520168,3,2,1,2015-07-20,2,July,20:25:00,20,1,1,30
201501CW11061,-0.182048,51.516166,2,2,1,2015-07-21,3,July,01:14:00,1,1,1,30
201501CW11062,-0.134574,51.485745,3,2,2,2015-06-24,4,June,08:32:00,8,1,1,30
201501CW11063,-0.130943,51.507629,3,2,1,2015-07-21,3,July,23:32:00,23,1,1,30
201501CW11064,-0.144704,51.505869,3,1,3,2015-07-21,3,July,21:40:00,21,1,1,30
201501CW11065,-0.172477,51.528427,3,2,1,2015-07-21,3,July,17:34:00,17,1,1,30
201501CW11066,-0.125514,51.495942,3,1,1,2015-07-21,3,July,16:25:00,16,1,1,30
201501CW11067,-0.142349,51.507091,3,1,1,2015-07-21,3,July,20:50:00,20,1,1,30
201501CW11068,-0.162722,51.512897,3,2,1,2015-07-20,2,July,06:30:00,6,1,1,30
201501CW11069,-0.151104,51.507949,2,1,1,2015-07-21,3,July,12:30:00,12,1,1,30
201501CW11070,-0.158988,51.512569,3,1,1,2015-07-21,3,July,19:36:00,19,1,1,30
201501CW11071,-0.174477,51.503639,3,2,1,2015-06-20,7,June,16:26:00,16,1,1,30
201501CW11073,-0.166253,51.521855,3,2,1,2015-07-22,4,July,17:45:00,17,1,1,30
201501CW11076,-0.150129,51.514228,3,1,1,2015-07-22,4,July,15:54:00,15,1,1,30
201501CW11078,-0.145381,51.485647,3,2,1,2015-07-14,3,July,20:00:00,20,2,2,30
201501CW11081,-0.126977,51.509454,3,2,1,2015-07-25,7,July,19:00:00,19,1,1,30
201501CW11082,-0.151656,51.487185,3,1,2,2015-07-23,5,July,14:00:00,14,1,1,30
201501CW11084,-0.165576,51.520765,3,2,1,2015-07-22,4,July,13:51:00,13,1,1,30
201501CW11086,-0.168936,51.523246,3,1,1,2015-07-24,6,July,13:30:00,13,1,1,30
201501CW11087,-0.170229,51.519759,2,1,1,2015-07-27,2,July,02:04:00,2,1,1,30
201501CW11088,-0.149675,51.500552,3,3,1,2015-07-25,7,July,22:55:00,22,1,1,30
201501CW11089,-0.190948,51.52071,3,2,1,2015-07-26,1,July,19:10:00,19,1,1,30
201501CW11090,-0.148836,51.49991,3,2,1,2015-07-24,6,July,18:54:00,18,2,2,30
201501CW11091,-0.134574,51.485745,3,2,1,2015-07-24,6,July,18:38:00,18,1,1,30
201501CW11092,-0.168961,51.51902,3,1,1,2015-07-23,5,July,22:00:00,22,1,1,30
201501CW11093,-0.163811,51.500145,3,2,1,2015-07-23,5,July,22:05:00,22,1,1,30
201501CW11094,-0.172044,51.517629,3,1,1,2015-07-23,5,July,17:05:00,17,1,1,30
201501CW11096,-0.124986,51.494765,3,2,1,2015-06-29,2,June,17:30:00,17,1,1,30
201501CW11097,-0.162634,51.522248,3,1,1,2015-07-15,4,July,17:12:00,17,1,1,30
201501CW11099,-0.148836,51.49991,3,1,1,2015-07-27,2,July,13:20:00,13,1,1,30
201501CW11100,-0.15265,51.494664,2,2,1,2015-07-27,2,July,10:51:00,10,1,1,30
201501CW11101,-0.146458,51.498163,3,2,1,2015-07-27,2,July,14:10:00,14,1,1,30
201501CW11103,-0.175355,51.528562,3,2,1,2015-07-25,7,July,16:22:00,16,1,1,30
201501CW11104,-0.157739,51.522081,3,1,1,2015-07-28,3,July,07:51:00,7,1,1,30
201501CW11105,-0.144932,51.496701,3,1,2,2015-07-29,4,July,22:00:00,22,1,1,30
201501CW11107,-0.127553,51.509463,3,2,1,2015-07-28,3,July,14:00:00,14,1,1,30
201501CW11108,-0.151128,51.510917,3,1,1,2015-07-28,3,July,18:20:00,18,1,1,30
201501CW11109,-0.122177,51.507039,3,1,1,2015-07-29,4,July,19:05:00,19,1,1,30
201501CW11110,-0.134537,51.511373,3,1,2,2015-07-29,4,July,21:05:00,21,1,1,30
201501CW11112,-0.169102,51.519112,3,1,1,2015-07-28,3,July,19:40:00,19,1,1,30
201501CW11113,-0.164187,51.515888,3,2,1,2015-07-31,6,July,16:00:00,16,1,1,30
201501CW11116,-0.197544,51.525218,3,2,1,2015-07-17,6,July,11:40:00,11,1,1,30
201501CW11117,-0.172678,51.523394,3,2,1,2015-07-21,3,July,09:10:00,9,1,1,30
201501CW11118,-0.151352,51.501838,3,2,1,2015-07-25,7,July,16:00:00,16,1,1,30
201501CW11119,-0.201458,51.528335,3,2,1,2015-07-31,6,July,20:59:00,20,1,1,30
201501CW11120,-0.119089,51.512026,3,2,1,2015-07-31,6,July,11:48:00,11,1,1,30
201501CW11121,-0.155124,51.52258,3,1,1,2015-07-31,6,July,11:00:00,11,1,1,30
201501CW11122,-0.143297,51.522753,3,2,1,2015-07-31,6,July,10:15:00,10,1,1,30
201501CW11123,-0.114591,51.512763,3,1,2,2015-07-30,5,July,15:00:00,15,1,1,30
201501CW11125,-0.145442,51.505431,3,1,1,2015-07-31,6,July,22:00:00,22,1,1,30
201501CW11126,-0.132058,51.508546,3,2,1,2015-07-31,6,July,23:58:00,23,1,1,30
201501CW11127,-0.161666,51.51405,3,1,1,2015-07-31,6,July,14:52:00,14,1,1,30
201501CW11128,-0.133653,51.508302,3,1,1,2015-08-01,7,August,17:55:00,17,1,1,30
201501CW11129,-0.141584,51.515262,3,1,2,2015-08-01,7,August,17:24:00,17,1,1,30
201501CW11130,-0.139553,51.51559,3,1,2,2015-08-01,7,August,13:50:00,13,1,1,30
201501CW11131,-0.162786,51.514877,3,2,2,2015-08-02,1,August,01:00:00,1,1,1,30
201501CW11132,-0.157595,51.522079,3,2,1,2015-08-02,1,August,20:05:00,20,1,1,30
201501CW11133,-0.163071,51.514971,3,2,1,2015-08-02,1,August,21:27:00,21,1,1,30
201501CW11136,-0.130872,51.505829,3,2,1,2015-07-23,5,July,19:02:00,19,1,1,30
201501CW11137,-0.13298,51.48599,3,2,1,2015-07-27,2,July,08:30:00,8,1,1,30
201501CW11139,-0.157988,51.523074,3,2,1,2015-07-25,7,July,07:20:00,7,1,1,30
201501CW11140,-0.122177,51.507039,3,2,1,2015-07-28,3,July,23:00:00,23,1,1,30
201501CW11141,-0.141698,51.487657,3,1,2,2015-07-24,6,July,17:51:00,17,1,1,30
201501CW11142,-0.158214,51.524607,3,1,2,2015-08-02,1,August,11:25:00,11,1,1,30
201501CW11143,-0.129987,51.48873,3,2,1,2015-07-30,5,July,08:45:00,8,1,1,30
201501CW11144,-0.159135,51.512481,3,2,1,2015-07-31,6,July,12:07:00,12,1,1,30
201501CW11145,-0.157988,51.523074,3,2,1,2015-07-31,6,July,11:40:00,11,1,1,30
201501CW11146,-0.14234,51.486048,3,2,1,2015-08-03,2,August,14:09:00,14,1,1,30
201501CW11147,-0.126448,51.490741,3,2,2,2015-08-04,3,August,08:46:00,8,1,1,30
201501CW11148,-0.1269,51.507834,2,1,1,2015-08-02,1,August,07:00:00,7,1,1,30
201501CW11149,-0.12749,51.507484,3,2,1,2015-07-25,7,July,01:51:00,1,1,1,30
201501CW11150,-0.121423,51.507837,3,1,1,2015-07-24,6,July,03:00:00,3,1,1,30
201501CW11151,-0.204857,51.526229,3,2,1,2015-08-04,3,August,15:58:00,15,1,1,30
201501CW11153,-0.191703,51.519822,3,2,1,2015-08-04,3,August,17:10:00,17,1,1,40
201501CW11154,-0.159778,51.521574,3,1,2,2015-08-05,4,August,12:22:00,12,1,1,30
201501CW11156,-0.141912,51.496563,3,2,1,2015-08-05,4,August,10:00:00,10,1,1,30
201501CW11157,-0.139989,51.515506,3,1,1,2015-08-05,4,August,15:00:00,15,1,1,30
201501CW11158,-0.130872,51.505829,3,2,1,2015-08-05,4,August,16:22:00,16,1,1,30
201501CW11159,-0.123344,51.513713,3,1,1,2015-08-06,5,August,08:30:00,8,1,1,30
201501CW11160,-0.158116,51.512735,3,1,1,2015-08-06,5,August,11:00:00,11,1,1,30
201501CW11162,-0.11861,51.50968,3,3,1,2015-08-06,5,August,08:50:00,8,1,1,30
201501CW11163,-0.145495,51.514784,3,1,1,2015-08-06,5,August,08:50:00,8,1,1,30
201501CW11164,-0.16821,51.501832,3,2,1,2015-08-06,5,August,13:49:00,13,1,1,30
201501CW11165,-0.14889,51.516367,3,2,1,2015-08-06,5,August,06:41:00,6,1,1,30
201501CW11166,-0.13902,51.500384,3,2,1,2015-08-06,5,August,11:05:00,11,1,1,30
201501CW11167,-0.188999,51.518971,2,2,3,2015-08-10,2,August,00:34:00,0,1,1,30
201501CW11168,-0.183171,51.516903,3,2,1,2015-08-06,5,August,20:55:00,20,1,1,30
201501CW11169,-0.128868,51.512542,3,2,1,2015-08-09,1,August,00:03:00,0,1,1,30
201501CW11170,-0.136176,51.485321,3,2,1,2015-08-06,5,August,16:24:00,16,1,1,30
201501CW11171,-0.201473,51.524289,3,2,2,2015-08-06,5,August,16:55:00,16,1,1,30
201501CW11172,-0.129794,51.507521,2,2,2,2015-08-06,5,August,17:18:00,17,1,1,30
201501CW11173,-0.124303,51.500869,3,2,1,2015-08-06,5,August,21:40:00,21,1,1,30
201501CW11174,-0.189998,51.515569,3,1,2,2015-08-06,5,August,22:49:00,22,1,1,30
201501CW11175,-0.140883,51.507697,3,2,1,2015-08-06,5,August,19:56:00,19,1,1,30
201501CW11176,-0.127302,51.50856,3,2,1,2015-08-08,7,August,16:00:00,16,1,1,30
201501CW11177,-0.141322,51.507524,3,2,1,2015-08-08,7,August,04:40:00,4,1,1,30
201501CW11179,-0.151359,51.501658,3,1,1,2015-08-01,7,August,00:22:00,0,1,1,30
201501CW11180,-0.132502,51.511791,3,2,1,2015-07-31,6,July,00:30:00,0,1,1,30
201501CW11183,-0.194165,51.523187,3,2,1,2015-07-21,3,July,22:50:00,22,1,1,30
201501CW11184,-0.126212,51.5,3,3,1,2015-08-10,2,August,18:00:00,18,1,1,30
201501CW11185,-0.14169,51.494941,3,1,2,2015-08-10,2,August,17:29:00,17,1,1,30
201501CW11187,-0.151359,51.501658,3,1,2,2015-08-10,2,August,12:10:00,12,1,1,30
201501CW11188,-0.125418,51.494772,3,2,1,2015-08-10,2,August,10:40:00,10,1,1,30
201501CW11189,-0.144596,51.519176,3,2,1,2015-08-10,2,August,08:54:00,8,1,1,30
201501CW11190,-0.127626,51.500652,2,2,1,2015-08-03,2,August,08:45:00,8,1,1,30
201501CW11192,-0.163673,51.528649,3,2,1,2015-08-01,7,August,14:30:00,14,1,1,30
201501CW11193,-0.165301,51.531192,3,2,1,2015-08-11,3,August,13:10:00,13,1,1,30
201501CW11194,-0.151044,51.488074,3,1,1,2015-08-11,3,August,13:15:00,13,2,2,30
201501CW11195,-0.136899,51.485243,3,2,1,2015-08-11,3,August,09:18:00,9,1,1,30
201501CW11197,-0.171558,51.526164,2,1,2,2015-08-12,4,August,15:28:00,15,1,1,30
201501CW11198,-0.158979,51.519943,2,1,1,2015-08-12,4,August,15:53:00,15,1,1,30
201501CW11199,-0.131291,51.51321,3,1,1,2015-08-11,3,August,16:50:00,16,1,1,30
201501CW11200,-0.174404,51.534302,3,2,1,2015-08-12,4,August,07:40:00,7,1,1,30
201501CW11201,-0.16082,51.513587,3,1,1,2015-08-12,4,August,14:36:00,14,1,1,30
201501CW11203,-0.154229,51.509077,3,1,1,2015-08-01,7,August,18:30:00,18,1,1,30
201501CW11204,-0.14098,51.508868,3,1,1,2015-07-30,5,July,14:30:00,14,1,1,30
201501CW11205,-0.116918,51.512261,3,2,1,2015-08-06,5,August,09:20:00,9,1,1,30
201501CW11206,-0.216038,51.527838,3,2,1,2015-08-06,5,August,19:00:00,19,1,1,30
201501CW11207,-0.146722,51.502304,3,1,1,2015-07-08,4,July,21:25:00,21,1,1,30
201501CW11208,-0.144915,51.514865,3,2,1,2015-07-19,1,July,23:20:00,23,1,1,30
201501CW11209,-0.131231,51.507634,3,2,1,2015-08-08,7,August,02:30:00,2,1,1,30
201501CW11211,-0.208019,51.526457,3,2,1,2015-08-14,6,August,07:57:00,7,1,1,30
201501CW11212,-0.163401,51.521091,3,5,3,2015-08-13,5,August,23:04:00,23,1,1,30
201501CW11213,-0.151917,51.519922,3,1,1,2015-08-13,5,August,13:18:00,13,2,2,30
201501CW11215,-0.142759,51.507637,3,2,1,2015-08-09,1,August,01:12:00,1,1,1,30
201501CW11216,-0.145681,51.495993,3,1,1,2015-08-15,7,August,21:50:00,21,1,1,30
201501CW11218,-0.131254,51.514109,3,1,1,2015-08-15,7,August,22:40:00,22,1,1,30
201501CW11219,-0.135808,51.51553,3,2,1,2015-08-14,6,August,16:08:00,16,2,2,30
201501CW11220,-0.193905,51.51518,3,1,1,2015-08-15,7,August,20:45:00,20,1,1,30
201501CW11221,-0.179078,51.521965,3,2,1,2015-08-16,1,August,18:20:00,18,1,1,30
201501CW11222,-0.158242,51.513187,3,2,1,2015-08-16,1,August,10:22:00,10,1,1,30
201501CW11223,-0.143577,51.487507,3,3,2,2015-08-16,1,August,17:17:00,17,1,1,30
201501CW11224,-0.130872,51.505829,2,2,1,2015-08-09,1,August,14:18:00,14,1,1,30
201501CW11225,-0.141912,51.496563,3,2,1,2015-08-17,2,August,19:30:00,19,1,1,30
201501CW11226,-0.128506,51.510828,3,2,1,2015-08-17,2,August,20:02:00,20,1,1,30
201501CW11228,-0.134337,51.509212,3,2,1,2015-08-18,3,August,04:58:00,4,1,1,30
201501CW11229,-0.148836,51.49991,3,2,1,2015-08-17,2,August,10:52:00,10,1,1,30
201501CW11231,-0.127653,51.507037,3,2,1,2015-08-18,3,August,09:15:00,9,1,1,30
201501CW11232,-0.165436,51.520673,3,2,1,2015-08-18,3,August,10:20:00,10,1,1,30
201501CW11233,-0.125134,51.494677,3,2,1,2015-08-14,6,August,20:25:00,20,2,2,30
201501CW11236,-0.187528,51.516071,3,2,1,2015-08-19,4,August,22:15:00,22,1,1,30
201501CW11237,-0.195324,51.523025,3,2,1,2015-08-19,4,August,10:40:00,10,1,1,20
201501CW11238,-0.127156,51.487515,3,2,1,2015-08-19,4,August,09:00:00,9,1,1,30
201501CW11239,-0.18243,51.517431,3,2,1,2015-08-13,5,August,06:30:00,6,1,1,30
201501CW11240,-0.128566,51.488257,3,2,1,2015-08-13,5,August,11:15:00,11,5,2,30
201501CW11241,-0.132401,51.507203,3,2,2,2015-08-22,7,August,22:10:00,22,1,1,30
201501CW11242,-0.148893,51.516277,3,2,1,2015-08-22,7,August,18:25:00,18,1,1,30
201501CW11243,-0.207689,51.527531,3,2,4,2015-08-22,7,August,18:20:00,18,1,1,30
201501CW11245,-0.149313,51.495241,3,2,2,2015-08-22,7,August,13:40:00,13,1,1,30
201501CW11247,-0.178584,51.519889,3,1,1,2015-08-22,7,August,02:57:00,2,1,1,30
201501CW11248,-0.187535,51.515891,3,2,1,2015-08-21,6,August,19:00:00,19,1,1,30
201501CW11249,-0.180245,51.52522,2,2,1,2015-08-21,6,August,16:45:00,16,1,1,30
201501CW11250,-0.187033,51.510398,3,1,1,2015-08-20,5,August,22:45:00,22,1,1,30
201501CW11251,-0.198302,51.527927,3,2,1,2015-08-20,5,August,21:20:00,21,1,1,30
201501CW11252,-0.158577,51.501322,3,1,1,2015-08-20,5,August,16:45:00,16,1,1,30
201501CW11254,-0.173805,51.524041,3,2,1,2015-08-20,5,August,18:40:00,18,1,1,30
201501CW11255,-0.155655,51.509459,3,2,1,2015-08-20,5,August,18:40:00,18,1,1,30
201501CW11256,-0.153036,51.502943,3,1,1,2015-08-23,1,August,12:11:00,12,1,1,30
201501CW11257,-0.201555,51.522222,3,2,1,2015-08-16,1,August,08:30:00,8,1,1,30
201501CW11258,-0.150201,51.523132,3,1,1,2015-08-24,2,August,15:13:00,15,2,2,30
201501CW11259,-0.157253,51.498423,3,2,1,2015-08-24,2,August,07:59:00,7,1,1,30
201501CW11260,-0.175711,51.526858,3,2,1,2015-08-24,2,August,07:55:00,7,2,2,20
201501CW11261,-0.136899,51.485243,3,2,1,2015-08-25,3,August,06:11:00,6,1,1,30
201501CW11262,-0.176339,51.5364,2,2,1,2015-08-25,3,August,09:15:00,9,1,1,30
201501CW11263,-0.153457,51.513921,3,1,1,2015-08-25,3,August,13:50:00,13,1,1,30
201501CW11264,-0.124012,51.500954,3,2,1,2015-08-25,3,August,07:38:00,7,1,1,30
201501CW11265,-0.174009,51.497337,3,2,1,2015-08-25,3,August,17:20:00,17,2,2,30
201501CW11266,-0.119089,51.512026,3,2,1,2015-08-18,3,August,19:40:00,19,1,1,30
201501CW11267,-0.169804,51.519573,3,2,1,2015-08-21,6,August,18:50:00,18,1,1,30
201501CW11268,-0.148834,51.528416,3,1,1,2015-08-26,4,August,10:45:00,10,1,1,30
201501CW11270,-0.130456,51.487838,3,2,1,2015-08-26,4,August,21:11:00,21,1,1,30
201501CW11271,-0.154415,51.490196,3,2,1,2015-08-26,4,August,23:00:00,23,1,1,30
201501CW11272,-0.164187,51.515888,3,1,1,2015-08-26,4,August,22:17:00,22,1,1,30
201501CW11273,-0.174412,51.498062,3,1,1,2015-08-26,4,August,10:12:00,10,1,1,30
201501CW11276,-0.197548,51.525128,3,2,1,2015-08-26,4,August,19:14:00,19,1,1,30
201501CW11277,-0.142406,51.502146,3,2,1,2015-08-26,4,August,15:30:00,15,1,1,30
201501CW11278,-0.186615,51.510032,3,2,1,2015-08-26,4,August,19:30:00,19,1,1,30
201501CW11279,-0.204168,51.525409,3,2,1,2015-08-27,5,August,23:35:00,23,1,1,30
201501CW11280,-0.126456,51.501083,2,1,1,2015-08-27,5,August,08:57:00,8,1,1,30
201501CW11281,-0.122487,51.506505,3,1,1,2015-08-27,5,August,23:09:00,23,1,1,30
201501CW11283,-0.164819,51.500161,3,2,1,2015-08-14,6,August,23:20:00,23,1,1,30
201501CW11284,-0.201674,51.522853,3,2,1,2015-08-13,5,August,09:15:00,9,1,1,30
201501CW11286,-0.158577,51.512023,3,2,1,2015-08-12,4,August,18:20:00,18,1,1,10
201501CW11287,-0.181022,51.502122,3,1,1,2015-08-12,4,August,17:00:00,17,1,1,20
201501CW11289,-0.173816,51.527369,3,2,1,2015-08-26,4,August,11:01:00,11,1,1,30
201501CW11290,-0.163109,51.521176,3,5,4,2015-08-30,1,August,23:04:00,23,1,1,30
201501CW11291,-0.152066,51.505536,3,2,1,2015-08-28,6,August,14:25:00,14,1,1,30
201501CW11294,-0.167557,51.518099,3,4,1,2015-08-29,7,August,16:13:00,16,1,1,30
201501CW11297,-0.18704,51.510218,3,1,1,2015-08-31,2,August,21:00:00,21,1,2,30
201501CW11298,-0.140857,51.51543,2,2,1,2015-08-09,1,August,18:10:00,18,1,1,30
201501CW11299,-0.139884,51.52162,3,2,1,2015-08-24,2,August,09:15:00,9,1,1,30
201501CW11301,-0.1877,51.533519,3,2,1,2015-09-01,3,September,07:50:00,7,1,1,30
201501CW11303,-0.163858,51.520469,3,2,1,2015-09-01,3,September,17:45:00,17,2,2,30
201501CW11304,-0.136942,51.515998,2,2,1,2015-09-02,4,September,03:46:00,3,1,1,30
201501CW11305,-0.151598,51.524233,3,2,1,2015-08-28,6,August,20:15:00,20,1,1,30
201501CW11308,-0.133851,51.485824,3,2,1,2015-09-02,4,September,21:55:00,21,1,1,30
201501CW11309,-0.215894,51.527836,3,2,1,2015-09-02,4,September,06:58:00,6,1,1,30
201501CW11311,-0.132502,51.511791,3,1,1,2015-09-02,4,September,18:07:00,18,1,1,30
201501CW11313,-0.216028,51.528108,3,2,1,2015-09-02,4,September,08:00:00,8,1,1,30
201501CW11314,-0.124156,51.500956,3,2,1,2015-09-02,4,September,20:36:00,20,1,1,30
201501CW11315,-0.13694,51.508983,3,1,1,2015-09-02,4,September,15:25:00,15,1,1,30
201501CW11316,-0.132174,51.516282,3,1,1,2015-09-02,4,September,19:07:00,19,1,1,30
201501CW11317,-0.131136,51.516984,3,1,1,2015-09-03,5,September,08:23:00,8,1,1,30
201501CW11319,-0.145629,51.493744,3,1,1,2015-09-03,5,September,09:19:00,9,1,1,30
201501CW11320,-0.139733,51.493471,3,2,1,2015-08-03,2,August,18:35:00,18,1,1,30
201501CW11321,-0.152892,51.502941,2,1,1,2015-09-03,5,September,10:30:00,10,1,1,30
201501CW11322,-0.189927,51.510083,3,1,1,2015-09-04,6,September,09:55:00,9,1,1,30
201501CW11323,-0.179607,51.50147,3,1,2,2015-09-04,6,September,19:20:00,19,1,1,30
201501CW11324,-0.127047,51.507747,3,1,1,2015-09-04,6,September,18:00:00,18,1,1,30
201501CW11325,-0.16572,51.520768,3,3,1,2015-09-04,6,September,22:45:00,22,1,1,30
201501CW11326,-0.118982,51.514632,3,2,1,2015-09-04,6,September,14:45:00,14,1,1,30
201501CW11327,-0.197301,51.527732,3,2,1,2015-09-05,7,September,15:18:00,15,1,1,30
201501CW11328,-0.163712,51.534854,3,2,3,2015-09-05,7,September,22:25:00,22,1,1,30
201501CW11329,-0.17997,51.499588,3,2,1,2015-09-06,1,September,21:58:00,21,1,1,30
201501CW11330,-0.141504,51.517239,3,2,1,2015-09-05,7,September,11:47:00,11,1,1,30
201501CW11332,-0.174987,51.52334,3,2,1,2015-09-07,2,September,07:10:00,7,1,1,30
201501CW11333,-0.124156,51.500956,3,2,1,2015-08-31,2,August,15:50:00,15,1,1,30
201501CW11334,-0.161553,51.502538,3,2,1,2015-09-07,2,September,14:30:00,14,1,1,30
201501CW11335,-0.200911,51.52392,3,2,1,2015-09-07,2,September,16:00:00,16,1,1,30
201501CW11336,-0.141765,51.514366,3,1,1,2015-09-07,2,September,19:45:00,19,1,1,30
201501CW11338,-0.208592,51.526556,3,2,1,2015-09-07,2,September,22:27:00,22,1,1,30
201501CW11339,-0.193277,51.512832,3,3,1,2015-09-08,3,September,00:05:00,0,1,1,30
201501CW11341,-0.155528,51.512605,3,2,1,2015-09-08,3,September,18:15:00,18,1,1,30
201501CW11342,-0.127169,51.511795,3,1,1,2015-09-08,3,September,11:20:00,11,1,1,30
201501CW11344,-0.144932,51.496701,3,2,2,2015-09-09,4,September,01:40:00,1,1,1,30
201501CW11345,-0.144932,51.496701,3,2,1,2015-09-05,7,September,04:41:00,4,1,1,30
201501CW11346,-0.167708,51.517921,3,2,3,2015-08-28,6,August,16:30:00,16,1,1,30
201501CW11347,-0.188991,51.519151,3,1,1,2015-08-20,5,August,08:48:00,8,1,1,30
201501CW11348,-0.139713,51.508128,3,2,1,2015-09-09,4,September,15:50:00,15,1,1,30
201501CW11350,-0.130161,51.488013,2,1,1,2015-09-09,4,September,20:27:00,20,1,1,30
201501CW11352,-0.124008,51.501044,3,2,1,2015-09-07,2,September,18:00:00,18,1,1,30
201501CW11353,-0.174568,51.512183,3,1,1,2015-09-11,6,September,20:52:00,20,1,1,30
201501CW11356,-0.164272,51.520925,3,2,1,2015-09-10,5,September,17:10:00,17,1,1,30
201501CW11357,-0.141635,51.514004,3,1,2,2015-09-10,5,September,17:20:00,17,1,1,30
201501CW11358,-0.170359,51.516524,3,2,1,2015-09-10,5,September,21:43:00,21,1,1,30
201501CW11359,-0.174621,51.500044,3,2,1,2015-09-11,6,September,08:20:00,8,1,1,30
201501CW11360,-0.174051,51.539512,3,5,1,2015-09-11,6,September,07:10:00,7,1,1,30
201501CW11361,-0.164125,51.517415,3,2,1,2015-09-11,6,September,12:40:00,12,1,1,30
201501CW11362,-0.132199,51.491013,2,1,1,2015-09-12,7,September,06:15:00,6,1,1,30
201501CW11363,-0.121881,51.507215,3,1,1,2015-09-11,6,September,22:40:00,22,1,1,30
201501CW11364,-0.128617,51.511639,3,1,1,2015-09-12,7,September,02:40:00,2,1,1,30
201501CW11366,-0.174849,51.512367,3,1,1,2015-09-14,2,September,23:38:00,23,1,1,30
201501CW11367,-0.137479,51.485162,3,2,1,2015-09-12,7,September,18:44:00,18,1,1,30
201501CW11368,-0.143903,51.49012,3,1,1,2015-09-14,2,September,01:35:00,1,1,1,30
201501CW11369,-0.175264,51.523614,3,1,2,2015-09-10,5,September,18:21:00,18,1,1,30
201501CW11370,-0.124119,51.501855,3,1,2,2015-09-11,6,September,09:07:00,9,1,1,30
201501CW11371,-0.177102,51.531736,3,2,1,2015-09-10,5,September,07:46:00,7,1,1,30
201501CW11372,-0.173842,51.533933,3,2,1,2015-09-04,6,September,23:05:00,23,1,1,30
201501CW11373,-0.14889,51.516367,3,2,1,2015-09-05,7,September,19:50:00,19,1,1,30
201501CW11375,-0.170784,51.520307,3,2,1,2015-09-14,2,September,09:04:00,9,1,1,30
201501CW11376,-0.125762,51.496935,3,1,1,2015-09-14,2,September,12:23:00,12,2,2,30
201501CW11378,-0.126977,51.509454,3,2,1,2015-09-09,4,September,22:15:00,22,1,1,30
201501CW11379,-0.173963,51.51649,3,2,1,2015-08-22,7,August,09:10:00,9,1,1,30
201501CW11380,-0.175264,51.523614,3,2,1,2015-09-11,6,September,08:30:00,8,1,1,30
201501CW11382,-0.158519,51.50276,2,2,1,2015-09-09,4,September,08:00:00,8,1,1,30
201501CW11383,-0.136144,51.503755,3,1,1,2015-09-15,3,September,16:55:00,16,1,1,30
201501CW11384,-0.130729,51.509334,3,1,1,2015-09-16,4,September,03:30:00,3,1,1,30
201501CW11385,-0.199083,51.52641,3,2,1,2015-09-15,3,September,21:40:00,21,1,1,30
201501CW11386,-0.141362,51.51364,3,2,1,2015-09-15,3,September,12:38:00,12,1,1,30
201501CW11387,-0.130876,51.50574,3,2,1,2015-09-16,4,September,18:10:00,18,1,1,30
201501CW11388,-0.132642,51.511883,3,1,1,2015-09-16,4,September,18:43:00,18,1,1,30
201501CW11390,-0.157595,51.522079,3,1,1,2015-09-16,4,September,12:41:00,12,1,1,30
201501CW11391,-0.174997,51.515877,3,2,1,2015-09-10,5,September,21:15:00,21,1,1,30
201501CW11392,-0.129699,51.488725,3,1,1,2015-09-17,5,September,17:10:00,17,1,1,30
201501CW11393,-0.201428,51.52177,3,2,1,2015-09-17,5,September,17:40:00,17,1,1,30
201501CW11394,-0.1289,51.501212,3,1,1,2015-09-17,5,September,16:46:00,16,1,1,30
201501CW11395,-0.137639,51.513041,3,1,1,2015-09-18,6,September,19:30:00,19,1,1,30
201501CW11396,-0.174687,51.520008,3,2,1,2015-09-18,6,September,17:40:00,17,1,1,40
201501CW11397,-0.126271,51.502069,2,1,1,2015-09-18,6,September,22:55:00,22,1,1,30
201501CW11398,-0.182048,51.516166,3,2,1,2015-09-19,7,September,12:23:00,12,1,1,30
201501CW11399,-0.176723,51.501515,2,3,1,2015-09-20,1,September,00:54:00,0,1,1,30
201501CW11400,-0.17862,51.51899,3,3,1,2015-09-18,6,September,23:35:00,23,1,1,30
201501CW11401,-0.163253,51.521179,3,2,1,2015-09-19,7,September,09:15:00,9,1,1,30
201501CW11402,-0.157651,51.517134,3,2,1,2015-09-20,1,September,13:30:00,13,1,1,30
201501CW11403,-0.141511,51.517059,3,2,1,2015-09-13,1,September,13:15:00,13,1,1,30
201501CW11404,-0.159771,51.521754,3,2,1,2015-09-01,3,September,18:30:00,18,2,2,30
201501CW11405,-0.161557,51.502448,3,2,1,2015-08-05,4,August,19:30:00,19,1,1,30
201501CW11406,-0.175777,51.539629,3,2,1,2015-09-17,5,September,14:40:00,14,1,1,30
201501CW11407,-0.129271,51.513268,3,1,1,2015-09-17,5,September,18:24:00,18,1,1,30
201501CW11408,-0.135709,51.503838,3,1,1,2015-09-17,5,September,19:40:00,19,1,1,30
201501CW11409,-0.154828,51.526352,3,2,1,2015-09-18,6,September,08:53:00,8,1,1,30
201501CW11410,-0.189952,51.534903,2,1,1,2015-09-19,7,September,16:00:00,16,1,1,30
201501CW11412,-0.148565,51.510157,3,1,2,2015-09-21,2,September,14:40:00,14,2,2,30
201501CW11413,-0.193028,51.511839,3,2,2,2015-09-21,2,September,16:11:00,16,2,2,30
201501CW11414,-0.202881,51.528807,3,2,1,2015-09-21,2,September,20:29:00,20,1,2,30
201501CW11415,-0.151112,51.507769,3,2,1,2015-09-21,2,September,17:30:00,17,1,1,30
201501CW11416,-0.20219,51.52439,3,2,1,2015-09-01,3,September,10:30:00,10,1,1,30
201501CW11418,-0.164234,51.514719,2,2,1,2015-09-13,1,September,10:00:00,10,1,1,30
201501CW11419,-0.151247,51.493743,3,2,1,2015-09-23,4,September,09:43:00,9,1,1,30
201501CW11420,-0.150822,51.493556,3,2,1,2015-09-23,4,September,10:00:00,10,1,1,30
201501CW11421,-0.159229,51.513742,3,1,1,2015-09-23,4,September,19:48:00,19,1,1,30
201501CW11422,-0.156852,51.515503,3,2,1,2015-09-22,3,September,16:25:00,16,1,1,30
201501CW11423,-0.130223,51.507618,3,2,1,2015-09-22,3,September,14:05:00,14,8,2,30
201501CW11426,-0.145541,51.495901,3,1,2,2015-09-23,4,September,08:15:00,8,1,1,30
201501CW11427,-0.155564,51.522407,3,2,1,2015-09-23,4,September,15:30:00,15,1,1,30
201501CW11430,-0.161573,51.512789,3,2,1,2015-09-20,1,September,21:40:00,21,1,1,30
201501CW11431,-0.116855,51.510281,3,1,1,2015-09-17,5,September,15:45:00,15,1,1,30
201501CW11432,-0.124303,51.500869,3,1,1,2015-09-23,4,September,12:50:00,12,1,1,30
201501CW11433,-0.169242,51.519204,3,2,1,2015-08-28,6,August,16:30:00,16,1,1,30
201501CW11434,-0.117741,51.513263,3,2,2,2015-09-19,7,September,09:15:00,9,1,1,30
201501CW11436,-0.138656,51.505773,3,2,1,2015-08-18,3,August,15:15:00,15,2,2,30
201501CW11437,-0.173943,51.52782,3,1,1,2015-09-24,5,September,13:10:00,13,1,1,30
201501CW11440,-0.153036,51.502943,3,2,1,2015-09-27,1,September,22:27:00,22,1,1,30
201501CW11441,-0.119115,51.511397,3,2,2,2015-09-27,1,September,21:30:00,21,1,1,30
201501CW11442,-0.138028,51.492904,3,2,2,2015-09-27,1,September,11:20:00,11,1,1,30
201501CW11443,-0.157177,51.511012,3,2,1,2015-09-26,7,September,16:14:00,16,1,1,30
201501CW11444,-0.168411,51.514785,3,1,1,2015-09-26,7,September,10:55:00,10,1,1,30
201501CW11445,-0.18813,51.526332,3,2,1,2015-09-26,7,September,15:11:00,15,1,1,30
201501CW11446,-0.13694,51.508983,3,1,1,2015-09-25,6,September,18:00:00,18,1,1,30
201501CW11447,-0.129546,51.499514,3,2,1,2015-09-23,4,September,01:08:00,1,1,1,30
201501CW11450,-0.172674,51.519887,3,3,1,2015-09-25,6,September,17:21:00,17,1,1,40
201501CW11452,-0.201451,51.528515,3,1,1,2015-09-25,6,September,16:20:00,16,1,1,30
201501CW11453,-0.122302,51.510998,3,1,1,2015-09-25,6,September,13:00:00,13,1,1,30
201501CW11454,-0.181417,51.528386,3,2,1,2015-09-25,6,September,12:10:00,12,1,1,30
201501CW11455,-0.145545,51.495811,2,1,1,2015-09-25,6,September,08:25:00,8,1,1,30
201501CW11456,-0.150141,51.503257,3,2,1,2015-09-27,1,September,22:10:00,22,1,1,30
201501CW11457,-0.129113,51.488985,3,2,1,2015-09-25,6,September,15:16:00,15,1,1,30
201501CW11459,-0.15854,51.502221,3,1,1,2015-09-21,2,September,17:40:00,17,1,2,30
201501CW11460,-0.143189,51.511241,3,2,1,2015-09-21,2,September,15:10:00,15,2,2,30
201501CW11462,-0.205626,51.528669,3,2,1,2015-09-28,2,September,16:25:00,16,1,1,30
201501CW11463,-0.119119,51.511307,3,2,1,2015-09-28,2,September,09:20:00,9,1,1,30
201501CW11464,-0.125134,51.494677,3,2,1,2015-09-28,2,September,16:55:00,16,1,1,30
201501CW11465,-0.171482,51.520858,3,1,1,2015-09-28,2,September,14:06:00,14,1,1,30
201501CW11466,-0.169242,51.519204,3,2,1,2015-09-28,2,September,10:37:00,10,1,1,30
201501CW11467,-0.170283,51.522008,3,2,1,2015-09-08,3,September,15:10:00,15,1,1,30
201501CW11469,-0.156501,51.509922,3,2,1,2015-09-29,3,September,06:42:00,6,1,1,30
201501CW11470,-0.174404,51.534302,3,2,3,2015-09-29,3,September,09:00:00,9,1,1,30
201501CW11471,-0.184205,51.530767,3,2,1,2015-09-29,3,September,14:20:00,14,1,1,30
201501CW11472,-0.142607,51.490099,3,2,1,2015-09-29,3,September,15:47:00,15,1,1,30
201501CW11474,-0.150802,51.515408,3,1,1,2015-09-15,3,September,17:15:00,17,1,1,30
201501CW11475,-0.142492,51.496482,3,1,1,2015-09-30,4,September,12:56:00,12,1,1,30
201501CW11476,-0.161864,51.516301,3,2,1,2015-09-30,4,September,18:00:00,18,1,1,30
201501CW11477,-0.143089,51.520771,3,1,1,2015-09-30,4,September,08:30:00,8,1,1,30
201501CW11479,-0.146354,51.497173,2,2,1,2015-09-24,5,September,06:50:00,6,2,2,30
201501CW11482,-0.175099,51.534942,3,3,1,2015-10-01,5,October,19:48:00,19,1,1,30
201501CW11484,-0.125134,51.494677,3,2,1,2015-10-01,5,October,23:26:00,23,1,1,30
201501CW11485,-0.131162,51.516355,3,1,1,2015-09-30,4,September,14:00:00,14,1,1,30
201501CW11486,-0.161905,51.526013,3,2,1,2015-10-02,6,October,16:00:00,16,1,1,30
201501CW11487,-0.145669,51.485651,3,2,1,2015-10-02,6,October,15:18:00,15,1,1,30
201501CW11488,-0.200717,51.525176,3,3,1,2015-10-02,6,October,22:40:00,22,1,1,30
201501CW11489,-0.173006,51.533201,3,1,1,2015-10-03,7,October,00:15:00,0,1,1,30
201501CW11492,-0.132243,51.489935,3,2,1,2015-10-04,1,October,18:02:00,18,1,1,30
201501CW11493,-0.167805,51.529883,3,2,1,2015-10-04,1,October,17:35:00,17,1,1,30
201501CW11494,-0.146213,51.49708,3,2,1,2015-10-05,2,October,04:10:00,4,1,1,30
201501CW11495,-0.155962,51.516118,2,1,2,2015-10-04,1,October,20:00:00,20,9,1,30
201501CW11497,-0.193421,51.512835,3,2,1,2015-09-26,7,September,15:40:00,15,1,1,30
201501CW11498,-0.195045,51.519154,3,2,1,2015-09-25,6,September,12:30:00,12,2,2,30
201501CW11499,-0.129666,51.514173,2,1,1,2015-10-05,2,October,13:55:00,13,1,2,30
201501CW11500,-0.200911,51.52392,3,2,1,2015-10-05,2,October,16:55:00,16,1,1,30
201501CW11501,-0.125414,51.494861,3,2,1,2015-10-05,2,October,19:25:00,19,2,2,30
201501CW11502,-0.151616,51.505978,3,2,1,2015-10-05,2,October,20:23:00,20,2,2,30
201501CW11504,-0.151044,51.488074,3,2,1,2015-10-06,3,October,20:09:00,20,1,1,30
201501CW11505,-0.1243,51.500959,3,2,1,2015-10-06,3,October,21:45:00,21,1,1,30
201501CW11506,-0.145669,51.485651,3,2,1,2015-10-04,1,October,17:30:00,17,1,1,30
201501CW11507,-0.166253,51.521855,3,2,2,2015-10-06,3,October,11:44:00,11,1,1,30
201501CW11508,-0.161382,51.513955,3,1,1,2015-09-29,3,September,19:40:00,19,1,1,30
201501CW11511,-0.127302,51.50856,3,1,1,2015-09-28,2,September,06:15:00,6,1,1,30
201501CW11512,-0.129646,51.500594,2,2,1,2015-10-07,4,October,12:14:00,12,1,1,30
201501CW11513,-0.160434,51.519606,3,2,1,2015-10-08,5,October,09:37:00,9,1,1,30
201501CW11514,-0.167205,51.512518,3,2,1,2015-10-08,5,October,08:30:00,8,1,1,30
201501CW11515,-0.127047,51.507747,3,1,1,2015-10-08,5,October,11:55:00,11,1,1,30
201501CW11516,-0.156803,51.520268,3,1,1,2015-10-08,5,October,14:40:00,14,1,1,30
201501CW11517,-0.120877,51.510616,3,2,1,2015-09-13,1,September,00:30:00,0,1,1,30
201501CW11518,-0.130449,51.516164,3,2,1,2015-10-06,3,October,09:30:00,9,1,1,30
201501CW11520,-0.143083,51.506743,3,1,1,2015-10-09,6,October,14:16:00,14,1,1,30
201501CW11521,-0.153152,51.500068,3,2,1,2015-10-09,6,October,09:30:00,9,1,1,30
201501CW11523,-0.125326,51.493511,3,2,1,2015-10-11,1,October,20:50:00,20,1,1,30
201501CW11524,-0.149959,51.500647,3,2,3,2015-10-11,1,October,09:47:00,9,1,1,30
201501CW11525,-0.174846,51.523248,3,2,1,2015-10-11,1,October,05:24:00,5,1,1,30
201501CW11526,-0.156809,51.502283,3,2,1,2015-10-10,7,October,23:40:00,23,1,1,30
201501CW11527,-0.193617,51.515176,3,1,1,2015-10-10,7,October,04:45:00,4,1,1,30
201501CW11528,-0.182588,51.531551,3,2,1,2015-10-10,7,October,17:00:00,17,1,1,30
201501CW11529,-0.130446,51.516254,3,1,1,2015-10-09,6,October,22:40:00,22,1,1,30
201501CW11531,-0.12307,51.509841,3,2,2,2015-10-10,7,October,03:28:00,3,1,1,30
201501CW11532,-0.134227,51.49779,3,1,1,2015-10-09,6,October,21:50:00,21,1,1,30
201501CW11534,-0.158677,51.502403,3,2,1,2015-10-08,5,October,10:30:00,10,1,1,30
201501CW11535,-0.127002,51.494797,3,2,1,2015-09-30,4,September,09:39:00,9,1,1,30
201501CW11538,-0.145681,51.495993,3,2,1,2015-09-29,3,September,14:28:00,14,1,1,30
201501CW11539,-0.127354,51.507302,3,2,1,2015-10-12,2,October,12:45:00,12,1,1,30
201501CW11540,-0.167484,51.530687,3,2,2,2015-10-12,2,October,15:45:00,15,1,1,30
201501CW11541,-0.151877,51.503105,3,2,1,2015-10-12,2,October,21:50:00,21,1,1,30
201501CW11542,-0.167276,51.517914,3,1,1,2015-10-12,2,October,23:55:00,23,1,1,30
201501CW11543,-0.173398,51.519808,3,1,1,2015-10-12,2,October,23:10:00,23,1,2,30
201501CW11544,-0.151429,51.514159,3,1,1,2015-10-13,3,October,08:50:00,8,1,1,30
201501CW11545,-0.135029,51.48872,3,2,1,2015-10-13,3,October,12:50:00,12,1,1,30
201501CW11546,-0.1554,51.537152,3,2,1,2015-10-13,3,October,15:59:00,15,1,1,30
201501CW11547,-0.156356,51.50992,3,2,1,2015-10-13,3,October,15:35:00,15,1,1,30
201501CW11548,-0.117801,51.511825,3,1,1,2015-10-13,3,October,09:15:00,9,1,1,30
201501CW11549,-0.176181,51.511489,3,1,2,2015-10-13,3,October,10:28:00,10,1,1,30
201501CW11551,-0.135658,51.519215,2,2,1,2015-10-14,4,October,10:55:00,10,1,1,30
201501CW11552,-0.142896,51.507819,3,1,1,2015-10-14,4,October,14:46:00,14,1,1,30
201501CW11553,-0.119089,51.512026,3,1,2,2015-10-14,4,October,09:49:00,9,1,1,30
201501CW11554,-0.116013,51.513235,3,1,1,2015-10-14,4,October,09:28:00,9,1,1,30
201501CW11556,-0.159229,51.513742,3,2,1,2015-10-08,5,October,06:40:00,6,2,2,30
201501CW11558,-0.125127,51.494857,3,2,1,2015-10-16,6,October,12:50:00,12,1,1,30
201501CW11559,-0.16082,51.513587,3,1,1,2015-10-16,6,October,17:52:00,17,1,1,30
201501CW11560,-0.157706,51.512189,3,1,1,2015-10-16,6,October,20:10:00,20,1,1,30
201501CW11561,-0.138546,51.508469,3,1,1,2015-10-17,7,October,13:26:00,13,1,1,30
201501CW11562,-0.210233,51.528829,3,2,1,2015-10-17,7,October,16:16:00,16,1,1,30
201501CW11563,-0.158135,51.522987,3,1,1,2015-10-17,7,October,18:20:00,18,1,1,30
201501CW11564,-0.129703,51.488635,3,2,1,2015-10-17,7,October,00:25:00,0,1,1,30
201501CW11565,-0.175214,51.528469,3,1,1,2015-10-18,1,October,17:00:00,17,1,1,30
201501CW11566,-0.170391,51.519312,3,1,1,2015-10-15,5,October,19:55:00,19,1,1,30
201501CW11568,-0.1747,51.501664,3,2,1,2015-10-18,1,October,16:24:00,16,1,1,30
201501CW11569,-0.191663,51.50993,3,2,1,2015-10-15,5,October,10:15:00,10,1,1,30
201501CW11570,-0.192025,51.515331,3,2,1,2015-10-16,6,October,08:47:00,8,1,1,30
201501CW11571,-0.150857,51.521164,3,2,1,2015-10-09,6,October,14:30:00,14,1,1,30
201501CW11574,-0.175548,51.520112,3,2,1,2015-10-15,5,October,14:20:00,14,1,1,30
201501CW11575,-0.123868,51.500952,3,1,2,2015-10-19,2,October,13:45:00,13,1,1,30
201501CW11577,-0.18142,51.528296,3,2,1,2015-10-19,2,October,21:15:00,21,1,1,30
201501CW11578,-0.180095,51.51092,3,2,1,2015-10-19,2,October,06:55:00,6,1,1,30
201501CW11579,-0.132128,51.506839,3,2,1,2015-09-28,2,September,08:10:00,8,1,1,30
201501CW11580,-0.152589,51.513997,3,2,1,2015-10-14,4,October,17:00:00,17,1,1,30
201501CW11581,-0.18065,51.515065,3,1,1,2015-10-20,3,October,12:35:00,12,1,1,30
201501CW11582,-0.127721,51.487794,2,2,1,2015-10-20,3,October,12:15:00,12,1,1,30
201501CW11583,-0.168431,51.53223,3,2,1,2015-10-20,3,October,15:00:00,15,1,1,30
201501CW11585,-0.162094,51.52134,3,2,1,2015-10-21,4,October,04:53:00,4,2,2,30
201501CW11587,-0.128756,51.50121,3,2,2,2015-10-21,4,October,14:25:00,14,1,1,30
201501CW11588,-0.157595,51.522079,3,2,1,2015-10-12,2,October,10:26:00,10,1,1,30
201501CW11589,-0.119558,51.511134,3,1,1,2015-09-29,3,September,21:15:00,21,1,1,30
201501CW11591,-0.182865,51.517348,3,3,1,2015-10-22,5,October,16:00:00,16,1,1,30
201501CW11592,-0.127553,51.509463,3,1,1,2015-10-22,5,October,15:55:00,15,1,1,30
201501CW11593,-0.142426,51.515815,3,1,1,2015-10-18,1,October,01:00:00,1,1,1,30
201501CW11594,-0.200746,51.524457,3,2,2,2015-10-23,6,October,21:20:00,21,1,1,30
201501CW11596,-0.199291,51.524795,3,2,1,2015-10-25,1,October,08:59:00,8,1,1,30
201501CW11597,-0.156665,51.502281,3,2,1,2015-10-25,1,October,01:00:00,1,1,1,30
201501CW11598,-0.155875,51.496873,3,2,1,2015-10-24,7,October,23:00:00,23,1,1,30
201501CW11599,-0.164705,51.520932,2,2,1,2015-10-24,7,October,14:58:00,14,1,1,30
201501CW11600,-0.175517,51.535308,3,2,1,2015-10-24,7,October,11:50:00,11,1,1,30
201501CW11601,-0.116338,51.512341,3,1,1,2015-10-24,7,October,09:45:00,9,1,1,30
201501CW11603,-0.19139,51.520447,2,2,1,2015-10-23,6,October,22:40:00,22,1,1,30
201501CW11604,-0.153049,51.523986,3,2,1,2015-10-23,6,October,15:00:00,15,1,1,30
201501CW11605,-0.142167,51.515091,3,2,1,2015-10-23,6,October,09:40:00,9,1,1,30
201501CW11606,-0.13731,51.510518,3,1,1,2015-10-23,6,October,19:30:00,19,1,1,30
201501CW11609,-0.143822,51.506305,2,1,1,2015-10-24,7,October,12:25:00,12,1,1,30
201501CW11613,-0.171007,51.529123,3,2,1,2015-10-08,5,October,07:45:00,7,1,1,30
201501CW11614,-0.148093,51.504034,3,2,1,2015-10-26,2,October,22:55:00,22,1,1,30
201501CW11616,-0.153984,51.507994,3,1,1,2015-10-26,2,October,15:56:00,15,1,1,30
201501CW11618,-0.13145,51.51636,3,1,2,2015-10-23,6,October,11:50:00,11,1,1,30
201501CW11620,-0.207376,51.528156,3,1,1,2015-10-27,3,October,10:05:00,10,1,1,30
201501CW11621,-0.175264,51.520017,3,2,2,2015-10-27,3,October,11:50:00,11,1,1,40
201501CW11622,-0.171162,51.518065,3,2,3,2015-10-28,4,October,17:30:00,17,1,1,30
201501CW11623,-0.178488,51.525912,3,2,1,2015-10-28,4,October,11:50:00,11,1,1,30
201501CW11624,-0.201425,51.52186,3,1,1,2015-10-28,4,October,19:30:00,19,1,1,30
201501CW11625,-0.14826,51.485692,3,4,3,2015-10-27,3,October,07:55:00,7,1,1,30
201501CW11626,-0.176734,51.526515,3,2,1,2015-10-27,3,October,12:10:00,12,1,1,30
201501CW11627,-0.150417,51.514233,3,1,2,2015-10-27,3,October,10:50:00,10,1,1,30
201501CW11628,-0.166548,51.528874,3,2,1,2015-10-27,3,October,16:55:00,16,2,2,30
201501CW11629,-0.131331,51.512222,3,2,1,2015-10-13,3,October,19:50:00,19,1,1,30
201501CW11631,-0.136555,51.49369,2,1,1,2015-10-17,7,October,03:41:00,3,1,1,30
201501CW11632,-0.182679,51.536499,3,1,1,2015-10-28,4,October,20:01:00,20,9,1,30
201501CW11633,-0.183861,51.510439,3,2,1,2015-10-29,5,October,08:42:00,8,1,1,30
201501CW11634,-0.129271,51.513268,2,1,2,2015-10-31,7,October,20:05:00,20,1,1,30
201501CW11636,-0.170928,51.520309,3,1,1,2015-10-31,7,October,09:30:00,9,1,1,30
201501CW11640,-0.14274,51.51519,3,1,1,2015-11-01,1,November,06:30:00,6,1,1,30
201501CW11643,-0.132693,51.507117,3,2,2,2015-10-31,7,October,02:25:00,2,1,1,30
201501CW11644,-0.213757,51.527174,3,2,1,2015-10-30,6,October,17:50:00,17,1,1,30
201501CW11645,-0.157764,51.510751,3,2,1,2015-10-30,6,October,08:05:00,8,1,1,30
201501CW11646,-0.138462,51.510536,3,1,3,2015-10-29,5,October,14:00:00,14,1,1,30
201501CW11647,-0.134011,51.488974,3,2,1,2015-10-30,6,October,08:47:00,8,1,1,30
201501CW11648,-0.156871,51.522158,3,2,4,2015-10-29,5,October,18:05:00,18,1,1,30
201501CW11649,-0.170643,51.520215,3,2,1,2015-10-29,5,October,17:35:00,17,2,2,30
201501CW11650,-0.133838,51.510823,3,1,1,2015-10-29,5,October,12:12:00,12,1,1,30
201501CW11651,-0.146284,51.513088,3,1,1,2015-10-29,5,October,08:26:00,8,1,1,30
201501CW11652,-0.147154,51.523623,3,2,1,2015-10-16,6,October,07:56:00,7,1,1,30
201501CW11653,-0.151461,51.516947,3,2,1,2015-10-23,6,October,17:20:00,17,1,1,30
201501CW11654,-0.172866,51.533109,3,2,1,2015-11-02,2,November,17:58:00,17,1,1,30
201501CW11655,-0.142619,51.507545,3,2,1,2015-11-02,2,November,13:10:00,13,1,1,30
201501CW11656,-0.182609,51.516534,2,2,1,2015-10-07,4,October,13:42:00,13,1,1,30
201501CW11657,-0.155528,51.512605,3,2,1,2015-10-27,3,October,16:09:00,16,1,1,30
201501CW11658,-0.1659,51.519871,3,1,1,2015-10-24,7,October,19:40:00,19,2,2,30
201501CW11659,-0.183181,51.527514,3,1,1,2015-11-04,4,November,08:45:00,8,1,1,30
201501CW11660,-0.140326,51.51785,3,1,1,2015-11-04,4,November,13:42:00,13,1,1,30
201501CW11661,-0.171893,51.510613,3,2,1,2015-11-04,4,November,18:30:00,18,1,1,30
201501CW11662,-0.140631,51.513898,3,1,1,2015-10-28,4,October,19:00:00,19,1,1,30
201501CW11665,-0.149815,51.500644,2,2,1,2015-11-05,5,November,11:20:00,11,1,1,30
201501CW11666,-0.159103,51.51329,3,1,1,2015-11-05,5,November,10:15:00,10,1,1,30
201501CW11667,-0.186074,51.516408,3,2,1,2015-11-05,5,November,18:01:00,18,1,1,30
201501CW11668,-0.14559,51.49824,3,1,1,2015-11-05,5,November,20:19:00,20,1,1,30
201501CW11669,-0.193356,51.518139,3,2,1,2015-11-03,3,November,17:45:00,17,2,2,30
201501CW11670,-0.141772,51.514186,3,1,1,2015-11-06,6,November,08:03:00,8,1,1,30
201501CW11671,-0.158982,51.519853,3,2,1,2015-11-06,6,November,12:35:00,12,2,2,30
201501CW11672,-0.138613,51.510359,3,2,1,2015-10-11,1,October,17:15:00,17,1,1,30
201501CW11673,-0.119263,51.511309,3,1,2,2015-11-06,6,November,17:25:00,17,2,2,30
201501CW11674,-0.147181,51.498085,3,2,1,2015-11-08,1,November,22:46:00,22,1,1,30
201501CW11675,-0.139703,51.511905,3,1,1,2015-11-08,1,November,20:35:00,20,2,2,30
201501CW11677,-0.191278,51.534204,3,2,1,2015-11-06,6,November,21:57:00,21,1,1,30
201501CW11678,-0.155887,51.535811,3,2,1,2015-11-08,1,November,11:12:00,11,1,1,30
201501CW11680,-0.14294,51.517352,3,2,1,2015-11-09,2,November,08:30:00,8,1,1,30
201501CW11681,-0.170085,51.519757,3,2,1,2015-11-09,2,November,16:00:00,16,1,1,30
201501CW11682,-0.12413,51.501585,3,2,1,2015-11-09,2,November,07:20:00,7,1,1,30
201501CW11683,-0.155647,51.52034,2,1,1,2015-11-09,2,November,11:20:00,11,1,1,30
201501CW11684,-0.170589,51.507175,3,2,1,2015-09-16,4,September,16:45:00,16,2,2,30
201501CW11685,-0.168204,51.537892,3,2,1,2015-11-11,4,November,17:20:00,17,1,1,30
201501CW11686,-0.142023,51.515089,3,1,1,2015-11-11,4,November,17:30:00,17,1,1,30
201501CW11687,-0.197944,51.518749,3,1,1,2015-11-11,4,November,17:27:00,17,1,1,30
201501CW11688,-0.133986,51.510735,3,1,1,2015-11-11,4,November,22:37:00,22,1,1,30
201501CW11689,-0.170085,51.519757,3,3,1,2015-11-15,1,November,18:10:00,18,1,1,30
201501CW11690,-0.138428,51.507838,3,2,4,2015-11-15,1,November,07:35:00,7,1,1,30
201501CW11692,-0.130442,51.516344,3,2,2,2015-11-13,6,November,04:50:00,4,1,1,30
201501CW11693,-0.146942,51.514627,3,1,1,2015-11-13,6,November,12:37:00,12,1,1,30
201501CW11694,-0.138579,51.518272,2,1,1,2015-11-13,6,November,14:00:00,14,1,1,30
201501CW11696,-0.163113,51.521087,3,2,2,2015-11-13,6,November,10:38:00,10,1,1,30
201501CW11698,-0.151359,51.501658,3,1,1,2015-11-13,6,November,16:00:00,16,1,1,30
201501CW11699,-0.12893,51.507507,3,1,1,2015-11-14,7,November,03:25:00,3,1,1,30
201501CW11700,-0.161716,51.516389,3,1,1,2015-11-14,7,November,19:25:00,19,1,1,30
201501CW11701,-0.187528,51.516071,3,2,1,2015-11-14,7,November,17:43:00,17,2,2,30
201501CW11702,-0.155118,51.508462,3,2,1,2015-11-15,1,November,09:10:00,9,1,1,40
201501CW11703,-0.203462,51.525039,3,1,1,2015-11-15,1,November,17:10:00,17,1,1,30
201501CW11704,-0.161864,51.516301,3,1,1,2015-11-12,5,November,08:50:00,8,1,1,30
201501CW11705,-0.180999,51.52802,3,2,1,2015-11-07,7,November,12:30:00,12,2,2,30
201501CW11706,-0.149387,51.514756,3,2,1,2015-10-28,4,October,10:15:00,10,1,1,20
201501CW11707,-0.160034,51.51879,2,2,1,2015-11-05,5,November,08:12:00,8,2,2,30
201501CW11708,-0.14202,51.515179,3,3,1,2015-11-02,2,November,13:00:00,13,1,1,30
201501CW11709,-0.1342,51.50903,3,1,1,2015-11-16,2,November,15:22:00,15,1,1,30
201501CW11710,-0.183449,51.517177,3,2,1,2015-11-16,2,November,17:42:00,17,2,2,30
201501CW11712,-0.17163,51.513576,3,2,1,2015-11-16,2,November,20:55:00,20,1,1,30
201501CW11713,-0.125743,51.500892,3,1,1,2015-11-16,2,November,14:35:00,14,1,1,30
201501CW11714,-0.139196,51.5208,3,2,1,2015-11-10,3,November,17:00:00,17,1,1,30
201501CW11716,-0.154022,51.514199,3,1,1,2015-11-17,3,November,15:10:00,15,2,2,30
201501CW11717,-0.161864,51.516301,3,1,1,2015-11-18,4,November,11:50:00,11,1,1,30
201501CW11718,-0.178667,51.499747,3,2,1,2015-11-18,4,November,10:55:00,10,1,1,30
201501CW11719,-0.140158,51.493657,3,2,1,2015-11-18,4,November,12:40:00,12,1,1,30
201501CW11720,-0.150406,51.489593,3,2,1,2015-11-18,4,November,15:15:00,15,1,1,30
201501CW11721,-0.138428,51.507838,3,2,1,2015-11-17,3,November,19:13:00,19,1,1,30
201501CW11722,-0.203462,51.525039,3,1,1,2015-11-17,3,November,17:35:00,17,1,1,30
201501CW11723,-0.173006,51.533201,3,2,1,2015-11-17,3,November,21:15:00,21,5,4,30
201501CW11724,-0.20074,51.52095,3,1,1,2015-11-17,3,November,21:15:00,21,1,1,30
201501CW11725,-0.184139,51.51431,3,1,1,2015-11-18,4,November,11:15:00,11,1,1,30
201501CW11726,-0.203887,51.525225,3,1,1,2015-11-17,3,November,13:07:00,13,2,2,30
201501CW11727,-0.165079,51.518779,3,1,1,2015-11-18,4,November,20:16:00,20,1,1,30
201501CW11728,-0.183484,51.527159,3,2,1,2015-11-17,3,November,17:18:00,17,1,1,30
201501CW11731,-0.126164,51.501168,3,2,1,2015-11-18,4,November,18:27:00,18,1,1,30
201501CW11732,-0.127213,51.500196,3,2,1,2015-11-17,3,November,08:00:00,8,1,1,30
201501CW11734,-0.164272,51.520925,3,1,1,2015-11-19,5,November,21:58:00,21,1,1,30
201501CW11735,-0.174843,51.523338,3,1,1,2015-11-19,5,November,19:00:00,19,1,1,30
201501CW11736,-0.189322,51.518077,3,1,1,2015-11-19,5,November,17:27:00,17,1,1,30
201501CW11737,-0.133986,51.510735,3,2,1,2015-11-19,5,November,14:28:00,14,1,1,30
201501CW11738,-0.193028,51.511839,3,2,1,2015-11-19,5,November,09:38:00,9,2,2,30
201501CW11739,-0.126885,51.511701,3,1,1,2015-11-17,3,November,07:06:00,7,2,2,30
201501CW11741,-0.128154,51.494815,3,3,1,2015-11-13,6,November,07:24:00,7,1,1,30
201501CW11742,-0.21083,51.531986,3,1,1,2015-11-22,1,November,17:50:00,17,1,1,30
201501CW11744,-0.154986,51.515294,3,2,1,2015-11-21,7,November,15:50:00,15,1,1,30
201501CW11745,-0.12646,51.511514,3,1,1,2015-11-21,7,November,14:38:00,14,1,1,30
201501CW11747,-0.155479,51.51737,3,2,1,2015-11-20,6,November,08:35:00,8,1,1,30
201501CW11748,-0.163173,51.501664,2,2,1,2015-11-20,6,November,23:10:00,23,1,1,30
201501CW11750,-0.151098,51.504531,3,3,1,2015-11-20,6,November,13:55:00,13,1,1,30
201501CW11751,-0.132811,51.490123,3,2,1,2015-11-20,6,November,09:00:00,9,1,1,30
201501CW11752,-0.170506,51.520033,3,1,1,2015-11-20,6,November,07:50:00,7,1,1,30
201501CW11753,-0.117339,51.50903,3,2,1,2015-11-20,6,November,23:40:00,23,1,1,30
201501CW11754,-0.147378,51.493232,2,2,1,2015-11-19,5,November,21:20:00,21,1,1,30
201501CW11755,-0.167139,51.517732,3,2,1,2015-11-06,6,November,13:00:00,13,1,1,30
201501CW11757,-0.129074,51.507509,3,2,1,2015-11-22,1,November,21:20:00,21,1,1,30
201501CW11759,-0.155528,51.512605,3,2,1,2015-11-23,2,November,07:05:00,7,1,1,30
201501CW11762,-0.174477,51.503639,3,2,1,2015-11-17,3,November,07:30:00,7,1,1,30
201501CW11764,-0.119263,51.511309,3,2,1,2015-11-23,2,November,14:04:00,14,1,1,30
201501CW11765,-0.127505,51.507125,3,1,2,2015-11-23,2,November,13:20:00,13,1,1,30
201501CW11767,-0.173949,51.524043,3,1,1,2015-11-23,2,November,17:00:00,17,1,1,30
201501CW11768,-0.161807,51.514142,3,2,1,2015-11-24,3,November,08:06:00,8,1,1,30
201501CW11769,-0.179886,51.527013,3,2,1,2015-11-24,3,November,12:47:00,12,1,1,30
201501CW11770,-0.173003,51.533291,3,2,1,2015-11-24,3,November,17:24:00,17,1,2,30
201501CW11771,-0.164128,51.520923,3,1,1,2015-11-20,6,November,23:20:00,23,1,1,30
201501CW11772,-0.164187,51.515888,3,2,2,2015-11-14,7,November,22:18:00,22,2,2,30
201501CW11773,-0.147612,51.523001,3,1,1,2015-11-17,3,November,15:30:00,15,1,1,30
201501CW11774,-0.141912,51.496563,3,2,1,2015-08-26,4,August,07:10:00,7,1,1,30
201501CW11775,-0.124618,51.510765,3,1,1,2015-11-25,4,November,18:56:00,18,1,1,30
201501CW11776,-0.195045,51.519154,3,2,1,2015-11-25,4,November,08:20:00,8,1,1,30
201501CW11777,-0.177657,51.532284,3,1,1,2015-11-26,5,November,03:30:00,3,1,1,30
201501CW11778,-0.157393,51.498516,3,2,1,2015-11-26,5,November,08:50:00,8,1,1,30
201501CW11779,-0.119939,51.512399,2,2,1,2015-11-17,3,November,06:30:00,6,1,2,30
201501CW11780,-0.153385,51.522822,3,2,1,2015-11-18,4,November,06:05:00,6,1,1,30
201501CW11781,-0.165613,51.512673,3,2,1,2015-11-26,5,November,18:45:00,18,1,1,30
201501CW11782,-0.198668,51.51867,3,1,1,2015-11-28,7,November,16:09:00,16,1,1,30
201501CW11783,-0.135603,51.509951,3,2,1,2015-11-29,1,November,00:12:00,0,1,1,30
201501CW11784,-0.147752,51.523093,3,1,1,2015-11-28,7,November,19:00:00,19,5,2,30
201501CW11785,-0.153036,51.502943,3,1,2,2015-11-28,7,November,18:07:00,18,1,2,30
201501CW11786,-0.205011,51.525962,3,2,1,2015-11-28,7,November,12:45:00,12,1,1,30
201501CW11787,-0.165709,51.528231,3,2,2,2015-11-28,7,November,11:00:00,11,1,1,30
201501CW11788,-0.170082,51.501862,3,1,1,2015-11-27,6,November,15:20:00,15,1,2,30
201501CW11789,-0.163712,51.534854,3,2,1,2015-11-27,6,November,18:05:00,18,1,2,30
201501CW11790,-0.143555,51.519969,3,1,2,2015-11-27,6,November,16:00:00,16,1,1,30
201501CW11791,-0.170503,51.520123,3,1,1,2015-11-27,6,November,16:55:00,16,2,2,30
201501CW11792,-0.159508,51.52112,3,1,1,2015-11-27,6,November,15:46:00,15,1,1,30
201501CW11793,-0.140053,51.510382,3,1,1,2015-11-27,6,November,15:45:00,15,1,1,30
201501CW11794,-0.13449,51.516049,3,2,1,2015-11-26,5,November,16:20:00,16,1,1,30
201501CW11795,-0.156639,51.517208,3,2,1,2015-11-26,5,November,17:23:00,17,1,1,30
201501CW11797,-0.137335,51.48516,3,2,3,2015-11-29,1,November,20:43:00,20,5,2,30
201501CW11798,-0.144335,51.514946,2,1,1,2015-11-29,1,November,17:20:00,17,1,1,30
201501CW11799,-0.138695,51.511889,2,1,1,2015-11-20,6,November,07:50:00,7,1,1,30
201501CW11800,-0.173867,51.522513,3,2,1,2015-11-22,1,November,09:00:00,9,1,1,30
201501CW11803,-0.146798,51.514625,3,1,1,2015-11-27,6,November,13:20:00,13,1,1,30
201501CW11804,-0.172461,51.510801,2,2,1,2015-11-18,4,November,09:34:00,9,1,1,30
201501CW11805,-0.148682,51.514385,3,1,1,2015-12-01,3,December,04:54:00,4,2,2,30
201501CW11807,-0.164187,51.515888,3,1,1,2015-11-30,2,November,22:40:00,22,5,2,30
201501CW11808,-0.185391,51.522692,3,3,1,2015-11-30,2,November,13:30:00,13,1,1,30
201501CW11809,-0.187909,51.513739,3,1,1,2015-11-30,2,November,13:34:00,13,1,1,30
201501CW11810,-0.18142,51.528296,3,1,1,2015-11-30,2,November,12:00:00,12,1,1,30
201501CW11811,-0.176299,51.537389,3,2,1,2015-11-30,2,November,08:30:00,8,1,1,30
201501CW11812,-0.133577,51.496071,3,2,1,2015-12-01,3,December,12:35:00,12,1,1,30
201501CW11815,-0.122491,51.506415,3,2,1,2015-12-01,3,December,12:40:00,12,9,1,30
201501CW11816,-0.176674,51.513565,3,2,1,2015-12-01,3,December,21:28:00,21,1,1,30
201501CW11817,-0.19217,51.515333,3,1,3,2015-12-02,4,December,15:33:00,15,1,1,30
201501CW11818,-0.125134,51.494677,3,2,1,2015-12-02,4,December,18:30:00,18,1,1,30
201501CW11819,-0.152061,51.502119,3,2,1,2015-12-02,4,December,07:07:00,7,1,1,30
201501CW11820,-0.132878,51.509638,3,1,1,2015-12-02,4,December,23:05:00,23,8,1,30
201501CW11821,-0.128466,51.511816,3,2,1,2015-12-02,4,December,19:00:00,19,1,1,30
201501CW11823,-0.158128,51.523167,3,2,1,2015-11-11,4,November,10:50:00,10,1,1,30
201501CW11824,-0.153194,51.523988,3,2,1,2015-11-24,3,November,11:39:00,11,1,1,30
201501CW11825,-0.127649,51.507127,2,1,1,2015-11-30,2,November,07:24:00,7,1,1,30
201501CW11826,-0.135035,51.495644,2,1,1,2015-12-03,5,December,11:50:00,11,1,1,20
201501CW11827,-0.148836,51.49991,3,2,1,2015-12-03,5,December,12:30:00,12,1,1,30
201501CW11829,-0.178472,51.519078,3,1,1,2015-12-04,6,December,23:10:00,23,2,2,30
201501CW11830,-0.152397,51.497358,3,2,3,2015-12-04,6,December,00:18:00,0,1,2,30
201501CW11831,-0.133292,51.510095,3,1,1,2015-12-04,6,December,13:31:00,13,1,1,30
201501CW11832,-0.136,51.503753,3,2,1,2015-12-05,7,December,23:25:00,23,4,2,30
201501CW11833,-0.154977,51.522667,3,1,1,2015-12-06,1,December,00:49:00,0,4,1,30
201501CW11834,-0.162588,51.516222,3,2,1,2015-12-06,1,December,13:10:00,13,1,1,30
201501CW11835,-0.167784,51.512437,3,2,1,2015-12-06,1,December,15:12:00,15,1,1,30
201501CW11836,-0.150376,51.501013,2,2,1,2015-12-06,1,December,18:28:00,18,5,2,30
201501CW11837,-0.1331,51.51126,3,2,1,2015-12-06,1,December,04:17:00,4,1,2,30
201501CW11839,-0.178915,51.518815,3,1,1,2015-12-06,1,December,23:30:00,23,2,2,30
201501CW11840,-0.13298,51.48599,3,2,2,2015-12-04,6,December,21:32:00,21,1,1,30
201501CW11843,-0.200911,51.52392,3,2,1,2015-11-30,2,November,21:30:00,21,2,2,30
201501CW11844,-0.201477,51.524199,3,1,1,2015-12-06,1,December,23:40:00,23,2,2,30
201501CW11845,-0.156582,51.515049,3,2,1,2015-12-06,1,December,12:40:00,12,1,1,30
201501CW11846,-0.197544,51.525218,3,2,1,2015-12-06,1,December,13:04:00,13,1,1,30
201501CW11849,-0.15671,51.508307,3,2,1,2015-12-04,6,December,22:00:00,22,4,2,30
201501CW11851,-0.139164,51.500386,3,2,1,2015-12-05,7,December,18:40:00,18,1,1,30
201501CW11852,-0.126234,51.499461,3,1,2,2015-12-04,6,December,09:20:00,9,1,1,30
201501CW11853,-0.127501,51.507215,3,2,1,2015-12-05,7,December,03:56:00,3,4,1,30
201501CW11854,-0.127047,51.507747,3,2,1,2015-12-11,6,December,00:01:00,0,1,1,30
201501CW11855,-0.132837,51.50712,3,2,1,2015-11-27,6,November,19:48:00,19,2,2,30
201501CW11857,-0.164334,51.5158,3,3,1,2015-12-07,2,December,19:40:00,19,1,1,30
201501CW11859,-0.138579,51.518272,3,2,1,2015-11-25,4,November,13:40:00,13,1,1,30
201501CW11861,-0.129362,51.507514,3,2,1,2015-12-08,3,December,09:30:00,9,2,2,30
201501CW11862,-0.163311,51.519741,3,1,1,2015-12-08,3,December,08:52:00,8,1,2,30
201501CW11863,-0.142796,51.517349,3,2,1,2015-12-08,3,December,13:40:00,13,1,1,30
201501CW11864,-0.177238,51.524724,3,2,1,2015-12-08,3,December,17:12:00,17,1,1,30
201501CW11865,-0.152009,51.514078,3,2,1,2015-12-08,3,December,16:40:00,16,8,1,30
201501CW11866,-0.177902,51.511695,3,1,1,2015-12-08,3,December,14:40:00,14,1,1,30
201501CW11867,-0.154953,51.508998,3,2,1,2015-12-08,3,December,22:50:00,22,1,1,30
201501CW11868,-0.176724,51.530381,2,2,1,2015-12-08,3,December,22:15:00,22,1,1,30
201501CW11869,-0.154759,51.495956,3,1,1,2015-12-08,3,December,23:50:00,23,1,1,30
201501CW11871,-0.161475,51.515216,3,1,1,2015-12-08,3,December,08:05:00,8,2,2,30
201501CW11872,-0.143678,51.524018,3,1,1,2015-12-05,7,December,23:37:00,23,1,1,30
201501CW11873,-0.162127,51.516935,3,2,1,2015-12-09,4,December,09:26:00,9,1,1,30
201501CW11875,-0.156179,51.535725,2,2,1,2015-12-09,4,December,11:40:00,11,1,1,30
201501CW11876,-0.152401,51.497268,3,2,1,2015-12-09,4,December,19:31:00,19,1,1,30
201501CW11877,-0.125574,51.508533,3,2,1,2015-12-09,4,December,18:30:00,18,2,2,30
201501CW11878,-0.174238,51.527645,3,2,2,2015-12-13,1,December,03:18:00,3,1,1,30
201501CW11879,-0.185329,51.531504,3,2,1,2015-12-12,7,December,14:22:00,14,4,1,30
201501CW11880,-0.137113,51.518878,3,2,1,2015-12-12,7,December,22:05:00,22,1,1,30
201501CW11883,-0.130312,51.512475,3,1,1,2015-12-13,1,December,01:55:00,1,5,2,30
201501CW11884,-0.13449,51.516049,2,2,1,2015-12-11,6,December,11:47:00,11,1,1,30
201501CW11885,-0.149815,51.500644,3,2,1,2015-12-10,5,December,17:00:00,17,1,2,30
201501CW11886,-0.178811,51.499749,3,1,1,2015-12-10,5,December,19:15:00,19,2,2,30
201501CW11887,-0.13998,51.512179,3,2,2,2015-12-11,6,December,02:23:00,2,8,2,30
201501CW11888,-0.129161,51.494831,2,2,1,2015-12-10,5,December,21:38:00,21,2,2,30
201501CW11889,-0.13251,51.497493,3,2,1,2015-12-11,6,December,12:45:00,12,1,1,30
201501CW11890,-0.153892,51.513838,3,2,1,2015-12-11,6,December,14:40:00,14,1,1,30
201501CW11891,-0.139887,51.489696,3,1,2,2015-12-11,6,December,16:10:00,16,1,1,30
201501CW11892,-0.119119,51.511307,3,1,1,2015-12-11,6,December,19:50:00,19,1,1,30
201501CW11893,-0.158844,51.512567,3,2,1,2015-12-12,7,December,01:35:00,1,1,1,30
201501CW11894,-0.169044,51.534938,3,1,1,2015-12-12,7,December,18:00:00,18,1,1,30
201501CW11897,-0.189657,51.535078,3,2,2,2015-12-10,5,December,22:21:00,22,1,1,30
201501CW11898,-0.175288,51.515791,3,1,1,2015-12-14,2,December,20:48:00,20,1,1,30
201501CW11899,-0.186114,51.529897,3,2,1,2015-12-14,2,December,16:30:00,16,1,1,30
201501CW11900,-0.132062,51.511963,2,1,1,2015-12-15,3,December,15:25:00,15,1,1,30
201501CW11901,-0.159241,51.520576,2,2,1,2015-12-16,4,December,00:01:00,0,2,2,30
201501CW11903,-0.167417,51.518007,2,1,1,2015-12-15,3,December,21:00:00,21,2,2,30
201501CW11904,-0.180535,51.517941,3,1,2,2015-12-15,3,December,19:10:00,19,2,2,30
201501CW11905,-0.207731,51.526453,3,1,1,2015-12-15,3,December,15:43:00,15,1,1,30
201501CW11906,-0.126172,51.500988,3,2,1,2015-12-14,2,December,12:33:00,12,1,1,30
201501CW11907,-0.137781,51.495418,3,2,1,2015-12-15,3,December,00:41:00,0,9,1,30
201501CW11908,-0.140133,51.515509,3,1,1,2015-12-15,3,December,17:45:00,17,1,1,30
201501CW11909,-0.189653,51.535168,3,1,1,2015-12-14,2,December,03:42:00,3,1,1,30
201501CW11910,-0.132811,51.490123,3,2,1,2015-12-04,6,December,15:00:00,15,1,1,30
201501CW11911,-0.197544,51.525218,3,2,4,2015-12-14,2,December,16:40:00,16,1,1,30
201501CW11913,-0.143112,51.495413,3,1,1,2015-12-16,4,December,16:50:00,16,1,1,30
201501CW11914,-0.186955,51.523256,3,2,1,2015-12-16,4,December,08:04:00,8,1,1,30
201501CW11915,-0.131291,51.51321,2,1,2,2015-12-16,4,December,17:42:00,17,1,1,30
201501CW11916,-0.193786,51.514549,3,1,1,2015-12-16,4,December,22:16:00,22,1,2,30
201501CW11917,-0.115404,51.510528,3,2,1,2015-12-16,4,December,06:44:00,6,1,2,30
201501CW11918,-0.137988,51.508011,3,2,2,2015-11-22,1,November,04:10:00,4,1,1,30
201501CW11919,-0.128664,51.499949,3,2,1,2015-12-14,2,December,12:50:00,12,1,1,30
201501CW11921,-0.216035,51.527928,3,2,1,2015-12-04,6,December,20:30:00,20,1,1,30
201501CW11923,-0.170211,51.516611,3,1,1,2015-12-18,6,December,12:00:00,12,1,1,30
201501CW11924,-0.147234,51.514542,3,1,1,2015-12-20,1,December,17:40:00,17,1,2,30
201501CW11926,-0.206009,51.526247,3,2,1,2015-12-19,7,December,20:00:00,20,1,1,30
201501CW11927,-0.136148,51.503665,3,2,3,2015-12-19,7,December,05:54:00,5,1,1,30
201501CW11928,-0.140424,51.515423,3,1,1,2015-12-19,7,December,15:30:00,15,1,1,30
201501CW11929,-0.149739,51.502532,3,1,1,2015-12-19,7,December,12:13:00,12,1,1,30
201501CW11930,-0.118787,51.512381,2,1,1,2015-12-19,7,December,03:08:00,3,1,1,30
201501CW11931,-0.180762,51.501398,3,1,2,2015-12-18,6,December,13:29:00,13,1,1,30
201501CW11932,-0.159915,51.521756,3,2,1,2015-12-18,6,December,08:28:00,8,1,1,30
201501CW11933,-0.140991,51.519209,3,1,1,2015-12-17,5,December,14:25:00,14,1,1,30
201501CW11934,-0.157255,51.516229,3,2,1,2015-12-17,5,December,13:40:00,13,1,1,30
201501CW11935,-0.180421,51.520817,3,2,1,2015-12-13,1,December,03:00:00,3,2,2,30
201501CW11936,-0.175886,51.511664,2,1,1,2015-12-16,4,December,20:30:00,20,1,1,30
201501CW11937,-0.127029,51.511703,3,1,1,2015-12-18,6,December,21:53:00,21,1,1,30
201501CW11938,-0.158844,51.512567,3,2,2,2015-12-11,6,December,16:35:00,16,1,1,30
201501CW11939,-0.126231,51.503058,3,2,1,2015-12-21,2,December,20:03:00,20,1,1,30
201501CW11941,-0.138179,51.492727,3,3,1,2015-12-22,3,December,23:26:00,23,1,2,30
201501CW11942,-0.152654,51.52308,3,2,1,2015-12-21,2,December,07:00:00,7,1,2,50
201501CW11944,-0.170773,51.531368,3,1,1,2015-12-22,3,December,18:30:00,18,5,2,30
201501CW11945,-0.172883,51.521869,3,2,1,2015-12-04,6,December,07:50:00,7,1,1,30
201501CW11946,-0.119089,51.512026,3,2,1,2015-12-11,6,December,01:00:00,1,1,1,30
201501CW11948,-0.171407,51.522745,3,2,1,2015-12-16,4,December,01:30:00,1,1,1,30
201501CW11950,-0.131087,51.507631,3,1,1,2015-12-24,5,December,00:50:00,0,4,1,30
201501CW11951,-0.131775,51.515466,3,1,1,2015-12-23,4,December,13:43:00,13,1,1,30
201501CW11952,-0.190363,51.51,3,2,1,2015-12-10,5,December,23:00:00,23,1,1,30
201501CW11954,-0.188551,51.515727,3,2,1,2015-12-25,6,December,01:45:00,1,1,1,30
201501CW11955,-0.14325,51.499102,3,2,1,2015-12-25,6,December,11:09:00,11,1,1,30
201501CW11957,-0.201558,51.522132,3,2,1,2015-12-25,6,December,17:35:00,17,2,2,30
201501CW11958,-0.174474,51.503729,3,2,1,2015-12-27,1,December,07:54:00,7,2,2,30
201501CW11959,-0.127002,51.494797,3,2,1,2015-12-27,1,December,09:00:00,9,1,1,30
201501CW11960,-0.159771,51.521754,3,2,1,2015-12-27,1,December,10:55:00,10,1,1,30
201501CW11961,-0.147586,51.516526,3,2,1,2015-12-27,1,December,10:30:00,10,1,1,30
201501CW11962,-0.149262,51.514304,3,1,1,2015-12-28,2,December,11:20:00,11,1,1,30
201501CW11963,-0.167557,51.518099,3,2,6,2015-12-29,3,December,01:20:00,1,2,2,30
201501CW11965,-0.171342,51.520766,3,2,1,2015-12-29,3,December,11:00:00,11,9,1,30
201501CW11966,-0.122487,51.506505,3,2,1,2015-12-29,3,December,10:45:00,10,1,1,30
201501CW11967,-0.183941,51.537417,3,1,1,2015-12-29,3,December,15:40:00,15,1,1,30
201501CW11968,-0.168151,51.521255,2,1,1,2015-12-30,4,December,09:40:00,9,1,1,30
201501CW11969,-0.117749,51.509576,3,2,1,2015-12-26,7,December,18:30:00,18,1,1,30
201501CW11970,-0.129411,51.48872,3,2,1,2015-12-27,1,December,19:07:00,19,1,1,30
201501CW11972,-0.159034,51.5007,3,2,1,2015-12-14,2,December,21:30:00,21,9,1,30
201501CW11976,-0.162084,51.514416,3,3,1,2015-12-31,5,December,14:36:00,14,1,1,30
201501CW11977,-0.156353,51.51001,3,2,1,2015-12-31,5,December,17:25:00,17,2,2,30
201501CW11978,-0.179745,51.526921,3,2,1,2015-12-31,5,December,16:45:00,16,2,2,30
201501CW11981,-0.162834,51.528006,3,2,1,2015-12-31,5,December,10:41:00,10,1,1,30
201501CW11985,-0.135725,51.496375,3,2,1,2015-12-24,5,December,16:50:00,16,1,1,30
201501CW11988,-0.132849,51.513864,3,2,1,2015-12-18,6,December,15:05:00,15,1,1,30
201501CW11993,-0.145783,51.514789,3,1,1,2015-12-30,4,December,09:50:00,9,1,1,30
201501CW11994,-0.150641,51.505154,3,1,1,2015-12-17,5,December,22:30:00,22,1,1,30
201501CW11995,-0.152589,51.513997,3,1,1,2015-12-26,7,December,18:00:00,18,1,1,30
201501CW12018,-0.13957,51.511633,3,2,1,2015-12-17,5,December,12:20:00,12,1,1,30
201501CW12026,-0.155212,51.499021,3,2,1,2015-12-13,1,December,21:35:00,21,1,1,30
201501CW12027,-0.172415,51.51197,3,2,1,2015-12-16,4,December,13:22:00,13,1,1,30
201501CW12028,-0.131087,51.507631,3,1,1,2015-12-22,3,December,21:00:00,21,1,1,30
201501CW12041,-0.216038,51.527838,3,2,1,2015-12-30,4,December,19:15:00,19,2,2,30
201501CW19033,-0.12053,51.508542,3,2,1,2015-11-15,1,November,20:35:00,20,1,1,30
201501CW19172,-0.176005,51.512295,3,2,1,2015-10-31,7,October,19:35:00,19,1,1,30
201501EK40001,-0.119632,51.516351,3,2,1,2015-01-12,2,January,15:19:00,15,2,2,40
201501EK40003,-0.115985,51.524386,3,2,1,2015-01-13,3,January,10:55:00,10,1,1,30
201501EK40004,-0.143621,51.546678,3,2,1,2015-01-06,3,January,15:30:00,15,1,2,30
201501EK40007,-0.120444,51.517623,3,1,1,2015-01-07,4,January,17:00:00,17,1,1,30
201501EK40008,-0.130894,51.547555,3,1,1,2015-01-13,3,January,20:15:00,20,8,2,30
201501EK40010,-0.142783,51.538931,2,2,1,2015-01-14,4,January,08:12:00,8,1,1,30
201501EK40011,-0.202504,51.545707,3,2,1,2015-01-14,4,January,07:15:00,7,1,2,30
201501EK40012,-0.138792,51.527178,3,2,1,2015-01-15,5,January,13:53:00,13,1,1,30
201501EK40015,-0.138677,51.526457,3,2,4,2015-01-15,5,January,14:02:00,14,1,1,30
201501EK40017,-0.105416,51.51855,3,1,1,2015-01-15,5,January,08:30:00,8,1,1,30
201501EK40020,-0.19007,51.550102,2,2,1,2015-01-16,6,January,15:50:00,15,1,2,30
201501EK40021,-0.128702,51.516586,3,1,1,2015-01-17,7,January,03:22:00,3,1,1,40
201501EK40023,-0.115944,51.528881,3,1,1,2015-01-16,6,January,23:00:00,23,1,1,30
201501EK40024,-0.138737,51.528526,3,2,1,2015-01-17,7,January,14:30:00,14,8,2,30
201501EK40026,-0.191395,51.545806,3,2,1,2015-01-16,6,January,19:35:00,19,8,2,30
201501EK40027,-0.125999,51.526255,3,2,1,2015-01-16,6,January,07:57:00,7,8,1,30
201501EK40029,-0.208637,51.551106,3,2,1,2015-01-20,3,January,04:36:00,4,1,1,30
201501EK40030,-0.153398,51.543865,3,2,1,2015-01-19,2,January,19:25:00,19,8,1,30
201501EK40032,-0.205399,51.552765,3,2,1,2015-01-16,6,January,19:00:00,19,9,2,30
201501EK40033,-0.139983,51.540416,3,1,1,2015-01-20,3,January,09:10:00,9,9,1,30
201501EK40035,-0.14013,51.540328,3,1,1,2015-01-16,6,January,18:21:00,18,1,2,30
201501EK40036,-0.125117,51.540718,3,2,1,2015-01-12,2,January,18:45:00,18,2,2,30
201501EK40037,-0.121113,51.518893,3,2,1,2015-01-20,3,January,08:52:00,8,1,1,30
201501EK40038,-0.136114,51.525696,3,1,1,2015-01-22,5,January,04:27:00,4,1,2,30
201501EK40039,-0.1979,51.541769,3,1,1,2015-01-04,1,January,17:50:00,17,8,1,30
201501EK40040,-0.197759,51.541677,3,2,1,2015-01-10,7,January,16:50:00,16,1,1,30
201501EK40041,-0.11419,51.522468,2,2,1,2015-01-20,3,January,12:40:00,12,1,1,30
201501EK40043,-0.183418,51.550538,3,1,1,2015-01-22,5,January,08:45:00,8,1,1,30
201501EK40045,-0.15151,51.569104,3,2,1,2015-01-12,2,January,09:55:00,9,1,1,30
201501EK40048,-0.138714,51.536169,3,2,1,2015-01-23,6,January,20:45:00,20,1,2,30
201501EK40049,-0.129331,51.525858,3,1,2,2015-01-23,6,January,20:42:00,20,1,1,30
201501EK40050,-0.191488,51.536185,3,2,1,2015-01-22,5,January,10:06:00,10,1,1,30
201501EK40051,-0.138643,51.534369,3,1,1,2015-01-24,7,January,02:45:00,2,2,2,30
201501EK40052,-0.138116,51.550817,3,2,1,2015-01-25,1,January,19:57:00,19,1,1,30
201501EK40053,-0.182294,51.549801,3,2,2,2015-01-22,5,January,18:00:00,18,1,1,30
201501EK40054,-0.179807,51.547065,3,2,1,2015-01-26,2,January,19:15:00,19,1,1,30
201501EK40056,-0.141231,51.548708,3,2,1,2015-01-27,3,January,20:20:00,20,1,1,30
201501EK40058,-0.141479,51.53909,3,2,1,2015-01-28,4,January,13:45:00,13,1,1,30
201501EK40059,-0.128481,51.518471,3,1,1,2015-01-28,4,January,17:41:00,17,1,1,30
201501EK40062,-0.139185,51.53168,3,1,1,2015-01-21,4,January,18:00:00,18,1,1,40
201501EK40063,-0.136815,51.536768,3,2,1,2015-01-29,5,January,20:40:00,20,1,1,30
201501EK40064,-0.122871,51.518201,3,1,1,2015-01-29,5,January,23:20:00,23,1,3,30
201501EK40065,-0.13268,51.535623,3,2,1,2015-01-27,3,January,19:30:00,19,1,1,30
201501EK40066,-0.169778,51.54538,3,1,1,2015-01-29,5,January,15:30:00,15,1,1,30
201501EK40067,-0.172722,51.554689,3,2,2,2015-01-31,7,January,20:00:00,20,1,1,30
201501EK40068,-0.191204,51.546972,3,2,1,2015-02-01,1,February,14:00:00,14,1,1,30
201501EK40069,-0.134759,51.544739,3,2,1,2015-02-01,1,February,09:50:00,9,4,1,30
201501EK40070,-0.110464,51.521959,3,1,1,2015-01-30,6,January,12:50:00,12,1,1,30
201501EK40071,-0.122568,51.52557,3,1,1,2015-01-31,7,January,10:22:00,10,1,2,30
201501EK40072,-0.130443,51.526865,3,2,1,2015-02-01,1,February,19:35:00,19,1,1,30
201501EK40073,-0.183559,51.55063,3,2,1,2015-01-30,6,January,09:55:00,9,1,2,30
201501EK40074,-0.138487,51.541741,2,1,1,2015-02-01,1,February,03:42:00,3,6,4,30
201501EK40075,-0.142646,51.538749,3,2,1,2015-01-29,5,January,21:15:00,21,1,2,30
201501EK40076,-0.139686,51.537084,3,1,1,2015-02-01,1,February,12:13:00,12,1,1,30
201501EK40077,-0.120518,51.519333,3,1,1,2015-02-01,1,February,23:46:00,23,1,1,30
201501EK40079,-0.192231,51.539254,3,2,1,2015-02-03,3,February,22:05:00,22,1,1,30
201501EK40080,-0.164819,51.550339,3,2,1,2015-01-28,4,January,11:50:00,11,1,1,30
201501EK40081,-0.129806,51.514265,3,1,1,2015-01-25,1,January,01:00:00,1,1,1,30
201501EK40082,-0.173385,51.54175,3,2,1,2015-02-01,1,February,18:20:00,18,1,1,30
201501EK40083,-0.112269,51.523607,3,2,1,2015-02-03,3,February,08:19:00,8,1,2,30
201501EK40084,-0.141917,51.546022,3,1,1,2015-02-04,4,February,20:13:00,20,1,1,30
201501EK40085,-0.118977,51.52875,3,2,1,2015-02-04,4,February,14:15:00,14,1,1,30
201501EK40086,-0.146218,51.528914,3,2,1,2015-01-14,4,January,22:37:00,22,5,2,30
201501EK40088,-0.127787,51.51783,3,1,1,2015-02-14,7,February,10:10:00,10,1,1,30
201501EK40091,-0.126173,51.529045,3,1,1,2015-02-05,5,February,08:51:00,8,1,2,30
201501EK40092,-0.125852,51.522835,3,1,1,2015-02-07,7,February,19:30:00,19,1,1,30
201501EK40093,-0.138588,51.525106,3,2,1,2015-02-07,7,February,04:09:00,4,1,1,50
201501EK40095,-0.194347,51.547739,3,2,1,2015-02-07,7,February,20:30:00,20,1,1,30
201501EK40096,-0.174073,51.54257,2,2,1,2015-01-09,6,January,06:50:00,6,1,1,40
201501EK40097,-0.207171,51.551713,3,1,1,2015-02-09,2,February,08:21:00,8,1,1,30
201501EK40098,-0.112289,51.51965,2,1,1,2015-02-09,2,February,12:55:00,12,1,1,30
201501EK40099,-0.151365,51.554893,3,2,1,2015-02-10,3,February,10:35:00,10,1,2,30
201501EK40100,-0.158738,51.543769,3,1,1,2015-02-10,3,February,18:05:00,18,8,1,30
201501EK40101,-0.184968,51.551461,3,2,1,2015-02-10,3,February,12:15:00,12,1,1,30
201501EK40103,-0.120515,51.515915,3,1,1,2015-02-10,3,February,10:51:00,10,1,1,30
201501EK40105,-0.130442,51.516344,3,1,1,2015-02-11,4,February,02:20:00,2,1,1,30
201501EK40107,-0.120448,51.517533,3,1,1,2015-02-11,4,February,23:05:00,23,1,1,30
201501EK40108,-0.129398,51.527748,3,1,1,2015-02-12,5,February,06:35:00,6,1,1,40
201501EK40109,-0.121053,51.523838,3,2,1,2015-02-12,5,February,14:40:00,14,1,1,30
201501EK40111,-0.132644,51.522404,3,2,1,2015-02-12,5,February,11:55:00,11,1,1,30
201501EK40112,-0.144992,51.537797,3,1,2,2015-02-13,6,February,13:56:00,13,2,2,30
201501EK40113,-0.138483,51.541831,3,2,1,2015-02-14,7,February,07:00:00,7,1,2,30
201501EK40114,-0.207083,51.550273,3,1,1,2015-02-14,7,February,20:30:00,20,1,1,30
201501EK40115,-0.137109,51.533086,3,2,1,2015-02-12,5,February,18:45:00,18,1,2,30
201501EK40116,-0.132798,51.536255,3,1,1,2015-02-13,6,February,16:44:00,16,1,1,30
201501EK40117,-0.15458,51.553865,3,1,1,2015-02-14,7,February,20:14:00,20,1,1,30
201501EK40118,-0.204451,51.547535,3,1,1,2015-02-13,6,February,11:20:00,11,1,1,30
201501EK40119,-0.115948,51.528791,3,1,1,2015-02-16,2,February,18:00:00,18,2,2,30
201501EK40120,-0.147097,51.556984,3,1,1,2015-02-16,2,February,11:10:00,11,1,1,30
201501EK40121,-0.134916,51.537368,3,2,1,2015-02-16,2,February,16:47:00,16,2,2,30
201501EK40123,-0.19316,51.53765,3,1,1,2015-02-17,3,February,16:08:00,16,1,1,30
201501EK40125,-0.139432,51.539777,3,1,1,2015-02-09,2,February,00:35:00,0,1,1,30
201501EK40126,-0.134132,51.535377,3,2,1,2015-02-18,4,February,15:50:00,15,1,1,30
201501EK40127,-0.118504,51.526225,3,1,2,2015-02-18,4,February,15:27:00,15,1,1,30
201501EK40129,-0.116266,51.52457,3,2,1,2015-02-19,5,February,19:10:00,19,2,2,30
201501EK40130,-0.126605,51.529052,3,1,1,2015-02-20,6,February,16:00:00,16,1,2,40
201501EK40131,-0.130438,51.516434,3,2,1,2015-02-20,6,February,04:14:00,4,2,2,30
201501EK40132,-0.147646,51.539907,3,2,1,2015-02-21,7,February,00:28:00,0,1,1,20
201501EK40133,-0.208637,51.551106,3,3,1,2015-02-20,6,February,18:55:00,18,1,1,30
201501EK40134,-0.134226,51.526026,3,2,1,2015-02-04,4,February,18:45:00,18,1,1,50
201501EK40135,-0.193719,51.538108,3,2,1,2015-02-20,6,February,09:40:00,9,1,1,30
201501EK40136,-0.150411,51.560634,3,3,1,2015-01-06,3,January,17:11:00,17,1,2,30
201501EK40137,-0.136223,51.533612,3,2,1,2015-01-06,3,January,19:00:00,19,1,1,30
201501EK40138,-0.135165,51.52775,3,2,1,2015-01-06,3,January,23:35:00,23,1,1,30
201501EK40139,-0.133892,51.520086,3,1,1,2015-01-04,1,January,15:20:00,15,1,1,30
201501EK40141,-0.195826,51.557744,3,2,1,2015-01-07,4,January,11:08:00,11,1,1,30
201501EK40143,-0.178702,51.55667,3,2,1,2015-01-10,7,January,03:25:00,3,1,2,30
201501EK40146,-0.131001,51.527324,3,1,1,2015-01-03,7,January,09:29:00,9,2,2,30
201501EK40147,-0.116677,51.518102,3,1,1,2015-01-01,5,January,02:15:00,2,1,1,30
201501EK40148,-0.173385,51.54175,3,2,2,2015-01-09,6,January,06:44:00,6,1,1,30
201501EK40149,-0.126187,51.518164,3,2,1,2015-01-05,2,January,15:40:00,15,1,1,30
201501EK40150,-0.152681,51.543764,3,1,1,2015-01-08,5,January,12:50:00,12,1,1,30
201501EK40152,-0.190552,51.556134,3,2,1,2015-01-09,6,January,07:38:00,7,1,1,30
201501EK40153,-0.135006,51.542225,2,2,1,2015-01-07,4,January,16:45:00,16,1,1,30
201501EK40154,-0.195672,51.539757,3,1,1,2015-01-10,7,January,13:47:00,13,1,1,30
201501EK40155,-0.136815,51.536768,3,2,1,2015-01-09,6,January,08:13:00,8,1,2,30
201501EK40156,-0.16603,51.552516,3,1,1,2015-01-05,2,January,07:50:00,7,9,1,30
201501EK40157,-0.191909,51.536461,2,2,1,2015-01-10,7,January,12:43:00,12,1,1,30
201501EK40159,-0.198462,51.542138,2,4,3,2015-02-22,1,February,00:05:00,0,1,1,30
201501EK40163,-0.145001,51.541125,3,1,1,2015-02-21,7,February,22:10:00,22,1,1,30
201501EK40164,-0.138444,51.525104,3,2,1,2015-01-22,5,January,09:12:00,9,1,1,30
201501EK40165,-0.177433,51.555931,3,2,1,2015-02-04,4,February,09:25:00,9,1,1,30
201501EK40166,-0.137405,51.532911,3,2,1,2015-02-22,1,February,13:33:00,13,5,2,30
201501EK40168,-0.125239,51.54126,3,1,1,2015-02-03,3,February,18:28:00,18,8,2,20
201501EK40169,-0.206334,51.550981,3,4,1,2015-02-25,4,February,18:09:00,18,1,1,30
201501EK40171,-0.145653,51.560559,3,2,1,2015-02-10,3,February,19:50:00,19,1,1,30
201501EK40172,-0.141745,51.539634,3,2,1,2015-02-26,5,February,09:12:00,9,1,1,30
201501EK40173,-0.138714,51.536169,3,2,1,2015-02-20,6,February,13:40:00,13,1,1,30
201501EK40175,-0.207235,51.550095,2,2,1,2015-02-28,7,February,18:26:00,18,1,1,30
201501EK40176,-0.142089,51.541798,3,1,1,2015-02-28,7,February,18:30:00,18,9,1,30
201501EK40177,-0.124097,51.516422,3,1,2,2015-02-27,6,February,08:00:00,8,1,1,30
201501EK40178,-0.18745,51.53981,3,2,1,2015-03-01,1,March,15:17:00,15,1,1,30
201501EK40179,-0.191204,51.554255,3,3,3,2015-03-01,1,March,03:12:00,3,1,2,30
201501EK40180,-0.140127,51.540418,3,2,1,2015-02-24,3,February,00:13:00,0,1,1,30
201501EK40181,-0.187882,51.557981,3,2,1,2015-03-02,2,March,10:47:00,10,1,1,30
201501EK40183,-0.133347,51.526372,3,2,2,2015-02-16,2,February,13:30:00,13,1,1,40
201501EK40184,-0.144072,51.563951,3,1,2,2015-03-05,5,March,08:28:00,8,1,1,30
201501EK40185,-0.141748,51.546648,3,2,1,2015-03-04,4,March,18:45:00,18,1,2,30
201501EK40186,-0.134916,51.537368,3,2,1,2015-03-05,5,March,18:55:00,18,1,1,30
201501EK40187,-0.141618,51.556898,3,2,1,2015-03-07,7,March,08:00:00,8,1,1,30
201501EK40189,-0.12324,51.530257,3,2,1,2015-03-08,1,March,10:30:00,10,1,1,40
201501EK40190,-0.136415,51.532446,2,1,1,2015-03-06,6,March,16:00:00,16,1,1,30
201501EK40191,-0.122508,51.530515,3,1,1,2015-03-08,1,March,13:28:00,13,1,1,30
201501EK40193,-0.200947,51.544963,3,2,1,2015-03-08,1,March,16:55:00,16,1,1,30
201501EK40195,-0.123986,51.519118,3,2,1,2015-03-10,3,March,08:35:00,8,1,1,30
201501EK40196,-0.145984,51.555978,3,2,1,2015-03-11,4,March,16:00:00,16,1,1,30
201501EK40197,-0.142639,51.538929,3,2,1,2015-03-11,4,March,16:08:00,16,1,1,30
201501EK40199,-0.171818,51.552067,3,2,1,2015-03-06,6,March,16:30:00,16,1,1,30
201501EK40200,-0.152726,51.549789,3,2,1,2015-02-22,1,February,08:15:00,8,1,1,30
201501EK40201,-0.141231,51.548708,3,1,1,2015-03-13,6,March,15:50:00,15,1,1,30
201501EK40202,-0.126765,51.54623,3,1,2,2015-03-13,6,March,18:55:00,18,1,1,30
201501EK40204,-0.15227,51.571724,3,3,2,2015-03-15,1,March,12:50:00,12,1,1,30
201501EK40205,-0.134549,51.518118,3,1,1,2015-03-16,2,March,14:17:00,14,1,1,30
201501EK40208,-0.148757,51.558719,3,2,1,2015-03-15,1,March,18:00:00,18,1,1,30
201501EK40210,-0.18077,51.551846,3,2,2,2015-03-07,7,March,19:50:00,19,1,1,30
201501EK40211,-0.131973,51.528238,3,2,1,2015-03-17,3,March,18:30:00,18,1,1,30
201501EK40212,-0.135292,51.535215,3,2,1,2015-03-18,4,March,23:00:00,23,1,1,30
201501EK40213,-0.127932,51.528354,3,2,1,2015-03-11,4,March,12:05:00,12,1,1,30
201501EK40215,-0.131005,51.527234,3,1,1,2015-03-19,5,March,16:15:00,16,1,1,40
201501EK40216,-0.125201,51.521116,3,2,1,2015-03-19,5,March,17:45:00,17,1,1,30
201501EK40217,-0.192301,51.541143,3,2,2,2015-03-19,5,March,11:35:00,11,1,1,30
201501EK40218,-0.176228,51.54638,3,1,1,2015-03-19,5,March,16:10:00,16,1,1,30
201501EK40219,-0.126901,51.528877,3,2,1,2015-03-20,6,March,21:45:00,21,1,1,40
201501EK40220,-0.146306,51.533861,3,2,1,2015-03-20,6,March,18:00:00,18,1,1,30
201501EK40222,-0.193256,51.542507,3,2,1,2015-02-25,4,February,18:10:00,18,1,1,30
201501EK40223,-0.192761,51.554999,3,2,1,2015-03-24,3,March,18:17:00,18,1,1,40
201501EK40224,-0.141271,51.537109,3,2,1,2015-03-24,3,March,21:45:00,21,1,1,30
201501EK40225,-0.164813,51.543325,3,2,1,2015-03-24,3,March,15:15:00,15,1,1,30
201501EK40227,-0.17541,51.541601,3,2,2,2015-03-24,3,March,23:09:00,23,1,1,40
201501EK40228,-0.126025,51.529133,3,2,1,2015-03-25,4,March,09:07:00,9,1,1,50
201501EK40229,-0.141072,51.549066,3,1,1,2015-03-22,1,March,00:17:00,0,1,1,30
201501EK40233,-0.138604,51.538865,3,1,1,2015-02-26,5,February,19:45:00,19,1,1,30
201501EK40234,-0.193745,51.555643,3,1,1,2015-03-18,4,March,07:59:00,7,1,1,30
201501EK40235,-0.144355,51.542823,3,2,1,2015-03-27,6,March,07:19:00,7,1,1,30
201501EK40237,-0.125999,51.522748,2,2,1,2015-02-10,3,February,17:40:00,17,8,1,30
201501EK40238,-0.137578,51.542805,3,2,1,2015-03-27,6,March,15:00:00,15,1,1,30
201501EK40239,-0.132123,51.521047,3,2,3,2015-03-28,7,March,18:20:00,18,1,1,30
201501EK40240,-0.168345,51.537984,3,2,1,2015-03-25,4,March,13:00:00,13,1,1,30
201501EK40241,-0.115922,51.52942,3,1,2,2015-03-11,4,March,21:13:00,21,1,1,30
201501EK40242,-0.133864,51.545444,3,1,1,2015-03-30,2,March,11:54:00,11,1,1,30
201501EK40243,-0.138715,51.529065,3,2,1,2015-03-29,1,March,05:24:00,5,1,2,30
201501EK40244,-0.146276,51.548788,3,2,1,2015-03-31,3,March,17:07:00,17,4,1,30
201501EK40245,-0.126723,51.515655,3,2,1,2015-03-31,3,March,06:48:00,6,1,1,30
201501EK40246,-0.140962,51.530539,3,2,1,2015-01-11,1,January,11:25:00,11,1,1,30
201501EK40247,-0.141912,51.542604,3,2,1,2015-04-01,4,April,20:50:00,20,1,1,30
201501EK40248,-0.18077,51.551846,3,2,1,2015-03-14,7,March,09:30:00,9,1,1,30
201501EK40249,-0.207923,51.554602,3,1,1,2015-03-07,7,March,12:08:00,12,1,1,30
201501EK40250,-0.108474,51.51779,3,2,1,2015-03-25,4,March,23:15:00,23,1,1,30
201501EK40251,-0.12926,51.548698,2,1,1,2015-04-02,5,April,17:30:00,17,1,1,30
201501EK40252,-0.138184,51.542096,3,2,3,2015-03-20,6,March,20:53:00,20,1,1,30
201501EK40253,-0.150407,51.560723,3,2,1,2015-04-05,1,April,08:00:00,8,1,1,30
201501EK40254,-0.154696,51.543885,3,1,1,2015-03-12,5,March,11:30:00,11,1,1,30
201501EK40255,-0.127037,51.515031,3,1,1,2015-04-05,1,April,01:16:00,1,1,1,30
201501EK40256,-0.173673,51.541754,3,1,3,2015-04-07,3,April,19:00:00,19,1,1,30
201501EK40257,-0.133639,51.526287,3,2,1,2015-03-27,6,March,13:09:00,13,1,1,30
201501EK40258,-0.116684,51.517922,3,2,1,2015-04-08,4,April,14:31:00,14,1,1,30
201501EK40259,-0.194991,51.553325,2,2,1,2015-03-25,4,March,16:40:00,16,1,1,30
201501EK40261,-0.123846,51.52604,3,2,1,2015-04-09,5,April,21:36:00,21,1,1,30
201501EK40262,-0.131788,51.54685,3,2,1,2015-03-25,4,March,11:57:00,11,1,1,30
201501EK40263,-0.138681,51.526367,3,2,1,2015-04-09,5,April,08:37:00,8,1,1,30
201501EK40265,-0.144992,51.537797,3,2,1,2015-04-09,5,April,15:00:00,15,1,1,30
201501EK40268,-0.128663,51.528096,3,1,1,2015-04-10,6,April,13:13:00,13,1,1,30
201501EK40269,-0.126576,51.529771,3,2,1,2015-04-10,6,April,08:35:00,8,1,1,30
201501EK40270,-0.141651,51.545478,3,2,1,2015-04-11,7,April,14:30:00,14,1,1,30
201501EK40272,-0.191775,51.550757,3,2,1,2015-04-12,1,April,19:30:00,19,1,1,30
201501EK40273,-0.126883,51.532833,2,1,1,2015-03-18,4,March,14:50:00,14,1,1,30
201501EK40274,-0.197477,51.552464,3,2,1,2015-03-26,5,March,01:00:00,1,5,2,30
201501EK40275,-0.180166,51.541675,3,1,1,2015-04-10,6,April,15:50:00,15,1,1,30
201501EK40276,-0.150489,51.555149,3,2,1,2015-01-05,2,January,18:00:00,18,9,1,30
201501EK40277,-0.143544,51.537954,3,3,1,2015-04-04,7,April,11:23:00,11,1,2,30
201501EK40279,-0.118999,51.528211,3,2,1,2015-04-01,4,April,16:30:00,16,1,1,30
201501EK40281,-0.149111,51.542898,3,1,1,2015-04-14,3,April,13:29:00,13,1,1,30
201501EK40282,-0.194137,51.538474,3,2,1,2015-03-21,7,March,21:30:00,21,1,1,30
201501EK40283,-0.132394,51.525008,3,2,1,2015-04-15,4,April,18:40:00,18,1,1,30
201501EK40284,-0.179677,51.546703,3,2,1,2015-04-15,4,April,17:57:00,17,1,1,30
201501EK40285,-0.136536,51.543598,2,2,1,2015-04-18,7,April,08:15:00,8,1,1,30
201501EK40286,-0.131001,51.527324,3,1,1,2015-04-16,5,April,00:07:00,0,1,1,40
201501EK40287,-0.138304,51.525012,3,1,1,2015-04-15,4,April,16:45:00,16,1,1,30
201501EK40288,-0.187159,51.539895,3,2,1,2015-03-24,3,March,16:40:00,16,9,2,30
201501EK40289,-0.130713,51.527319,3,2,1,2015-03-24,3,March,22:00:00,22,1,2,40
201501EK40290,-0.203059,51.546255,3,1,1,2015-03-23,2,March,13:15:00,13,1,1,30
201501EK40291,-0.145595,51.554892,3,1,1,2015-04-01,4,April,08:15:00,8,1,1,30
201501EK40293,-0.105921,51.520267,3,1,1,2015-04-17,6,April,21:37:00,21,1,1,30
201501EK40295,-0.137578,51.542805,3,2,1,2015-04-18,7,April,11:36:00,11,1,1,30
201501EK40296,-0.130871,51.523455,3,2,1,2015-04-16,5,April,06:30:00,6,1,1,30
201501EK40299,-0.125223,51.51707,3,1,1,2015-04-20,2,April,18:45:00,18,1,1,30
201501EK40300,-0.135141,51.521275,3,2,1,2015-04-20,2,April,08:00:00,8,1,1,30
201501EK40301,-0.126317,51.529047,3,2,1,2015-04-21,3,April,19:20:00,19,1,1,30
201501EK40302,-0.121777,51.523759,3,2,1,2015-04-21,3,April,17:30:00,17,1,1,30
201501EK40303,-0.19416,51.556099,3,2,1,2015-04-21,3,April,16:45:00,16,1,1,30
201501EK40305,-0.134476,51.519915,3,5,4,2015-04-19,1,April,11:49:00,11,1,1,30
201501EK40306,-0.18077,51.551846,3,1,1,2015-04-22,4,April,15:50:00,15,1,1,30
201501EK40307,-0.133783,51.526289,3,2,1,2015-04-22,4,April,09:17:00,9,1,1,30
201501EK40308,-0.11654,51.51792,3,2,1,2015-04-22,4,April,19:00:00,19,1,1,30
201501EK40309,-0.205684,51.552859,3,3,2,2015-04-23,5,April,12:50:00,12,1,1,30
201501EK40310,-0.140663,51.541416,3,1,1,2015-04-23,5,April,09:21:00,9,1,1,30
201501EK40311,-0.161766,51.554517,3,4,1,2015-03-22,1,March,03:00:00,3,1,1,30
201501EK40313,-0.137655,51.540918,3,2,1,2015-04-23,5,April,18:10:00,18,1,1,30
201501EK40314,-0.110768,51.518097,3,2,1,2015-04-23,5,April,11:43:00,11,1,1,40
201501EK40315,-0.138304,51.525012,3,1,1,2015-04-26,1,April,00:26:00,0,1,1,30
201501EK40316,-0.159942,51.542529,3,3,2,2015-04-25,7,April,18:45:00,18,1,1,30
201501EK40317,-0.106999,51.522083,3,2,1,2015-04-12,1,April,01:04:00,1,8,1,30
201501EK40318,-0.130442,51.516344,3,2,1,2015-04-25,7,April,07:50:00,7,2,2,30
201501EK40319,-0.119632,51.516351,3,1,1,2015-04-24,6,April,13:44:00,13,1,2,30
201501EK40321,-0.139432,51.539777,3,2,3,2015-04-26,1,April,01:20:00,1,1,2,30
201501EK40325,-0.126025,51.529133,3,1,1,2015-04-27,2,April,20:20:00,20,1,1,30
201501EK40329,-0.1651,51.55412,3,2,1,2015-04-28,3,April,13:22:00,13,1,1,30
201501EK40332,-0.144315,51.543811,3,2,1,2015-04-29,4,April,08:35:00,8,1,1,30
201501EK40335,-0.133861,51.545534,2,2,1,2015-05-01,6,May,00:05:00,0,1,1,30
201501EK40336,-0.146409,51.541956,2,2,1,2015-05-01,6,May,17:50:00,17,1,1,30
201501EK40337,-0.141544,51.544577,3,2,1,2015-05-02,7,May,09:35:00,9,1,1,30
201501EK40339,-0.192742,51.551851,3,2,1,2015-05-02,7,May,21:48:00,21,2,2,30
201501EK40340,-0.19679,51.555241,3,2,1,2015-05-02,7,May,13:28:00,13,1,1,30
201501EK40342,-0.1383,51.525102,3,1,1,2015-05-05,3,May,16:15:00,16,4,1,40
201501EK40343,-0.132773,51.540391,3,2,1,2015-05-05,3,May,18:57:00,18,1,1,30
201501EK40344,-0.107898,51.517781,3,1,2,2015-04-20,2,April,13:35:00,13,1,1,40
201501EK40345,-0.117844,51.517761,3,2,1,2015-04-27,2,April,10:10:00,10,1,1,40
201501EK40346,-0.124263,51.529914,3,2,1,2015-05-05,3,May,10:04:00,10,1,1,40
201501EK40347,-0.141912,51.542604,3,3,2,2015-05-06,4,May,15:40:00,15,4,2,30
201501EK40348,-0.127942,51.524577,2,3,3,2015-05-06,4,May,16:15:00,16,2,2,30
201501EK40350,-0.14518,51.543825,3,2,1,2015-05-06,4,May,17:24:00,17,1,1,30
201501EK40351,-0.141784,51.54575,3,2,1,2015-04-14,3,April,10:25:00,10,1,1,30
201501EK40352,-0.196685,51.55425,3,2,1,2015-04-23,5,April,21:00:00,21,1,1,30
201501EK40353,-0.195532,51.539665,3,2,1,2015-04-26,1,April,03:44:00,3,5,2,30
201501EK40355,-0.181828,51.561484,3,1,1,2015-03-21,7,March,15:25:00,15,1,1,30
201501EK40356,-0.139549,51.526291,2,2,1,2015-05-07,5,May,18:15:00,18,1,1,30
201501EK40358,-0.144114,51.523935,3,2,1,2015-05-01,6,May,13:05:00,13,1,1,30
201501EK40359,-0.145563,51.541493,3,1,1,2015-05-09,7,May,23:42:00,23,1,1,30
201501EK40360,-0.139983,51.540416,3,2,1,2015-05-08,6,May,21:13:00,21,8,2,30
201501EK40362,-0.13819,51.538409,3,4,1,2015-05-08,6,May,20:58:00,20,1,1,30
201501EK40363,-0.127934,51.514236,3,1,1,2015-05-10,1,May,16:14:00,16,1,1,30
201501EK40364,-0.195663,51.543623,3,1,1,2015-05-10,1,May,17:10:00,17,1,1,30
201501EK40365,-0.133417,51.545797,3,2,1,2015-04-07,3,April,07:30:00,7,1,1,30
201501EK40367,-0.119488,51.519856,3,1,1,2015-05-11,2,May,14:00:00,14,1,1,30
201501EK40369,-0.108443,51.522016,3,1,1,2015-05-11,2,May,08:43:00,8,1,1,30
201501EK40370,-0.178716,51.552713,3,1,1,2015-05-12,3,May,16:11:00,16,1,1,30
201501EK40371,-0.174999,51.544652,3,1,1,2015-05-12,3,May,11:30:00,11,1,1,30
201501EK40373,-0.198462,51.542138,3,2,1,2015-05-10,1,May,20:40:00,20,1,1,30
201501EK40374,-0.181577,51.553297,3,1,1,2015-05-07,5,May,15:10:00,15,1,1,30
201501EK40375,-0.128807,51.528098,3,2,1,2015-05-05,3,May,08:15:00,8,1,1,30
201501EK40376,-0.142232,51.538293,3,1,1,2015-05-13,4,May,15:10:00,15,1,1,40
201501EK40377,-0.168592,51.553365,3,2,1,2015-05-07,5,May,18:20:00,18,1,1,30
201501EK40378,-0.193859,51.5382,3,1,1,2015-05-14,5,May,15:00:00,15,2,2,30
201501EK40379,-0.138674,51.526546,3,2,1,2015-05-14,5,May,16:04:00,16,2,2,30
201501EK40380,-0.205399,51.552765,3,2,1,2015-05-14,5,May,18:06:00,18,2,2,30
201501EK40381,-0.167221,51.537247,3,1,1,2015-05-12,3,May,08:52:00,8,1,1,30
201501EK40382,-0.175041,51.568843,2,1,2,2015-05-14,5,May,22:35:00,22,2,2,30
201501EK40385,-0.138714,51.536169,3,2,2,2015-05-16,7,May,00:01:00,0,2,2,30
201501EK40386,-0.138638,51.541563,3,2,1,2015-05-15,6,May,14:00:00,14,1,1,30
201501EK40387,-0.195701,51.553605,3,2,1,2015-05-16,7,May,18:42:00,18,1,1,30
201501EK40388,-0.143607,51.539933,2,1,1,2015-05-15,6,May,23:27:00,23,2,2,30
201501EK40389,-0.105796,51.519815,3,2,1,2015-05-16,7,May,03:25:00,3,1,2,30
201501EK40391,-0.136243,51.526058,3,1,1,2015-05-11,2,May,19:03:00,19,1,1,30
201501EK40392,-0.112914,51.514984,3,2,1,2015-05-11,2,May,09:20:00,9,1,1,30
201501EK40394,-0.150248,51.539769,3,2,1,2015-05-20,4,May,11:29:00,11,1,1,30
201501EK40395,-0.142214,51.549353,3,1,1,2015-05-20,4,May,15:10:00,15,1,1,30
201501EK40396,-0.129256,51.548788,3,2,1,2015-05-20,4,May,08:52:00,8,1,1,30
201501EK40399,-0.145984,51.54177,3,1,1,2015-05-20,4,May,17:40:00,17,1,1,30
201501EK40400,-0.194021,51.559604,3,2,2,2015-05-21,5,May,11:20:00,11,1,1,30
201501EK40403,-0.117737,51.520367,2,2,1,2015-05-21,5,May,14:50:00,14,1,1,30
201501EK40404,-0.146837,51.563365,3,2,1,2015-05-22,6,May,08:10:00,8,1,2,30
201501EK40405,-0.135028,51.527568,3,1,1,2015-05-23,7,May,16:30:00,16,1,1,30
201501EK40406,-0.171865,51.540107,3,2,1,2015-05-23,7,May,08:25:00,8,1,1,30
201501EK40407,-0.182434,51.549894,3,3,1,2015-05-24,1,May,14:10:00,14,1,1,30
201501EK40408,-0.175868,51.548173,3,2,1,2015-05-23,7,May,14:00:00,14,1,1,30
201501EK40409,-0.107139,51.522175,3,3,1,2015-05-24,1,May,01:30:00,1,1,1,30
201501EK40410,-0.138406,51.533107,3,1,1,2015-05-22,6,May,18:16:00,18,1,1,30
201501EK40411,-0.132507,51.518715,3,2,1,2015-05-21,5,May,18:30:00,18,1,1,30
201501EK40412,-0.126166,51.529225,3,1,1,2015-05-26,3,May,08:20:00,8,1,1,40
201501EK40413,-0.113891,51.522733,3,2,1,2015-05-26,3,May,11:50:00,11,1,1,30
201501EK40414,-0.173072,51.560359,3,2,1,2015-05-12,3,May,09:10:00,9,1,1,30
201501EK40416,-0.155776,51.545701,3,2,1,2015-05-12,3,May,17:15:00,17,1,1,30
201501EK40417,-0.193605,51.555551,3,2,1,2015-05-21,5,May,17:30:00,17,1,1,30
201501EK40418,-0.120588,51.517625,3,1,1,2015-05-27,4,May,18:10:00,18,1,1,30
201501EK40420,-0.191229,51.546343,3,2,1,2015-05-15,6,May,17:15:00,17,1,1,30
201501EK40421,-0.168153,51.553538,3,2,1,2015-05-28,5,May,08:36:00,8,1,1,30
201501EK40422,-0.181727,51.545926,3,1,1,2015-05-29,6,May,09:00:00,9,1,1,30
201501EK40424,-0.144299,51.540664,3,1,1,2015-05-31,1,May,13:20:00,13,1,1,30
201501EK40425,-0.129848,51.523798,3,2,1,2015-05-29,6,May,12:00:00,12,2,2,30
201501EK40427,-0.19154,51.549405,3,1,1,2015-05-30,7,May,21:05:00,21,1,1,30
201501EK40428,-0.167361,51.537339,3,2,1,2015-05-29,6,May,18:52:00,18,1,1,30
201501EK40429,-0.138032,51.542273,3,3,3,2015-05-29,6,May,13:55:00,13,1,1,30
201501EK40431,-0.190789,51.553799,3,1,1,2015-06-01,2,June,10:00:00,10,1,1,30
201501EK40432,-0.119376,51.529566,3,2,1,2015-06-03,4,June,09:33:00,9,1,1,30
201501EK40433,-0.11887,51.527849,3,2,1,2015-05-20,4,May,15:10:00,15,9,1,30
201501EK40434,-0.130845,51.51707,3,2,1,2015-06-03,4,June,23:45:00,23,1,1,30
201501EK40435,-0.175991,51.552311,2,2,1,2015-05-22,6,May,08:30:00,8,1,1,30
201501EK40436,-0.189569,51.540922,2,1,2,2015-04-10,6,April,13:50:00,13,1,1,30
201501EK40437,-0.135644,51.537199,3,2,1,2015-06-05,6,June,15:20:00,15,1,1,30
201501EK40438,-0.119776,51.516353,3,2,1,2015-06-04,5,June,04:30:00,4,1,1,40
201501EK40440,-0.134748,51.53089,3,2,1,2015-06-07,1,June,19:50:00,19,1,1,30
201501EK40441,-0.177633,51.565376,3,2,2,2015-06-07,1,June,21:50:00,21,1,1,30
201501EK40442,-0.17602,51.551592,3,2,1,2015-06-06,7,June,13:43:00,13,1,1,30
201501EK40443,-0.143441,51.558186,2,1,1,2015-06-06,7,June,19:35:00,19,1,1,30
201501EK40444,-0.120444,51.517623,3,2,1,2015-06-04,5,June,18:06:00,18,1,1,30
201501EK40445,-0.199877,51.546476,3,2,1,2015-06-06,7,June,19:56:00,19,1,1,30
201501EK40446,-0.173093,51.541835,3,1,1,2015-06-07,1,June,00:26:00,0,1,1,30
201501EK40447,-0.145566,51.555611,3,1,1,2015-06-05,6,June,17:00:00,17,1,1,30
201501EK40448,-0.172744,51.546955,2,2,1,2015-06-25,5,June,20:25:00,20,1,1,30
201501EK40449,-0.192605,51.537102,2,1,2,2015-06-08,2,June,18:45:00,18,1,1,30
201501EK40450,-0.173685,51.552276,3,2,1,2015-05-29,6,May,17:00:00,17,1,1,30
201501EK40451,-0.141578,51.547275,3,2,1,2015-06-08,2,June,07:45:00,7,1,1,30
201501EK40452,-0.174891,51.543752,3,2,2,2015-05-17,1,May,23:50:00,23,1,1,40
201501EK40454,-0.194941,51.540015,3,1,1,2015-06-09,3,June,16:00:00,16,1,1,30
201501EK40455,-0.199021,51.542596,3,2,1,2015-06-09,3,June,18:35:00,18,1,1,30
201501EK40456,-0.1282,51.518286,3,2,1,2015-05-09,7,May,09:20:00,9,1,1,30
201501EK40458,-0.175043,51.543574,3,2,1,2015-06-09,3,June,19:00:00,19,1,1,30
201501EK40459,-0.141893,51.539547,3,2,1,2015-06-10,4,June,07:05:00,7,1,1,30
201501EK40460,-0.139185,51.53168,3,2,1,2015-06-10,4,June,19:28:00,19,1,1,40
201501EK40461,-0.173817,51.541756,3,2,1,2015-06-01,2,June,20:00:00,20,4,1,30
201501EK40462,-0.116278,51.520793,2,2,1,2015-05-05,3,May,20:15:00,20,1,1,30
201501EK40464,-0.142476,51.539376,3,1,1,2015-06-09,3,June,07:35:00,7,1,1,30
201501EK40465,-0.117885,51.516773,3,2,1,2015-06-10,4,June,09:20:00,9,1,1,30
201501EK40466,-0.176635,51.543419,3,2,1,2015-06-01,2,June,14:57:00,14,1,1,30
201501EK40467,-0.1651,51.55412,3,3,1,2015-06-11,5,June,10:00:00,10,1,1,30
201501EK40468,-0.120588,51.517625,3,2,1,2015-06-11,5,June,17:31:00,17,1,2,30
201501EK40470,-0.121257,51.518895,3,1,3,2015-06-13,7,June,15:50:00,15,1,1,40
201501EK40472,-0.155196,51.545781,3,2,1,2015-06-12,6,June,14:48:00,14,1,1,30
201501EK40473,-0.123702,51.515517,3,2,1,2015-06-13,7,June,19:49:00,19,2,2,30
201501EK40474,-0.192742,51.537284,3,1,1,2015-06-12,6,June,16:39:00,16,1,1,30
201501EK40475,-0.144098,51.563322,3,1,2,2015-06-13,7,June,15:45:00,15,1,1,30
201501EK40476,-0.125855,51.522745,3,2,1,2015-06-12,6,June,06:40:00,6,1,1,30
201501EK40478,-0.12344,51.525404,3,1,1,2015-06-12,6,June,16:15:00,16,1,1,30
201501EK40479,-0.140237,51.537722,3,1,1,2015-06-14,1,June,12:58:00,12,1,1,30
201501EK40480,-0.136093,51.543861,3,3,1,2015-06-12,6,June,23:03:00,23,1,1,30
201501EK40481,-0.129274,51.513178,3,1,1,2015-06-13,7,June,16:56:00,16,1,1,30
201501EK40482,-0.162641,51.54356,3,2,1,2015-06-08,2,June,10:30:00,10,1,1,30
201501EK40483,-0.134646,51.522796,3,2,1,2015-06-11,5,June,08:17:00,8,1,1,30
201501EK40485,-0.139979,51.540505,3,2,1,2015-05-12,3,May,18:10:00,18,9,1,30
201501EK40487,-0.145238,51.549491,3,1,1,2015-04-22,4,April,08:15:00,8,1,1,30
201501EK40490,-0.143314,51.536512,3,2,1,2015-06-16,3,June,15:42:00,15,1,1,30
201501EK40491,-0.129686,51.527752,3,2,5,2015-06-15,2,June,10:01:00,10,1,1,40
201501EK40492,-0.193605,51.555551,2,2,2,2015-06-17,4,June,17:20:00,17,1,1,30
201501EK40493,-0.144486,51.528977,3,1,1,2015-06-18,5,June,18:56:00,18,1,1,30
201501EK40494,-0.144295,51.540754,3,1,1,2015-06-21,1,June,16:00:00,16,1,1,30
201501EK40495,-0.11978,51.516263,3,1,1,2015-06-20,7,June,13:50:00,13,1,1,30
201501EK40496,-0.137267,51.539833,2,1,1,2015-06-16,3,June,19:51:00,19,1,1,30
201501EK40497,-0.133552,51.535458,3,1,1,2015-06-20,7,June,15:52:00,15,1,1,40
201501EK40498,-0.179254,51.560905,3,3,1,2015-06-21,1,June,11:50:00,11,1,1,30
201501EK40500,-0.178978,51.546153,3,1,1,2015-06-20,7,June,16:20:00,16,1,1,40
201501EK40501,-0.172657,51.541918,3,1,2,2015-06-22,2,June,16:22:00,16,1,1,30
201501EK40504,-0.161666,51.553437,3,1,1,2015-06-23,3,June,11:04:00,11,1,1,30
201501EK40505,-0.116249,51.518005,3,1,1,2015-06-24,4,June,09:30:00,9,1,1,30
201501EK40506,-0.13877,51.527717,3,1,1,2015-06-24,4,June,14:47:00,14,1,1,30
201501EK40507,-0.1282,51.518286,3,1,1,2015-06-24,4,June,15:40:00,15,1,1,30
201501EK40508,-0.148128,51.535149,3,2,1,2015-06-25,5,June,17:05:00,17,1,1,30
201501EK40509,-0.1271,51.51701,3,2,1,2015-07-10,6,July,14:45:00,14,1,1,30
201501EK40510,-0.178705,51.55658,3,2,1,2015-06-25,5,June,19:05:00,19,1,1,30
201501EK40512,-0.151399,51.543384,3,1,2,2015-06-28,1,June,23:00:00,23,1,1,30
201501EK40513,-0.1474,51.542421,3,2,2,2015-06-27,7,June,11:45:00,11,1,1,30
201501EK40515,-0.180221,51.547521,3,2,2,2015-06-27,7,June,19:15:00,19,1,1,40
201501EK40516,-0.150822,51.56118,2,2,1,2015-06-26,6,June,15:52:00,15,1,1,30
201501EK40517,-0.145422,51.541401,3,1,1,2015-06-28,1,June,15:50:00,15,1,1,30
201501EK40518,-0.193605,51.555551,3,2,1,2015-06-09,3,June,16:50:00,16,1,1,30
201501EK40519,-0.122136,51.518549,2,1,1,2015-06-23,3,June,10:29:00,10,9,1,30
201501EK40520,-0.122501,51.530695,3,2,1,2015-06-29,2,June,17:26:00,17,1,1,30
201501EK40521,-0.133569,51.545619,3,2,1,2015-06-29,2,June,16:50:00,16,1,1,30
201501EK40522,-0.179456,51.541394,2,2,1,2015-06-12,6,June,16:30:00,16,9,1,30
201501EK40523,-0.175035,51.543754,3,2,1,2015-06-17,4,June,16:50:00,16,1,1,30
201501EK40525,-0.135153,51.524512,3,1,1,2015-07-01,4,July,11:20:00,11,1,1,30
201501EK40526,-0.114327,51.52265,3,2,1,2015-07-01,4,July,06:50:00,6,1,1,30
201501EK40527,-0.129553,51.52748,3,2,1,2015-07-01,4,July,12:35:00,12,1,1,30
201501EK40528,-0.145844,51.527469,3,2,1,2015-06-22,2,June,19:20:00,19,1,1,30
201501EK40529,-0.202089,51.545251,3,1,1,2015-06-24,4,June,00:25:00,0,1,1,30
201501EK40530,-0.177843,51.549283,3,1,1,2015-07-01,4,July,16:20:00,16,1,1,30
201501EK40531,-0.181738,51.549253,3,2,1,2015-06-18,5,June,19:08:00,19,1,1,30
201501EK40532,-0.130424,51.5203,3,2,1,2015-07-02,5,July,18:00:00,18,1,1,30
201501EK40533,-0.11032,51.521956,3,2,1,2015-07-02,5,July,19:30:00,19,1,1,30
201501EK40534,-0.165241,51.550615,3,1,1,2015-07-01,4,July,16:30:00,16,1,1,30
201501EK40537,-0.186093,51.552198,3,2,2,2015-06-19,6,June,19:54:00,19,1,1,30
201501EK40538,-0.12112,51.518713,3,3,1,2015-07-03,6,July,14:59:00,14,1,1,30
201501EK40539,-0.138748,51.528256,2,1,1,2015-07-03,6,July,11:13:00,11,1,1,30
201501EK40540,-0.127774,51.546246,3,2,2,2015-07-05,1,July,13:25:00,13,1,1,30
201501EK40541,-0.151122,51.550214,3,2,1,2015-07-05,1,July,16:08:00,16,1,1,30
201501EK40542,-0.147504,51.536308,3,2,1,2015-07-04,7,July,16:25:00,16,1,1,30
201501EK40543,-0.185977,51.562358,2,2,1,2015-07-04,7,July,17:50:00,17,1,1,30
201501EK40544,-0.198462,51.542138,3,2,1,2015-06-24,4,June,09:15:00,9,1,1,30
201501EK40545,-0.123011,51.518293,3,2,1,2015-07-01,4,July,11:50:00,11,1,1,20
201501EK40546,-0.146968,51.53531,3,3,2,2015-07-05,1,July,07:50:00,7,1,1,30
201501EK40547,-0.153831,51.543872,3,2,1,2015-07-06,2,July,19:09:00,19,1,1,30
201501EK40548,-0.1651,51.55412,3,2,1,2015-07-04,7,July,22:30:00,22,1,1,30
201501EK40549,-0.107139,51.522175,3,1,1,2015-07-07,3,July,22:56:00,22,1,1,30
201501EK40550,-0.138293,51.525281,3,2,1,2015-06-26,6,June,20:30:00,20,1,1,30
201501EK40552,-0.176294,51.555553,3,1,1,2015-06-11,5,June,18:36:00,18,1,1,30
201501EK40553,-0.136848,51.521841,3,2,1,2015-07-07,3,July,09:56:00,9,1,1,30
201501EK40554,-0.141513,51.563011,3,2,1,2015-07-07,3,July,09:45:00,9,1,1,30
201501EK40555,-0.15484,51.543887,3,2,2,2015-06-27,7,June,19:09:00,19,1,1,30
201501EK40556,-0.118217,51.519206,3,2,2,2015-07-08,4,July,09:18:00,9,1,1,30
201501EK40557,-0.150112,51.560899,3,2,1,2015-07-02,5,July,17:05:00,17,1,1,30
201501EK40558,-0.153924,51.562937,3,1,1,2015-07-03,6,July,03:21:00,3,1,1,30
201501EK40560,-0.133417,51.545797,3,2,1,2015-07-01,4,July,09:40:00,9,1,1,30
201501EK40561,-0.116681,51.518012,3,1,1,2015-04-22,4,April,08:30:00,8,1,1,30
201501EK40562,-0.191229,51.546343,3,2,1,2015-07-09,5,July,12:30:00,12,1,1,30
201501EK40563,-0.198462,51.542138,3,2,1,2015-07-09,5,July,14:35:00,14,1,1,30
201501EK40564,-0.156056,51.538781,3,2,1,2015-09-17,5,September,10:55:00,10,1,1,30
201501EK40565,-0.127643,51.524842,2,1,1,2015-07-10,6,July,18:50:00,18,1,1,30
201501EK40566,-0.121955,51.519446,3,5,6,2015-07-11,7,July,17:15:00,17,1,1,30
201501EK40567,-0.120499,51.526796,3,1,2,2015-07-12,1,July,13:10:00,13,1,1,30
201501EK40568,-0.14108,51.548886,3,1,1,2015-07-10,6,July,09:20:00,9,1,1,30
201501EK40570,-0.149465,51.555493,3,2,1,2015-07-11,7,July,19:40:00,19,1,1,30
201501EK40571,-0.13258,51.552168,3,2,1,2015-07-11,7,July,18:43:00,18,1,1,30
201501EK40572,-0.120452,51.517443,3,1,1,2015-07-11,7,July,17:18:00,17,1,1,30
201501EK40573,-0.130845,51.51707,3,2,1,2015-07-10,6,July,19:00:00,19,1,1,30
201501EK40575,-0.123705,51.525948,2,2,1,2015-07-13,2,July,20:10:00,20,1,1,30
201501EK40576,-0.137616,51.534803,3,1,1,2015-07-13,2,July,15:40:00,15,1,1,30
201501EK40578,-0.131149,51.527236,3,2,1,2015-06-19,6,June,17:30:00,17,1,1,30
201501EK40579,-0.136848,51.521841,3,1,1,2015-06-24,4,June,07:20:00,7,1,1,30
201501EK40580,-0.137581,51.542716,3,2,1,2015-07-14,3,July,15:00:00,15,1,1,30
201501EK40581,-0.13165,51.543161,3,1,1,2015-07-14,3,July,22:45:00,22,1,1,30
201501EK40583,-0.17946,51.562976,3,2,1,2015-07-14,3,July,13:20:00,13,1,1,30
201501EK40585,-0.138297,51.525192,3,2,1,2015-07-15,4,July,20:53:00,20,1,1,30
201501EK40586,-0.127513,51.517466,3,2,1,2015-07-15,4,July,13:05:00,13,1,1,30
201501EK40587,-0.170611,51.539009,3,2,1,2015-07-16,5,July,19:20:00,19,1,1,30
201501EK40588,-0.148265,51.535331,3,2,1,2015-07-09,5,July,20:51:00,20,1,1,30
201501EK40589,-0.178138,51.545511,3,2,1,2015-07-02,5,July,11:10:00,11,1,1,40
201501EK40591,-0.165086,51.554479,3,2,2,2015-07-16,5,July,10:44:00,10,1,1,30
201501EK40592,-0.179391,51.561087,3,1,1,2015-06-21,1,June,15:00:00,15,1,1,30
201501EK40593,-0.202367,51.545525,2,2,1,2015-07-19,1,July,04:42:00,4,1,1,30
201501EK40594,-0.114534,51.521125,2,1,2,2015-07-18,7,July,12:59:00,12,1,1,30
201501EK40596,-0.125042,51.517966,3,1,1,2015-07-19,1,July,04:45:00,4,1,1,30
201501EK40597,-0.193098,51.542864,3,2,1,2015-07-09,5,July,09:23:00,9,1,1,30
201501EK40598,-0.136684,51.543511,3,2,1,2015-06-30,3,June,18:05:00,18,1,1,30
201501EK40599,-0.175973,51.549164,3,2,1,2015-07-18,7,July,11:55:00,11,1,1,30
201501EK40602,-0.127348,51.532031,3,2,1,2015-07-17,6,July,23:48:00,23,1,1,30
201501EK40603,-0.140707,51.550948,3,2,1,2015-07-02,5,July,18:55:00,18,1,1,30
201501EK40604,-0.12957,51.51651,3,1,3,2015-07-20,2,July,14:50:00,14,1,1,30
201501EK40605,-0.121375,51.516019,3,1,1,2015-07-16,5,July,14:30:00,14,1,1,30
201501EK40607,-0.137437,51.542713,3,2,1,2015-07-17,6,July,19:00:00,19,1,1,30
201501EK40609,-0.119772,51.516443,3,1,1,2015-07-20,2,July,01:30:00,1,1,1,30
201501EK40611,-0.133864,51.545444,3,2,2,2015-07-18,7,July,22:31:00,22,1,1,30
201501EK40612,-0.138297,51.525192,3,2,1,2015-07-10,6,July,06:55:00,6,1,1,30
201501EK40613,-0.13849,51.541651,3,2,1,2015-07-15,4,July,14:50:00,14,1,1,30
201501EK40614,-0.141065,51.538634,3,1,1,2015-07-22,4,July,18:00:00,18,1,2,30
201501EK40616,-0.129537,51.548972,3,1,1,2015-07-22,4,July,14:30:00,14,1,1,30
201501EK40617,-0.157956,51.545285,3,2,1,2015-07-07,3,July,17:30:00,17,1,1,30
201501EK40618,-0.12338,51.530349,3,2,1,2015-07-22,4,July,17:40:00,17,1,1,30
201501EK40619,-0.120219,51.516091,3,2,1,2015-07-23,5,July,15:50:00,15,1,1,30
201501EK40620,-0.122228,51.51981,3,1,1,2015-07-23,5,July,08:30:00,8,1,1,30
201501EK40621,-0.189798,51.53517,3,2,1,2015-07-23,5,July,08:12:00,8,1,1,30
201501EK40622,-0.118874,51.527759,3,1,1,2015-07-24,6,July,14:25:00,14,2,2,30
201501EK40623,-0.124182,51.52137,3,1,1,2015-07-26,1,July,11:50:00,11,2,2,30
201501EK40624,-0.125874,51.52931,3,2,1,2015-07-26,1,July,00:26:00,0,1,1,30
201501EK40626,-0.197063,51.559291,3,2,1,2015-07-24,6,July,19:39:00,19,1,2,30
201501EK40627,-0.205561,51.548631,3,2,2,2015-07-27,2,July,19:52:00,19,1,1,30
201501EK40628,-0.140885,51.553649,3,2,1,2015-07-25,7,July,11:20:00,11,1,1,30
201501EK40629,-0.139467,51.535372,3,2,2,2015-07-27,2,July,13:30:00,13,1,1,30
201501EK40630,-0.18574,51.553811,2,2,1,2015-07-28,3,July,19:17:00,19,1,2,30
201501EK40631,-0.119532,51.518777,3,2,1,2015-07-28,3,July,08:20:00,8,1,1,30
201501EK40633,-0.126609,51.528962,3,1,1,2015-07-29,4,July,18:22:00,18,1,1,30
201501EK40634,-0.135857,51.531987,3,2,1,2015-07-28,3,July,15:51:00,15,1,1,30
201501EK40635,-0.116129,51.524388,3,1,1,2015-07-23,5,July,08:00:00,8,1,1,30
201501EK40636,-0.116717,51.520621,3,2,1,2015-08-27,5,August,17:45:00,17,1,1,30
201501EK40637,-0.128361,51.535465,3,2,2,2015-07-16,5,July,10:37:00,10,1,1,30
201501EK40639,-0.175721,51.555455,3,2,1,2015-07-31,6,July,04:33:00,4,1,1,30
201501EK40640,-0.151543,51.543386,3,2,1,2015-07-30,5,July,20:32:00,20,1,1,30
201501EK40642,-0.163817,51.55374,3,2,1,2015-07-30,5,July,13:05:00,13,1,1,30
201501EK40643,-0.165944,51.551076,3,2,1,2015-07-18,7,July,22:13:00,22,1,1,30
201501EK40646,-0.122641,51.530787,3,1,1,2015-07-31,6,July,00:20:00,0,1,1,30
201501EK40648,-0.136143,51.539096,3,2,2,2015-07-30,5,July,15:18:00,15,1,1,30
201501EK40649,-0.2032,51.546347,3,2,1,2015-07-31,6,July,10:22:00,10,1,1,30
201501EK40652,-0.139983,51.540416,3,1,1,2015-08-02,1,August,05:33:00,5,1,1,30
201501EK40654,-0.127108,51.523844,3,1,1,2015-07-10,6,July,08:10:00,8,1,1,30
201501EK40657,-0.191273,51.548861,3,1,2,2015-07-31,6,July,08:42:00,8,1,1,30
201501EK40658,-0.162641,51.54356,3,2,1,2015-08-02,1,August,09:22:00,9,1,1,30
201501EK40659,-0.181731,51.549433,3,1,1,2015-08-03,2,August,14:00:00,14,1,1,30
201501EK40660,-0.138362,51.534185,3,1,1,2015-08-03,2,August,16:55:00,16,1,1,30
201501EK40661,-0.127662,51.524393,2,1,5,2015-08-03,2,August,13:12:00,13,1,1,30
201501EK40663,-0.177714,51.556115,3,1,1,2015-08-02,1,August,17:54:00,17,1,1,30
201501EK40664,-0.138266,51.533015,3,1,1,2015-08-02,1,August,19:30:00,19,1,1,30
201501EK40665,-0.12471,51.529561,3,1,1,2015-08-04,3,August,20:05:00,20,1,1,30
201501EK40666,-0.133619,51.519722,2,1,1,2015-08-04,3,August,13:45:00,13,1,1,30
201501EK40667,-0.145795,51.52513,3,2,1,2015-08-02,1,August,12:43:00,12,1,1,30
201501EK40668,-0.129282,51.516505,3,1,1,2015-08-04,3,August,17:07:00,17,1,1,30
201501EK40669,-0.138459,51.524744,2,1,1,2015-07-21,3,July,06:30:00,6,1,1,30
201501EK40670,-0.117988,51.517763,3,1,1,2015-08-04,3,August,12:00:00,12,1,1,30
201501EK40671,-0.142075,51.542157,3,2,1,2015-08-05,4,August,18:00:00,18,2,2,30
201501EK40672,-0.130435,51.516524,3,1,1,2015-07-09,5,July,16:00:00,16,1,1,30
201501EK40673,-0.127336,51.514766,3,2,1,2015-08-05,4,August,18:19:00,18,1,1,30
201501EK40675,-0.139842,51.540323,3,2,1,2015-08-05,4,August,10:00:00,10,1,1,30
201501EK40676,-0.173929,51.542568,3,2,1,2015-08-06,5,August,09:55:00,9,1,1,30
201501EK40677,-0.123532,51.530172,3,2,1,2015-08-06,5,August,19:54:00,19,1,1,30
201501EK40678,-0.128076,51.528356,3,1,2,2015-08-06,5,August,09:15:00,9,1,1,30
201501EK40679,-0.110172,51.522044,3,2,1,2015-07-24,6,July,07:00:00,7,1,2,30
201501EK40680,-0.11317,51.526229,3,2,1,2015-08-02,1,August,17:10:00,17,1,1,30
201501EK40681,-0.139278,51.543552,3,1,2,2015-07-30,5,July,17:30:00,17,1,1,30
201501EK40682,-0.121456,51.517549,3,1,1,2015-08-06,5,August,09:00:00,9,1,1,30
201501EK40684,-0.131973,51.528238,3,2,1,2015-07-14,3,July,18:32:00,18,1,1,20
201501EK40685,-0.113511,51.521468,3,2,3,2015-08-09,1,August,05:50:00,5,1,1,30
201501EK40686,-0.113367,51.521466,2,2,1,2015-08-08,7,August,10:25:00,10,1,1,30
201501EK40687,-0.197204,51.541129,3,1,1,2015-08-09,1,August,15:30:00,15,1,1,30
201501EK40688,-0.139234,51.534019,3,2,1,2015-08-08,7,August,20:30:00,20,1,1,30
201501EK40689,-0.140493,51.542042,3,1,1,2015-08-09,1,August,19:25:00,19,1,1,30
201501EK40690,-0.124485,51.517508,3,2,1,2015-08-06,5,August,15:45:00,15,1,1,30
201501EK40692,-0.137581,51.542716,3,2,1,2015-08-10,2,August,09:03:00,9,1,1,30
201501EK40693,-0.121921,51.530776,3,2,2,2015-08-10,2,August,15:09:00,15,1,2,30
201501EK40694,-0.202504,51.545707,3,2,1,2015-07-27,2,July,10:15:00,10,1,1,30
201501EK40695,-0.138297,51.525192,3,2,1,2015-08-10,2,August,13:30:00,13,1,1,30
201501EK40696,-0.162745,51.544551,3,2,2,2015-08-09,1,August,11:31:00,11,1,1,30
201501EK40697,-0.152093,51.554725,3,1,2,2015-08-10,2,August,19:40:00,19,1,1,30
201501EK40698,-0.131556,51.527872,3,1,1,2015-08-10,2,August,16:35:00,16,1,1,30
201501EK40699,-0.193605,51.555551,3,2,1,2015-08-11,3,August,16:58:00,16,1,1,30
201501EK40700,-0.181735,51.549343,3,2,1,2015-08-11,3,August,16:55:00,16,1,1,30
201501EK40701,-0.119632,51.516351,3,2,1,2015-08-11,3,August,20:38:00,20,1,2,30
201501EK40702,-0.125744,51.518427,3,2,1,2015-08-04,3,August,10:30:00,10,1,1,30
201501EK40705,-0.114822,51.52113,3,2,1,2015-08-11,3,August,19:30:00,19,2,2,30
201501EK40706,-0.20334,51.546439,3,1,1,2015-08-12,4,August,14:50:00,14,1,1,30
201501EK40707,-0.137128,51.522026,3,2,1,2015-07-24,6,July,13:15:00,13,2,2,20
201501EK40709,-0.141726,51.547188,2,1,1,2015-08-08,7,August,23:30:00,23,1,1,30
201501EK40710,-0.14449,51.546602,3,2,1,2015-08-13,5,August,16:00:00,16,2,2,30
201501EK40711,-0.152393,51.543759,3,2,1,2015-08-13,5,August,07:45:00,7,1,1,30
201501EK40712,-0.135541,51.525597,3,1,1,2015-07-14,3,July,16:45:00,16,1,1,40
201501EK40713,-0.126583,51.529591,3,2,1,2015-08-06,5,August,16:50:00,16,1,1,30
201501EK40714,-0.139212,51.534558,2,1,1,2015-08-01,7,August,01:01:00,1,1,1,30
201501EK40716,-0.138767,51.527807,3,2,1,2015-08-15,7,August,17:45:00,17,1,1,30
201501EK40717,-0.133934,51.526111,3,2,1,2015-08-17,2,August,13:00:00,13,1,1,30
201501EK40718,-0.150864,51.545893,3,2,1,2015-08-17,2,August,09:50:00,9,1,1,30
201501EK40719,-0.108151,51.522101,3,2,1,2015-08-08,7,August,19:50:00,19,1,1,30
201501EK40720,-0.127769,51.528801,3,2,1,2015-07-31,6,July,18:30:00,18,1,1,30
201501EK40721,-0.198332,51.541776,3,2,1,2015-08-17,2,August,15:55:00,15,1,1,30
201501EK40722,-0.137405,51.532911,3,2,1,2015-08-06,5,August,09:26:00,9,1,1,30
201501EK40723,-0.129267,51.513358,3,1,11,2015-08-13,5,August,18:50:00,18,1,2,30
201501EK40724,-0.146136,51.541592,3,1,1,2015-08-18,3,August,07:41:00,7,1,1,30
201501EK40727,-0.121404,51.518807,3,1,1,2015-08-05,4,August,07:49:00,7,1,1,30
201501EK40729,-0.117153,51.520538,3,2,1,2015-08-01,7,August,13:42:00,13,1,1,30
201501EK40730,-0.126871,51.515568,3,1,1,2015-08-23,1,August,19:42:00,19,1,1,30
201501EK40731,-0.121674,51.519261,3,2,1,2015-08-21,6,August,08:16:00,8,1,1,30
201501EK40732,-0.177501,51.554223,3,2,1,2015-08-23,1,August,21:35:00,21,1,1,30
201501EK40733,-0.124415,51.529736,3,1,2,2015-08-21,6,August,13:15:00,13,1,1,30
201501EK40734,-0.130443,51.526865,3,2,1,2015-08-21,6,August,13:55:00,13,1,1,30
201501EK40735,-0.148265,51.535331,3,1,1,2015-08-20,5,August,02:30:00,2,1,1,30
201501EK40736,-0.13803,51.524648,3,1,1,2015-08-23,1,August,12:20:00,12,1,1,30
201501EK40737,-0.177249,51.55332,3,1,1,2015-08-24,2,August,10:00:00,10,2,2,30
201501EK40738,-0.108935,51.520585,3,1,1,2015-08-24,2,August,14:05:00,14,1,1,30
201501EK40739,-0.138714,51.536169,3,2,1,2015-08-24,2,August,12:00:00,12,1,2,30
201501EK40740,-0.178619,51.558737,3,2,1,2015-08-04,3,August,08:40:00,8,1,1,30
201501EK40741,-0.181728,51.549523,3,2,1,2015-08-24,2,August,11:30:00,11,2,2,30
201501EK40742,-0.136663,51.522828,3,2,1,2015-07-13,2,July,15:00:00,15,1,1,30
201501EK40743,-0.109533,51.520055,3,2,1,2015-08-18,3,August,17:45:00,17,1,1,30
201501EK40744,-0.162741,51.544641,3,2,1,2015-08-25,3,August,11:25:00,11,1,1,30
201501EK40747,-0.18881,51.55278,3,2,1,2015-08-26,4,August,10:28:00,10,2,2,30
201501EK40748,-0.211576,51.553399,2,2,1,2015-07-31,6,July,11:45:00,11,1,1,30
201501EK40750,-0.130163,51.526681,3,2,1,2015-08-27,5,August,04:55:00,4,1,1,30
201501EK40751,-0.142438,51.536768,3,2,1,2015-08-26,4,August,21:48:00,21,1,1,30
201501EK40752,-0.187591,51.539902,3,1,1,2015-08-27,5,August,19:10:00,19,1,1,30
201501EK40754,-0.145288,51.537622,3,1,1,2015-08-19,4,August,23:05:00,23,1,1,30
201501EK40755,-0.112488,51.521812,3,2,1,2015-08-27,5,August,22:20:00,22,1,1,30
201501EK40756,-0.111344,51.518106,3,2,1,2015-08-27,5,August,18:30:00,18,1,1,30
201501EK40757,-0.141404,51.547992,3,2,1,2015-08-28,6,August,16:35:00,16,1,1,30
201501EK40758,-0.125908,51.54253,3,1,2,2015-08-31,2,August,00:37:00,0,2,2,30
201501EK40760,-0.196078,51.544079,3,1,1,2015-08-29,7,August,03:00:00,3,1,1,30
201501EK40762,-0.138335,51.541918,3,1,1,2015-08-31,2,August,16:34:00,16,1,1,30
201501EK40763,-0.138156,51.525099,3,4,8,2015-09-01,3,September,16:26:00,16,1,1,50
201501EK40764,-0.157956,51.545285,3,2,1,2015-09-01,3,September,15:10:00,15,1,2,30
201501EK40765,-0.124666,51.527133,3,2,1,2015-09-01,3,September,18:35:00,18,1,1,30
201501EK40766,-0.141479,51.53909,3,2,1,2015-09-01,3,September,12:25:00,12,1,1,30
201501EK40767,-0.141784,51.54575,3,1,1,2015-09-01,3,September,11:56:00,11,1,1,20
201501EK40768,-0.154806,51.537592,3,1,1,2015-08-24,2,August,08:50:00,8,2,2,20
201501EK40769,-0.134607,51.544916,3,1,1,2015-09-01,3,September,19:16:00,19,1,1,30
201501EK40771,-0.122228,51.51981,3,1,1,2015-09-02,4,September,09:15:00,9,1,1,30
201501EK40772,-0.141069,51.549155,3,2,1,2015-09-03,5,September,19:13:00,19,1,1,30
201501EK40773,-0.140787,51.53836,3,1,1,2015-09-03,5,September,18:55:00,18,1,1,30
201501EK40774,-0.150864,51.545893,3,2,1,2015-08-21,6,August,09:05:00,9,1,1,30
201501EK40775,-0.145855,51.5272,3,2,1,2015-09-06,1,September,10:05:00,10,1,1,30
201501EK40777,-0.124533,51.530368,3,2,1,2015-09-04,6,September,06:55:00,6,1,1,30
201501EK40778,-0.2025,51.545796,3,2,1,2015-08-17,2,August,08:00:00,8,1,1,30
201501EK40779,-0.193304,51.537652,3,2,1,2015-08-31,2,August,21:10:00,21,1,2,30
201501EK40780,-0.138634,51.541653,3,2,1,2015-08-31,2,August,01:25:00,1,1,1,30
201501EK40781,-0.126287,51.515738,3,1,1,2015-09-03,5,September,23:15:00,23,1,1,30
201501EK40782,-0.162966,51.556964,3,2,1,2015-09-08,3,September,08:04:00,8,1,1,30
201501EK40783,-0.130598,51.54773,3,2,1,2015-09-10,5,September,04:13:00,4,1,1,30
201501EK40784,-0.156064,51.545705,3,2,2,2015-09-09,4,September,18:44:00,18,1,1,30
201501EK40785,-0.195967,51.557836,3,3,1,2015-09-02,4,September,14:58:00,14,1,1,30
201501EK40786,-0.129845,51.523888,3,2,1,2015-09-10,5,September,11:50:00,11,1,1,30
201501EK40787,-0.140803,51.541508,3,2,1,2015-09-10,5,September,16:40:00,16,1,1,30
201501EK40788,-0.113511,51.521468,2,2,1,2015-09-11,6,September,22:02:00,22,1,1,30
201501EK40789,-0.130369,51.549795,3,2,1,2015-09-10,5,September,08:15:00,8,1,1,30
201501EK40790,-0.138682,51.529874,3,2,1,2015-09-09,4,September,09:43:00,9,1,1,30
201501EK40791,-0.147685,51.542516,3,1,1,2015-09-10,5,September,21:50:00,21,1,1,30
201501EK40794,-0.133088,51.525648,3,2,1,2015-09-11,6,September,13:25:00,13,1,1,30
201501EK40796,-0.140999,51.561474,3,2,1,2015-09-13,1,September,20:12:00,20,1,1,30
201501EK40798,-0.126698,51.53382,3,2,1,2015-08-21,6,August,12:00:00,12,1,1,30
201501EK40799,-0.198462,51.542138,3,2,1,2015-08-25,3,August,13:30:00,13,1,1,30
201501EK40800,-0.14449,51.546602,3,2,1,2015-09-14,2,September,11:58:00,11,2,2,30
201501EK40801,-0.116425,51.520706,3,1,1,2015-09-15,3,September,11:39:00,11,1,1,30
201501EK40803,-0.150864,51.545893,3,2,1,2015-09-15,3,September,18:25:00,18,1,1,30
201501EK40804,-0.139835,51.540503,3,1,1,2015-09-15,3,September,13:00:00,13,1,1,30
201501EK40806,-0.164516,51.554291,3,1,1,2015-09-16,4,September,17:20:00,17,1,1,30
201501EK40807,-0.138467,51.538683,3,2,2,2015-09-07,2,September,09:20:00,9,1,1,30
201501EK40808,-0.134056,51.526653,3,1,1,2015-09-16,4,September,12:40:00,12,2,2,30
201501EK40809,-0.136811,51.536858,3,2,1,2015-09-16,4,September,23:55:00,23,2,2,20
201501EK40811,-0.140718,51.550679,3,2,1,2015-08-26,4,August,17:55:00,17,1,1,30
201501EK40812,-0.129797,51.525056,3,1,1,2015-09-17,5,September,15:34:00,15,1,1,30
201501EK40813,-0.113219,51.521554,3,2,1,2015-09-18,6,September,12:27:00,12,1,1,30
201501EK40814,-0.141251,51.551766,3,1,2,2015-09-19,7,September,22:25:00,22,1,1,20
201501EK40815,-0.144098,51.538502,3,2,1,2015-09-19,7,September,18:46:00,18,1,1,30
201501EK40816,-0.139835,51.540503,3,1,1,2015-09-19,7,September,12:03:00,12,1,1,30
201501EK40817,-0.211299,51.553125,3,2,1,2015-09-19,7,September,14:15:00,14,1,1,30
201501EK40819,-0.180022,51.541673,3,2,1,2015-09-20,1,September,13:45:00,13,1,1,30
201501EK40820,-0.143954,51.5385,3,1,1,2015-09-20,1,September,19:43:00,19,1,1,30
201501EK40821,-0.137874,51.521408,3,2,1,2015-09-20,1,September,15:45:00,15,1,1,30
201501EK40822,-0.116129,51.524388,3,1,1,2015-09-20,1,September,19:40:00,19,1,1,30
201501EK40824,-0.197514,51.547878,3,2,1,2015-09-20,1,September,19:23:00,19,1,1,30
201501EK40825,-0.130594,51.54782,3,2,1,2015-09-21,2,September,18:54:00,18,2,2,30
201501EK40826,-0.12249,51.52395,3,2,1,2015-09-15,3,September,16:50:00,16,1,1,30
201501EK40827,-0.116422,51.520796,3,2,2,2015-09-22,3,September,19:50:00,19,1,2,30
201501EK40829,-0.126287,51.515738,3,2,1,2015-09-06,1,September,02:08:00,2,1,1,30
201501EK40830,-0.118756,51.520114,3,2,1,2015-09-04,6,September,17:40:00,17,1,1,30
201501EK40832,-0.150662,51.554433,3,1,1,2015-09-19,7,September,17:35:00,17,1,1,30
201501EK40833,-0.142303,51.540093,3,1,2,2015-09-19,7,September,22:28:00,22,1,1,20
201501EK40834,-0.126882,51.522312,3,2,1,2015-09-23,4,September,18:10:00,18,1,1,30
201501EK40835,-0.12399,51.526043,3,2,1,2015-09-23,4,September,20:26:00,20,1,2,30
201501EK40838,-0.175244,51.542138,3,2,1,2015-09-23,4,September,08:10:00,8,1,1,30
201501EK40839,-0.130298,51.516342,3,2,1,2015-08-06,5,August,13:45:00,13,1,1,30
201501EK40840,-0.138634,51.541653,3,2,1,2015-09-25,6,September,21:37:00,21,1,1,30
201501EK40843,-0.126715,51.515835,3,1,1,2015-09-24,5,September,15:38:00,15,1,1,30
201501EK40844,-0.198231,51.547979,3,2,1,2015-09-27,1,September,14:00:00,14,1,1,30
201501EK40845,-0.192176,51.551573,3,2,1,2015-09-27,1,September,20:00:00,20,1,1,30
201501EK40847,-0.121552,51.515213,3,2,1,2015-09-28,2,September,12:45:00,12,1,1,30
201501EK40850,-0.129191,51.525766,3,2,1,2015-09-28,2,September,07:20:00,7,1,1,30
201501EK40851,-0.127795,51.524665,3,2,1,2015-09-27,1,September,17:24:00,17,1,1,30
201501EK40852,-0.126723,51.515655,3,2,1,2015-09-28,2,September,13:05:00,13,1,1,30
201501EK40853,-0.138098,51.526537,3,2,1,2015-09-16,4,September,02:00:00,2,1,1,30
201501EK40854,-0.164924,51.547733,3,2,2,2015-03-08,1,March,10:00:00,10,1,1,30
201501EK40856,-0.195819,51.557923,3,2,1,2015-09-29,3,September,08:35:00,8,1,1,30
201501EK40858,-0.139428,51.539867,3,2,1,2015-09-30,4,September,22:55:00,22,1,1,30
201501EK40859,-0.151185,51.537985,3,2,1,2015-08-07,6,August,11:15:00,11,1,1,30
201501EK40860,-0.138639,51.534459,3,2,1,2015-09-22,3,September,17:15:00,17,1,2,30
201501EK40861,-0.127934,51.514236,3,2,1,2015-10-01,5,October,16:25:00,16,1,1,30
201501EK40862,-0.15097,51.543287,3,3,1,2015-09-30,4,September,14:20:00,14,1,1,30
201501EK40863,-0.129106,51.524326,3,1,1,2015-10-01,5,October,10:00:00,10,1,1,30
201501EK40864,-0.136811,51.536858,3,2,1,2015-09-30,4,September,07:40:00,7,1,1,30
201501EK40865,-0.185105,51.551643,3,2,1,2015-09-21,2,September,09:29:00,9,1,1,30
201501EK40867,-0.135446,51.527934,3,2,1,2015-09-30,4,September,13:25:00,13,1,1,30
201501EK40868,-0.190923,51.554071,3,2,1,2015-09-30,4,September,07:50:00,7,1,1,30
201501EK40869,-0.124847,51.529743,3,2,1,2015-10-02,6,October,13:17:00,13,1,1,40
201501EK40870,-0.140568,51.543752,3,2,1,2015-10-02,6,October,12:48:00,12,1,1,30
201501EK40871,-0.183411,51.550718,3,1,1,2015-10-02,6,October,08:28:00,8,1,1,30
201501EK40872,-0.121404,51.518807,3,2,1,2015-09-08,3,September,07:45:00,7,1,1,30
201501EK40873,-0.130713,51.527319,3,2,1,2015-10-05,2,October,18:05:00,18,2,2,30
201501EK40875,-0.152541,51.543671,3,2,1,2015-10-05,2,October,09:00:00,9,2,2,20
201501EK40876,-0.138297,51.525192,3,2,1,2015-08-12,4,August,15:00:00,15,1,1,30
201501EK40877,-0.122217,51.530601,3,1,1,2015-10-05,2,October,14:50:00,14,2,2,30
201501EK40879,-0.127068,51.545875,3,1,1,2015-10-06,3,October,09:15:00,9,2,2,20
201501EK40880,-0.137894,51.524466,3,2,1,2015-10-06,3,October,21:11:00,21,1,1,30
201501EK40881,-0.120207,51.526881,3,2,1,2015-10-06,3,October,15:10:00,15,1,1,30
201501EK40883,-0.133417,51.545797,3,2,1,2015-09-26,7,September,09:30:00,9,1,1,30
201501EK40885,-0.120736,51.517538,3,1,1,2015-10-07,4,October,09:15:00,9,1,1,30
201501EK40886,-0.145792,51.52522,3,2,1,2015-10-07,4,October,09:00:00,9,1,1,30
201501EK40887,-0.134912,51.537457,3,2,1,2015-10-02,6,October,23:28:00,23,1,2,20
201501EK40888,-0.174891,51.543752,3,1,1,2015-10-07,4,October,23:12:00,23,1,1,30
201501EK40889,-0.137434,51.542803,3,2,2,2015-09-27,1,September,12:56:00,12,1,1,30
201501EK40890,-0.134075,51.526204,3,2,1,2015-09-28,2,September,16:10:00,16,1,1,30
201501EK40891,-0.140566,51.540245,3,1,1,2015-10-06,3,October,20:30:00,20,1,1,20
201501EK40893,-0.14444,51.526548,3,2,1,2015-10-07,4,October,07:55:00,7,1,2,20
201501EK40894,-0.159747,51.543785,3,1,1,2015-10-06,3,October,20:35:00,20,2,2,30
201501EK40895,-0.145403,51.524135,3,2,1,2015-09-06,1,September,03:30:00,3,1,1,30
201501EK40897,-0.137581,51.542716,3,1,1,2015-10-08,5,October,18:23:00,18,1,1,30
201501EK40898,-0.135577,51.53531,3,3,1,2015-10-10,7,October,20:30:00,20,1,1,20
201501EK40899,-0.145693,51.527647,3,1,1,2015-10-09,6,October,10:12:00,10,1,1,20
201501EK40901,-0.149175,51.537773,3,3,1,2015-10-09,6,October,16:37:00,16,1,1,30
201501EK40902,-0.149966,51.571597,3,2,1,2015-10-09,6,October,11:15:00,11,1,1,30
201501EK40903,-0.127037,51.515031,3,2,1,2015-10-12,2,October,10:35:00,10,1,1,30
201501EK40904,-0.138737,51.528526,3,2,1,2015-10-04,1,October,19:03:00,19,1,1,30
201501EK40905,-0.130376,51.517961,3,2,1,2015-10-09,6,October,15:10:00,15,1,1,30
201501EK40906,-0.126436,51.5402,3,2,3,2015-10-09,6,October,14:40:00,14,1,1,30
201501EK40907,-0.19958,51.543054,3,2,1,2015-10-12,2,October,20:40:00,20,1,1,30
201501EK40910,-0.14449,51.546602,3,2,1,2015-10-13,3,October,22:55:00,22,1,1,30
201501EK40911,-0.129112,51.548786,3,2,1,2015-10-13,3,October,07:20:00,7,1,1,30
201501EK40912,-0.177997,51.545418,2,2,1,2015-10-01,5,October,16:40:00,16,1,1,30
201501EK40913,-0.152677,51.554554,3,2,1,2015-10-13,3,October,10:02:00,10,1,1,20
201501EK40916,-0.165944,51.551076,3,4,1,2015-10-15,5,October,18:45:00,18,1,1,30
201501EK40917,-0.137242,51.533358,3,2,1,2015-10-18,1,October,15:38:00,15,1,1,30
201501EK40918,-0.139241,51.533839,2,1,1,2015-10-18,1,October,04:54:00,4,1,1,30
201501EK40919,-0.134945,51.550767,3,2,1,2015-10-14,4,October,16:00:00,16,1,1,30
201501EK40920,-0.131589,51.551703,3,2,1,2015-09-28,2,September,18:00:00,18,1,1,30
201501EK40921,-0.134422,51.542396,3,1,1,2015-10-16,6,October,16:15:00,16,1,2,30
201501EK40923,-0.142476,51.539376,3,1,1,2015-10-17,7,October,22:35:00,22,1,1,20
201501EK40924,-0.191197,51.547151,3,1,1,2015-09-30,4,September,07:50:00,7,1,1,30
201501EK40926,-0.13237,51.518533,3,2,1,2015-10-15,5,October,23:38:00,23,1,1,20
201501EK40927,-0.178619,51.558737,3,2,1,2015-10-09,6,October,15:45:00,15,1,1,30
201501EK40929,-0.129404,51.5487,3,2,1,2015-10-19,2,October,11:40:00,11,1,1,30
201501EK40930,-0.125209,51.513922,3,2,1,2015-10-19,2,October,18:36:00,18,1,1,30
201501EK40931,-0.134808,51.550585,3,2,1,2015-10-10,7,October,20:50:00,20,1,1,30
201501EK40932,-0.137616,51.534803,3,1,1,2015-10-20,3,October,13:56:00,13,1,1,30
201501EK40933,-0.127163,51.522496,2,1,1,2015-10-21,4,October,11:55:00,11,1,1,30
201501EK40934,-0.128079,51.524759,3,2,2,2015-10-21,4,October,16:15:00,16,2,2,20
201501EK40935,-0.19326,51.542417,3,2,1,2015-10-21,4,October,16:30:00,16,1,1,30
201501EK40936,-0.119612,51.530829,3,2,1,2015-09-08,3,September,09:00:00,9,1,1,30
201501EK40937,-0.194944,51.539925,3,1,1,2015-10-21,4,October,15:14:00,15,2,2,30
201501EK40938,-0.136105,51.522369,3,1,1,2015-10-22,5,October,18:40:00,18,1,1,30
201501EK40939,-0.135798,51.519307,3,1,1,2015-10-21,4,October,14:20:00,14,1,1,30
201501EK40940,-0.131618,51.522837,3,1,1,2015-10-24,7,October,02:10:00,2,1,1,20
201501EK40942,-0.124629,51.51751,3,1,1,2015-10-25,1,October,01:30:00,1,1,2,30
201501EK40943,-0.179766,51.562531,3,3,3,2015-10-25,1,October,15:30:00,15,1,1,30
201501EK40944,-0.159183,51.536312,3,2,4,2015-10-25,1,October,13:55:00,13,1,1,30
201501EK40945,-0.133569,51.545619,3,2,1,2015-10-25,1,October,20:25:00,20,1,1,30
201501EK40947,-0.149115,51.542808,3,1,1,2015-10-26,2,October,20:49:00,20,1,1,30
201501EK40948,-0.117552,51.517846,3,2,1,2015-10-26,2,October,19:00:00,19,1,1,30
201501EK40950,-0.133417,51.545797,3,2,1,2015-09-08,3,September,16:55:00,16,1,1,30
201501EK40952,-0.145892,51.526301,2,1,1,2015-10-27,3,October,16:45:00,16,1,1,20
201501EK40955,-0.135005,51.5246,3,2,1,2015-10-27,3,October,18:05:00,18,1,1,30
201501EK40956,-0.134759,51.544739,3,2,1,2015-10-27,3,October,07:30:00,7,1,1,30
201501EK40957,-0.131149,51.527236,3,3,1,2015-10-27,3,October,09:15:00,9,1,1,30
201501EK40958,-0.172153,51.5545,3,2,1,2015-10-28,4,October,08:05:00,8,2,2,30
201501EK40959,-0.20612,51.549089,3,3,1,2015-10-28,4,October,23:10:00,23,1,1,30
201501EK40960,-0.125371,51.523997,3,1,2,2015-10-28,4,October,01:40:00,1,1,1,20
201501EK40961,-0.117737,51.520367,3,2,1,2015-10-28,4,October,19:04:00,19,1,1,30
201501EK40962,-0.139223,51.534289,3,2,1,2015-10-09,6,October,18:00:00,18,1,1,30
201501EK40963,-0.16887,51.542848,3,1,1,2015-10-29,5,October,14:32:00,14,1,1,30
201501EK40964,-0.133222,51.529427,3,2,1,2015-10-24,7,October,23:15:00,23,1,2,30
201501EK40965,-0.126173,51.529045,2,2,1,2015-10-31,7,October,21:29:00,21,1,1,30
201501EK40966,-0.130579,51.516526,3,1,1,2015-10-30,6,October,19:35:00,19,1,1,30
201501EK40967,-0.194944,51.539925,3,2,1,2015-11-01,1,November,15:50:00,15,1,1,30
201501EK40968,-0.141578,51.547275,3,2,1,2015-10-31,7,October,22:40:00,22,1,1,20
201501EK40969,-0.127773,51.528711,3,2,1,2015-10-29,5,October,18:00:00,18,1,1,30
201501EK40970,-0.195967,51.557836,3,2,1,2015-10-31,7,October,15:55:00,15,1,1,40
201501EK40971,-0.187633,51.535226,3,3,1,2015-10-31,7,October,11:30:00,11,1,1,30
201501EK40972,-0.145848,51.527379,3,2,2,2015-10-30,6,October,13:16:00,13,1,1,20
201501EK40973,-0.145828,51.53853,3,2,1,2015-11-02,2,November,15:00:00,15,1,1,30
201501EK40974,-0.142779,51.539021,3,1,1,2015-11-02,2,November,13:15:00,13,1,1,20
201501EK40975,-0.154529,51.537318,3,1,1,2015-11-02,2,November,13:20:00,13,1,1,30
201501EK40976,-0.131692,51.528054,3,2,1,2015-10-29,5,October,13:05:00,13,1,1,30
201501EK40977,-0.194592,51.556106,3,2,1,2015-11-04,4,November,14:29:00,14,1,2,30
201501EK40978,-0.137434,51.542803,3,2,3,2015-11-04,4,November,20:40:00,20,1,2,30
201501EK40979,-0.137134,51.543068,3,2,3,2015-11-04,4,November,17:10:00,17,1,1,30
201501EK40980,-0.15134,51.569731,2,2,1,2015-10-23,6,October,19:15:00,19,1,1,20
201501EK40981,-0.126173,51.529045,3,2,1,2015-11-04,4,November,16:30:00,16,1,1,30
201501EK40982,-0.140119,51.540598,3,1,1,2015-11-04,4,November,20:00:00,20,2,2,30
201501EK40983,-0.127662,51.524393,3,1,1,2015-10-03,7,October,20:30:00,20,1,1,20
201501EK40985,-0.134755,51.527204,3,1,1,2015-11-04,4,November,08:59:00,8,2,2,30
201501EK40987,-0.165113,51.535865,3,1,1,2015-11-05,5,November,17:21:00,17,2,2,30
201501EK40992,-0.192745,51.537194,3,2,1,2015-11-08,1,November,20:41:00,20,2,2,20
201501EK40993,-0.16256,51.549134,3,3,4,2015-11-06,6,November,15:43:00,15,1,1,30
201501EK40994,-0.182996,51.550262,3,1,1,2015-11-03,3,November,16:44:00,16,1,1,30
201501EK40997,-0.139432,51.539777,3,2,1,2015-11-08,1,November,22:25:00,22,1,2,30
201501EK40998,-0.127938,51.517653,3,2,1,2015-11-08,1,November,12:45:00,12,1,1,30
201501EK40999,-0.139979,51.540505,3,2,2,2015-11-11,4,November,03:07:00,3,1,1,30
201501EK41001,-0.143958,51.53841,3,1,1,2015-11-10,3,November,08:32:00,8,1,1,30
201501EK41002,-0.126719,51.515745,3,1,2,2015-11-09,2,November,14:45:00,14,1,1,30
201501EK41005,-0.170391,51.558879,3,2,1,2015-11-12,5,November,16:26:00,16,1,2,30
201501EK41006,-0.196548,51.554068,3,2,1,2015-11-14,7,November,01:39:00,1,1,1,30
201501EK41007,-0.114387,51.521213,3,1,1,2015-11-12,5,November,15:37:00,15,1,1,30
201501EK41009,-0.122641,51.530787,2,1,1,2015-11-13,6,November,10:30:00,10,1,1,30
201501EK41011,-0.142632,51.539109,3,2,1,2015-11-15,1,November,16:50:00,16,1,1,30
201501EK41012,-0.1489,51.54811,3,1,1,2015-11-16,2,November,09:05:00,9,1,1,30
201501EK41013,-0.140566,51.540245,3,1,2,2015-11-16,2,November,20:20:00,20,1,1,30
201501EK41016,-0.156914,51.546078,3,2,1,2015-11-16,2,November,21:50:00,21,1,1,30
201501EK41017,-0.115014,51.523471,3,2,1,2015-11-16,2,November,06:50:00,6,2,2,20
201501EK41018,-0.130026,51.526499,3,2,1,2015-11-17,3,November,09:30:00,9,1,1,30
201501EK41020,-0.125726,51.529398,3,2,1,2015-11-17,3,November,13:50:00,13,1,2,30
201501EK41022,-0.142491,51.539017,3,2,1,2015-11-06,6,November,08:55:00,8,1,1,30
201501EK41023,-0.181183,51.548705,3,2,1,2015-11-13,6,November,20:00:00,20,1,1,30
201501EK41024,-0.133421,51.545707,3,1,1,2015-11-18,4,November,14:41:00,14,1,2,30
201501EK41025,-0.173502,51.571247,3,2,1,2015-11-18,4,November,17:52:00,17,1,2,30
201501EK41026,-0.127646,51.517738,3,2,3,2015-11-18,4,November,16:45:00,16,1,2,30
201501EK41027,-0.117594,51.513351,3,2,2,2015-11-12,5,November,20:15:00,20,1,2,30
201501EK41028,-0.141744,51.546738,3,2,1,2015-11-19,5,November,21:53:00,21,1,1,30
201501EK41029,-0.166309,51.541999,3,2,1,2015-11-13,6,November,18:00:00,18,1,1,20
201501EK41031,-0.136395,51.543506,3,2,1,2015-11-20,6,November,07:09:00,7,1,1,30
201501EK41032,-0.131733,51.527066,3,2,1,2015-10-27,3,October,15:00:00,15,1,1,30
201501EK41033,-0.138714,51.536169,2,2,1,2015-11-01,1,November,01:00:00,1,9,1,30
201501EK41035,-0.138657,51.530503,3,1,1,2015-11-22,1,November,15:50:00,15,1,1,30
201501EK41037,-0.12983,51.527755,3,2,1,2015-11-21,7,November,12:25:00,12,1,1,30
201501EK41038,-0.141658,51.545298,3,2,1,2015-11-22,1,November,22:40:00,22,1,1,30
201501EK41039,-0.138714,51.536169,3,2,1,2015-11-24,3,November,17:00:00,17,2,2,20
201501EK41040,-0.127222,51.521059,3,2,1,2015-11-24,3,November,10:45:00,10,1,2,30
201501EK41041,-0.129191,51.525766,3,2,1,2015-11-24,3,November,09:20:00,9,1,1,30
201501EK41042,-0.182294,51.549801,3,2,1,2015-11-17,3,November,18:10:00,18,5,2,30
201501EK41043,-0.136402,51.525701,3,2,1,2015-11-24,3,November,07:48:00,7,2,2,40
201501EK41045,-0.132264,51.521139,3,1,1,2015-11-19,5,November,16:45:00,16,2,2,30
201501EK41046,-0.11497,51.521042,2,1,1,2015-11-25,4,November,14:55:00,14,1,1,30
201501EK41047,-0.14318,51.525629,2,1,1,2015-11-26,5,November,09:52:00,9,1,1,30
201501EK41049,-0.16114,51.55217,3,1,1,2015-11-26,5,November,18:46:00,18,1,2,30
201501EK41050,-0.170748,51.539191,3,2,1,2015-11-26,5,November,07:16:00,7,1,1,30
201501EK41051,-0.12368,51.530084,3,2,1,2015-11-25,4,November,09:45:00,9,1,2,20
201501EK41052,-0.173673,51.541754,3,2,1,2015-11-13,6,November,08:15:00,8,1,1,30
201501EK41053,-0.122534,51.5369,3,2,1,2015-11-26,5,November,18:05:00,18,1,1,30
201501EK41054,-0.130982,51.520759,3,1,1,2015-11-26,5,November,07:40:00,7,1,1,30
201501EK41055,-0.126959,51.516918,3,3,1,2015-11-27,6,November,09:41:00,9,1,2,30
201501EK41056,-0.127634,51.546154,3,1,1,2015-11-27,6,November,19:05:00,19,2,2,30
201501EK41057,-0.200968,51.544424,3,2,1,2015-11-27,6,November,22:50:00,22,1,2,30
201501EK41058,-0.140272,51.554538,3,1,1,2015-11-29,1,November,16:05:00,16,5,2,30
201501EK41059,-0.127096,51.5171,3,2,1,2015-11-28,7,November,21:45:00,21,1,1,30
201501EK41060,-0.137894,51.524466,3,2,1,2015-11-29,1,November,03:35:00,3,1,1,30
201501EK41062,-0.128267,51.516669,2,1,1,2015-11-28,7,November,01:01:00,1,1,2,30
201501EK41063,-0.125852,51.522835,3,2,1,2015-11-28,7,November,00:36:00,0,1,2,30
201501EK41064,-0.11594,51.528971,3,1,1,2015-11-30,2,November,08:51:00,8,1,2,30
201501EK41065,-0.124248,51.523259,3,1,1,2015-11-30,2,November,13:27:00,13,1,1,30
201501EK41066,-0.187232,51.552576,3,2,1,2015-11-30,2,November,11:55:00,11,1,1,30
201501EK41067,-0.127108,51.523844,3,2,1,2015-11-30,2,November,07:13:00,7,1,1,30
201501EK41068,-0.189088,51.553054,3,2,1,2015-11-30,2,November,07:10:00,7,1,1,30
201501EK41072,-0.119632,51.516351,3,2,1,2015-11-05,5,November,18:04:00,18,4,2,30
201501EK41073,-0.169176,51.553194,3,2,2,2015-10-29,5,October,21:33:00,21,1,1,30
201501EK41074,-0.144211,51.542821,3,1,1,2015-11-22,1,November,16:47:00,16,1,2,30
201501EK41075,-0.146946,51.53585,3,2,1,2015-11-21,7,November,17:15:00,17,1,1,30
201501EK41076,-0.163832,51.549784,3,2,1,2015-12-03,5,December,22:21:00,22,2,2,30
201501EK41079,-0.134912,51.537457,3,2,1,2015-11-23,2,November,15:20:00,15,1,1,20
201501EK41080,-0.178561,51.556578,3,2,1,2015-12-03,5,December,07:22:00,7,1,1,30
201501EK41081,-0.127923,51.518012,3,2,1,2015-12-04,6,December,09:55:00,9,1,1,30
201501EK41082,-0.171645,51.541992,3,3,1,2015-12-06,1,December,13:05:00,13,1,1,20
201501EK41083,-0.148124,51.535239,3,2,1,2015-12-03,5,December,12:40:00,12,1,1,30
201501EK41087,-0.123617,51.521091,3,2,1,2015-12-04,6,December,22:30:00,22,1,1,30
201501EK41088,-0.162785,51.543563,3,2,1,2015-11-29,1,November,04:30:00,4,1,1,30
201501EK41089,-0.130857,51.527321,3,2,1,2015-12-06,1,December,02:50:00,2,1,1,30
201501EK41090,-0.124407,51.529916,3,2,1,2015-12-01,3,December,07:40:00,7,1,1,30
201501EK41091,-0.152689,51.568493,3,2,1,2015-12-07,2,December,20:15:00,20,1,1,30
201501EK41092,-0.136536,51.543598,3,2,1,2015-12-08,3,December,14:20:00,14,1,1,30
201501EK41093,-0.193749,51.555554,3,2,1,2015-12-19,7,December,14:10:00,14,1,1,30
201501EK41094,-0.11978,51.516263,2,3,2,2015-11-20,6,November,12:30:00,12,1,1,30
201501EK41095,-0.183699,51.550722,3,2,1,2015-12-09,4,December,12:00:00,12,1,1,30
201501EK41097,-0.121113,51.518893,3,2,1,2015-12-09,4,December,17:25:00,17,1,2,30
201501EK41098,-0.129113,51.524146,3,2,1,2015-12-10,5,December,10:35:00,10,1,1,30
201501EK41099,-0.159465,51.547197,3,4,2,2015-12-09,4,December,16:10:00,16,1,2,30
201501EK41100,-0.139428,51.539867,3,2,2,2015-12-09,4,December,23:20:00,23,1,1,30
201501EK41101,-0.137751,51.5527,3,3,1,2015-12-09,4,December,07:55:00,7,1,1,30
201501EK41103,-0.120585,51.517715,3,1,1,2015-11-29,1,November,06:10:00,6,1,1,30
201501EK41104,-0.195833,51.557564,3,2,2,2015-12-10,5,December,17:18:00,17,1,2,30
201501EK41106,-0.135436,51.535218,2,1,1,2015-12-11,6,December,09:55:00,9,1,1,30
201501EK41107,-0.136278,51.532264,3,2,1,2015-12-12,7,December,18:45:00,18,1,1,30
201501EK41108,-0.141798,51.524168,2,1,1,2015-12-09,4,December,18:42:00,18,1,2,30
201501EK41109,-0.162745,51.544551,3,2,3,2015-12-11,6,December,15:43:00,15,1,1,30
201501EK41110,-0.146406,51.542046,3,1,1,2015-12-12,7,December,11:30:00,11,2,2,30
201501EK41111,-0.2087,51.553175,3,2,1,2015-12-11,6,December,17:35:00,17,1,2,30
201501EK41112,-0.140119,51.540598,3,3,5,2015-12-12,7,December,22:30:00,22,1,1,30
201501EK41113,-0.127791,51.524755,3,1,1,2015-12-10,5,December,18:55:00,18,2,2,30
201501EK41114,-0.130746,51.547643,3,2,1,2015-10-11,1,October,03:20:00,3,1,2,30
201501EK41116,-0.192914,51.543851,3,1,1,2015-12-12,7,December,23:48:00,23,1,1,30
201501EK41117,-0.150864,51.545893,3,2,1,2015-12-13,1,December,23:33:00,23,1,1,20
201501EK41118,-0.149385,51.564574,3,2,1,2015-12-14,2,December,22:00:00,22,1,2,30
201501EK41119,-0.127251,51.516833,3,1,1,2015-12-11,6,December,19:54:00,19,1,2,30
201501EK41120,-0.134916,51.537368,3,2,1,2015-12-12,7,December,22:50:00,22,1,1,30
201501EK41121,-0.187032,51.539444,3,1,1,2015-12-03,5,December,16:00:00,16,1,1,30
201501EK41122,-0.12108,51.516194,3,2,1,2015-12-14,2,December,16:45:00,16,2,2,30
201501EK41123,-0.193752,51.555464,3,2,1,2015-12-15,3,December,11:44:00,11,1,2,30
201501EK41124,-0.154721,51.553957,3,1,1,2015-12-15,3,December,08:55:00,8,1,1,30
201501EK41125,-0.131556,51.527872,3,1,1,2015-12-15,3,December,17:45:00,17,5,2,30
201501EK41127,-0.129576,51.533955,3,2,1,2015-12-16,4,December,01:45:00,1,2,2,30
201501EK41128,-0.114187,51.522558,3,1,1,2015-12-15,3,December,18:50:00,18,2,2,30
201501EK41129,-0.180386,51.561462,3,1,1,2015-12-16,4,December,09:27:00,9,1,1,30
201501EK41130,-0.122232,51.51972,3,2,1,2015-12-16,4,December,22:50:00,22,1,2,30
201501EK41131,-0.114046,51.522466,3,1,1,2015-12-16,4,December,18:40:00,18,1,1,30
201501EK41132,-0.116069,51.529333,2,1,1,2015-12-15,3,December,07:10:00,7,1,2,20
201501EK41135,-0.142451,51.540005,3,1,1,2015-12-18,6,December,19:57:00,19,1,1,30
201501EK41139,-0.133487,51.544089,3,2,1,2015-12-18,6,December,19:04:00,19,1,2,30
201501EK41140,-0.151114,51.543289,3,2,1,2015-12-18,6,December,09:59:00,9,1,1,20
201501EK41141,-0.152826,51.543766,3,2,1,2015-12-18,6,December,16:00:00,16,1,1,30
201501EK41142,-0.138848,51.529337,3,2,1,2015-12-19,7,December,13:29:00,13,1,1,30
201501EK41144,-0.118464,51.520199,3,2,1,2015-12-21,2,December,11:10:00,11,1,1,30
201501EK41145,-0.150925,51.555066,3,1,1,2015-12-19,7,December,15:40:00,15,1,1,20
201501EK41146,-0.123846,51.52604,3,2,1,2015-12-21,2,December,19:00:00,19,2,2,20
201501EK41148,-0.198374,51.551668,3,2,1,2015-12-22,3,December,14:57:00,14,2,2,30
201501EK41149,-0.141408,51.547902,2,2,1,2015-12-12,7,December,23:15:00,23,1,1,30
201501EK41150,-0.168204,51.537892,3,2,1,2015-12-13,1,December,15:45:00,15,1,1,30
201501EK41152,-0.122224,51.533928,3,2,1,2015-12-24,5,December,16:12:00,16,1,1,30
201501EK41153,-0.155924,51.545613,3,2,1,2015-12-25,6,December,08:30:00,8,1,1,30
201501EK41154,-0.116069,51.529333,3,1,1,2015-12-25,6,December,14:46:00,14,2,2,30
201501EK41155,-0.125859,51.522655,3,2,4,2015-12-25,6,December,07:10:00,7,1,1,30
201501EK41158,-0.139204,51.55596,3,1,1,2015-12-28,2,December,20:39:00,20,1,1,20
201501EK41159,-0.122944,51.530432,3,1,1,2015-08-15,7,August,02:00:00,2,1,1,30
201501EK41160,-0.207098,51.549913,3,2,3,2015-12-23,4,December,23:31:00,23,1,1,30
201501EK41161,-0.176294,51.555553,3,2,1,2015-12-28,2,December,11:25:00,11,1,1,30
201501EK41162,-0.12324,51.530257,3,2,1,2015-12-24,5,December,17:05:00,17,1,1,30
201501EK41163,-0.166754,51.556034,2,2,1,2015-12-27,1,December,17:50:00,17,1,2,20
201501EK41164,-0.126963,51.516828,3,1,1,2015-12-27,1,December,16:42:00,16,1,1,30
201501EK41165,-0.151949,51.554723,3,2,1,2015-12-26,7,December,00:41:00,0,1,1,30
201501EK41166,-0.126671,51.516913,3,1,1,2015-12-27,1,December,12:41:00,12,1,1,20
201501EK41168,-0.157583,51.540244,3,2,1,2015-12-29,3,December,17:52:00,17,1,2,30
201501EK41169,-0.170304,51.539454,3,2,1,2015-12-30,4,December,15:10:00,15,1,1,30
201501EK41171,-0.124042,51.521278,3,2,1,2015-12-31,5,December,16:00:00,16,1,1,30
201501EK41176,-0.126719,51.515745,3,2,1,2015-12-22,3,December,22:15:00,22,2,2,30
201501EK41178,-0.155593,51.553791,3,2,1,2015-11-30,2,November,21:10:00,21,2,2,30
201501EK41183,-0.191395,51.545806,3,2,1,2015-12-04,6,December,00:20:00,0,2,2,20
201501EK41184,-0.134912,51.537457,3,2,1,2015-12-21,2,December,18:00:00,18,1,1,30
201501EK41187,-0.136815,51.536768,3,2,1,2015-11-22,1,November,12:00:00,12,1,1,30
201501EK41188,-0.13932,51.524848,3,2,1,2015-12-02,4,December,11:25:00,11,1,1,30
201501EK41189,-0.17786,51.545236,3,1,1,2015-12-24,5,December,12:30:00,12,1,1,30
201501EK41190,-0.141236,51.552126,3,1,1,2015-12-01,3,December,15:59:00,15,1,1,20
201501EK41195,-0.129834,51.527665,3,2,1,2015-12-22,3,December,11:40:00,11,1,1,30
201501EK41203,-0.140957,51.527122,3,2,2,2015-12-14,2,December,20:15:00,20,1,1,30
201501EK41204,-0.121075,51.530312,3,2,1,2015-12-17,5,December,07:20:00,7,1,1,30
201501EK41209,-0.120211,51.523284,3,2,1,2015-12-07,2,December,15:20:00,15,1,1,30
201501EK49018,-0.133552,51.535458,3,2,1,2015-12-15,3,December,19:05:00,19,2,2,20
201501EK49048,-0.166084,51.551168,3,1,1,2015-12-15,3,December,16:20:00,16,1,2,30
201501EK49051,-0.180018,51.541763,3,2,1,2015-12-29,3,December,13:15:00,13,1,1,20
201501EK49140,-0.129109,51.548875,3,3,1,2015-11-13,6,November,08:30:00,8,1,1,30
201501EO40002,-0.122626,51.548682,2,1,1,2015-01-09,6,January,23:10:00,23,1,1,30
201501EO40016,-0.120496,51.55836,3,1,1,2015-01-01,5,January,19:20:00,19,1,1,30
201501EO40017,-0.086339,51.550704,3,1,1,2015-01-04,1,January,21:51:00,21,8,1,20
201501EO40031,-0.110868,51.553979,3,2,1,2015-01-08,5,January,17:15:00,17,1,1,30
201501EO40032,-0.087663,51.525996,2,1,1,2015-01-11,1,January,03:25:00,3,1,1,30
201501EO40035,-0.103454,51.544956,2,1,1,2015-01-15,5,January,17:47:00,17,1,2,30
201501EO40036,-0.105977,51.564061,3,1,1,2015-01-14,4,January,14:04:00,14,1,1,30
201501EO40037,-0.104654,51.564669,3,1,1,2015-01-15,5,January,16:50:00,16,1,1,20
201501EO40041,-0.121237,51.53688,3,1,1,2015-01-14,4,January,13:10:00,13,1,1,30
201501EO40043,-0.088986,51.525388,3,2,1,2015-01-07,4,January,19:10:00,19,1,2,20
201501EO40044,-0.115556,51.531303,3,2,1,2015-01-07,4,January,17:34:00,17,1,1,30
201501EO40045,-0.085063,51.526133,3,2,1,2015-01-10,7,January,15:20:00,15,1,1,30
201501EO40049,-0.088479,51.527178,3,1,1,2015-01-09,6,January,16:45:00,16,1,2,30
201501EO40050,-0.084664,51.542493,3,2,1,2015-01-18,1,January,16:20:00,16,1,1,30
201501EO40053,-0.102567,51.545482,3,2,2,2015-01-02,6,January,22:00:00,22,1,1,30
201501EO40056,-0.103038,51.541083,3,2,1,2015-01-05,2,January,10:15:00,10,1,2,30
201501EO40057,-0.126765,51.54623,3,2,1,2015-01-12,2,January,09:02:00,9,1,2,20
201501EO40058,-0.107934,51.562115,2,1,1,2015-01-05,2,January,09:41:00,9,1,1,30
201501EO40060,-0.112036,51.525761,3,2,1,2015-01-17,7,January,13:47:00,13,1,1,30
201501EO40061,-0.116079,51.55703,3,2,1,2015-01-12,2,January,12:00:00,12,1,2,30
201501EO40062,-0.102736,51.537931,3,2,1,2015-01-04,1,January,18:20:00,18,1,1,30
201501EO40063,-0.108452,51.549623,3,2,1,2015-01-24,7,January,19:13:00,19,1,1,30
201501EO40064,-0.090116,51.536287,3,2,3,2015-01-18,1,January,16:16:00,16,1,1,30
201501EO40065,-0.107485,51.527756,3,2,1,2015-01-19,2,January,17:32:00,17,1,1,20
201501EO40067,-0.115084,51.560161,3,2,1,2015-01-22,5,January,16:00:00,16,1,1,30
201501EO40069,-0.088077,51.526452,3,1,1,2015-01-21,4,January,19:23:00,19,1,1,30
201501EO40070,-0.109675,51.54101,2,2,1,2015-01-23,6,January,17:50:00,17,8,1,30
201501EO40071,-0.12603,51.543071,3,2,1,2015-01-27,3,January,07:30:00,7,1,1,30
201501EO40073,-0.125221,51.552231,2,2,2,2015-01-17,7,January,00:12:00,0,1,1,30
201501EO40074,-0.125069,51.552408,3,2,1,2015-01-31,7,January,23:50:00,23,1,1,30
201501EO40075,-0.104903,51.534369,3,2,1,2015-02-03,3,February,09:59:00,9,1,2,30
201501EO40076,-0.108325,51.531816,3,1,1,2015-01-20,3,January,11:20:00,11,1,1,30
201501EO40077,-0.102259,51.563282,3,2,1,2015-01-27,3,January,11:30:00,11,1,1,30
201501EO40078,-0.114506,51.549721,3,1,1,2015-01-31,7,January,21:00:00,21,1,1,30
201501EO40079,-0.104437,51.535171,3,1,1,2015-01-08,5,January,18:05:00,18,1,1,30
201501EO40080,-0.12099,51.532379,3,2,1,2015-01-29,5,January,09:18:00,9,1,1,20
201501EO40081,-0.106915,51.54843,3,1,1,2015-01-27,3,January,10:27:00,10,1,1,30
201501EO40082,-0.111465,51.532586,3,2,1,2015-02-01,1,February,18:20:00,18,1,1,30
201501EO40083,-0.087241,51.549819,3,1,1,2015-01-29,5,January,16:05:00,16,1,2,20
201501EO40084,-0.118158,51.54861,3,2,1,2015-01-20,3,January,19:00:00,19,1,1,30
201501EO40085,-0.104939,51.536977,3,1,1,2015-02-03,3,February,16:40:00,16,1,1,30
201501EO40086,-0.107894,51.549165,3,2,1,2015-02-08,1,February,01:45:00,1,1,1,30
201501EO40088,-0.116002,51.55541,3,1,1,2015-02-02,2,February,15:58:00,15,1,1,30
201501EO40089,-0.105796,51.547602,3,1,2,2015-02-05,5,February,01:00:00,1,1,1,30
201501EO40090,-0.106297,51.532053,3,2,1,2015-01-11,1,January,12:40:00,12,1,1,30
201501EO40091,-0.109291,51.560698,3,3,2,2015-01-20,3,January,06:55:00,6,1,1,30
201501EO40093,-0.104267,51.560077,3,2,1,2015-01-07,4,January,13:00:00,13,1,1,30
201501EO40094,-0.090301,51.555984,3,2,1,2015-01-21,4,January,08:17:00,8,1,1,20
201501EO40095,-0.103529,51.525804,2,2,1,2015-01-20,3,January,16:30:00,16,1,2,20
201501EO40097,-0.091921,51.537935,3,2,1,2015-02-03,3,February,17:20:00,17,1,1,30
201501EO40098,-0.080178,51.546286,3,1,1,2015-01-26,2,January,17:28:00,17,1,1,20
201501EO40099,-0.084494,51.54312,3,2,1,2015-01-23,6,January,18:45:00,18,1,1,30
201501EO40100,-0.123398,51.568478,3,2,1,2015-02-02,2,February,15:30:00,15,1,1,30
201501EO40101,-0.098361,51.539119,3,2,1,2015-01-16,6,January,17:46:00,17,1,1,30
201501EO40102,-0.117199,51.557857,3,1,1,2015-01-20,3,January,20:10:00,20,1,2,20
201501EO40104,-0.112874,51.557788,3,2,1,2015-01-28,4,January,10:02:00,10,2,2,20
201501EO40105,-0.096752,51.536215,3,2,1,2015-02-02,2,February,19:15:00,19,1,1,30
201501EO40106,-0.116633,51.536626,3,1,2,2015-01-27,3,January,14:10:00,14,1,1,30
201501EO40107,-0.118184,51.547981,3,2,1,2015-01-30,6,January,13:35:00,13,1,1,30
201501EO40108,-0.122527,51.533573,3,1,1,2015-01-30,6,January,23:53:00,23,1,2,30
201501EO40109,-0.106003,51.556508,3,1,1,2015-01-14,4,January,17:00:00,17,1,2,20
201501EO40110,-0.098248,51.555663,3,2,1,2015-02-02,2,February,19:21:00,19,9,1,30
201501EO40111,-0.13392,51.565228,3,1,1,2015-01-28,4,January,19:00:00,19,1,1,20
201501EO40112,-0.113837,51.548451,3,2,1,2015-01-21,4,January,16:38:00,16,1,1,30
201501EO40113,-0.091921,51.537935,3,2,1,2015-01-22,5,January,08:53:00,8,1,1,30
201501EO40114,-0.095813,51.52415,3,1,1,2015-01-28,4,January,20:22:00,20,1,1,30
201501EO40115,-0.085942,51.539546,3,2,2,2015-02-01,1,February,00:07:00,0,9,1,30
201501EO40116,-0.098217,51.539116,3,2,1,2015-02-02,2,February,07:15:00,7,1,1,30
201501EO40117,-0.111237,51.555513,3,2,1,2015-02-06,6,February,21:20:00,21,1,1,30
201501EO40118,-0.103698,51.535608,3,1,1,2015-02-07,7,February,00:54:00,0,1,1,30
201501EO40119,-0.121472,51.562692,3,2,2,2015-01-25,1,January,15:15:00,15,1,1,20
201501EO40120,-0.109428,51.550448,3,2,1,2015-02-06,6,February,22:20:00,22,1,1,30
201501EO40121,-0.087488,51.523295,3,1,1,2015-02-09,2,February,16:45:00,16,1,1,30
201501EO40123,-0.117992,51.54564,2,2,1,2015-02-05,5,February,10:10:00,10,1,1,30
201501EO40124,-0.087396,51.546135,3,2,1,2015-01-27,3,January,13:41:00,13,1,1,30
201501EO40125,-0.119608,51.530918,2,1,1,2015-01-30,6,January,12:39:00,12,1,2,30
201501EO40126,-0.106579,51.52873,3,1,1,2015-02-05,5,February,19:05:00,19,1,1,30
201501EO40127,-0.109428,51.550448,3,1,1,2015-02-09,2,February,00:35:00,0,1,1,30
201501EO40129,-0.116833,51.538787,3,1,1,2015-01-28,4,January,14:15:00,14,1,2,30
201501EO40130,-0.128358,51.549583,3,2,1,2015-02-17,3,February,14:26:00,14,1,1,30
201501EO40131,-0.123051,51.538347,3,2,1,2015-02-16,2,February,08:20:00,8,1,1,30
201501EO40132,-0.128964,51.548873,2,1,2,2015-01-15,5,January,20:15:00,20,1,1,30
201501EO40133,-0.089946,51.540331,3,2,1,2015-02-11,4,February,19:30:00,19,1,1,30
201501EO40134,-0.101891,51.537467,3,2,1,2015-02-17,3,February,20:38:00,20,1,1,30
201501EO40135,-0.109093,51.523735,3,2,1,2015-02-10,3,February,09:55:00,9,1,1,30
201501EO40136,-0.103682,51.546399,3,2,1,2015-02-18,4,February,17:51:00,17,9,1,30
201501EO40137,-0.102426,51.545389,3,2,1,2015-02-06,6,February,13:50:00,13,1,1,30
201501EO40138,-0.100893,51.537181,3,2,1,2015-02-16,2,February,16:04:00,16,1,1,30
201501EO40140,-0.116611,51.561625,3,2,1,2015-02-17,3,February,22:30:00,22,1,2,30
201501EO40141,-0.118918,51.558155,2,2,1,2015-02-23,2,February,11:30:00,11,9,1,30
201501EO40142,-0.111406,51.534024,3,1,1,2015-02-09,2,February,18:34:00,18,1,1,30
201501EO40143,-0.089835,51.536103,3,2,1,2015-02-10,3,February,19:43:00,19,1,1,30
201501EO40144,-0.102757,51.540899,3,2,1,2015-02-20,6,February,09:32:00,9,1,1,30
201501EO40145,-0.129825,51.573616,3,2,1,2015-02-11,4,February,17:40:00,17,1,1,30
201501EO40146,-0.086774,51.547204,3,2,1,2015-03-01,1,March,21:15:00,21,1,2,30
201501EO40149,-0.107189,51.566149,3,1,1,2015-02-25,4,February,19:20:00,19,1,1,30
201501EO40150,-0.086619,51.547471,3,1,1,2015-02-23,2,February,09:00:00,9,1,1,30
201501EO40151,-0.112878,51.557698,3,2,1,2015-03-01,1,March,20:34:00,20,1,2,30
201501EO40153,-0.136349,51.5623,3,2,1,2015-02-10,3,February,15:15:00,15,1,1,30
201501EO40154,-0.090171,51.555622,3,1,1,2015-02-10,3,February,07:30:00,7,9,2,30
201501EO40155,-0.11058,51.553974,3,2,1,2015-02-19,5,February,08:30:00,8,1,1,30
201501EO40156,-0.136042,51.562744,3,2,1,2015-02-27,6,February,08:30:00,8,1,1,30
201501EO40157,-0.090393,51.536561,3,2,1,2015-02-19,5,February,17:43:00,17,2,2,30
201501EO40158,-0.107139,51.522175,3,2,1,2015-02-20,6,February,02:38:00,2,1,1,30
201501EO40159,-0.125579,51.543514,3,2,1,2015-02-26,5,February,15:53:00,15,1,2,30
201501EO40160,-0.09817,51.529853,3,2,1,2015-02-19,5,February,08:16:00,8,1,1,30
201501EO40161,-0.137439,51.560338,3,2,1,2015-02-27,6,February,07:24:00,7,1,1,30
201501EO40162,-0.116985,51.556055,2,3,2,2015-02-22,1,February,14:30:00,14,5,2,30
201501EO40163,-0.098701,51.558638,3,2,1,2015-02-27,6,February,23:25:00,23,1,1,30
201501EO40164,-0.117149,51.569547,3,2,1,2015-03-08,1,March,15:51:00,15,1,1,30
201501EO40165,-0.087108,51.549547,3,1,1,2015-03-01,1,March,17:25:00,17,2,2,30
201501EO40166,-0.090535,51.543488,3,1,1,2015-02-14,7,February,02:38:00,2,1,1,30
201501EO40167,-0.098576,51.558186,2,1,1,2015-02-18,4,February,14:25:00,14,1,1,30
201501EO40168,-0.106193,51.551925,2,2,1,2015-03-11,4,March,09:00:00,9,1,1,30
201501EO40169,-0.103165,51.562307,3,1,1,2015-02-12,5,February,17:45:00,17,1,1,30
201501EO40171,-0.112369,51.552564,3,3,1,2015-02-08,1,February,01:50:00,1,1,1,30
201501EO40172,-0.113303,51.526501,3,2,1,2015-03-04,4,March,20:15:00,20,1,1,30
201501EO40173,-0.089468,51.527644,3,2,1,2015-03-02,2,March,12:05:00,12,1,1,30
201501EO40174,-0.11959,51.562841,3,2,1,2015-03-06,6,March,11:45:00,11,1,1,30
201501EO40175,-0.095992,51.540609,2,2,1,2015-03-06,6,March,18:40:00,18,1,1,30
201501EO40176,-0.092835,51.547122,3,2,1,2015-03-03,3,March,18:08:00,18,1,1,30
201501EO40177,-0.118246,51.549961,3,1,1,2015-03-06,6,March,02:35:00,2,1,1,30
201501EO40179,-0.117894,51.554991,3,1,1,2015-03-08,1,March,17:09:00,17,9,1,30
201501EO40180,-0.10045,51.537444,3,2,1,2015-03-03,3,March,16:00:00,16,1,1,30
201501EO40181,-0.104818,51.560715,3,2,1,2015-03-05,5,March,08:50:00,8,1,1,30
201501EO40182,-0.087416,51.549102,3,1,1,2015-03-14,7,March,12:38:00,12,1,1,30
201501EO40184,-0.096833,51.523897,3,1,1,2015-02-12,5,February,09:10:00,9,1,1,30
201501EO40185,-0.09438,51.541212,3,1,1,2015-02-16,2,February,21:55:00,21,2,2,30
201501EO40186,-0.114338,51.557272,3,2,2,2015-03-14,7,March,16:45:00,16,1,1,30
201501EO40187,-0.098308,51.554225,3,2,1,2015-03-02,2,March,20:29:00,20,1,1,30
201501EO40188,-0.098572,51.558276,2,2,1,2015-03-10,3,March,18:30:00,18,1,1,30
201501EO40189,-0.124138,51.561026,3,2,1,2015-03-11,4,March,15:15:00,15,1,1,30
201501EO40190,-0.108528,51.523456,3,2,1,2015-03-13,6,March,15:46:00,15,1,1,30
201501EO40191,-0.083804,51.545806,3,3,2,2015-03-13,6,March,20:00:00,20,1,1,20
201501EO40192,-0.086339,51.550704,3,2,2,2015-03-15,1,March,23:02:00,23,1,1,20
201501EO40193,-0.09704,51.53622,3,2,2,2015-02-14,7,February,00:12:00,0,9,1,30
201501EO40194,-0.111901,51.532503,3,2,1,2015-02-26,5,February,18:17:00,18,1,2,30
201501EO40195,-0.115225,51.560254,3,1,1,2015-02-19,5,February,14:25:00,14,9,1,30
201501EO40196,-0.117981,51.54591,3,2,1,2015-03-26,5,March,21:00:00,21,1,2,20
201501EO40197,-0.114742,51.554491,3,2,1,2015-03-28,7,March,20:14:00,20,1,1,30
201501EO40198,-0.118034,51.55859,3,2,1,2015-03-30,2,March,20:27:00,20,2,2,20
201501EO40199,-0.102423,51.545479,3,2,1,2015-03-18,4,March,21:20:00,21,1,1,30
201501EO40200,-0.091648,51.537571,3,1,1,2015-03-21,7,March,07:10:00,7,1,1,30
201501EO40201,-0.113702,51.5587,3,2,1,2015-03-12,5,March,15:10:00,15,1,1,30
201501EO40203,-0.093,51.560434,3,1,1,2015-03-17,3,March,15:00:00,15,1,1,30
201501EO40204,-0.096882,51.539994,3,2,4,2015-03-15,1,March,12:35:00,12,2,2,30
201501EO40205,-0.110766,51.525111,3,2,1,2015-03-06,6,March,23:00:00,23,1,1,30
201501EO40206,-0.098541,51.534805,3,2,1,2015-03-16,2,March,15:00:00,15,1,1,30
201501EO40207,-0.107601,51.563188,3,2,1,2015-03-20,6,March,14:52:00,14,1,1,30
201501EO40209,-0.107201,51.534586,3,2,1,2015-03-06,6,March,19:10:00,19,1,1,30
201501EO40210,-0.092824,51.547392,3,1,1,2015-03-06,6,March,14:43:00,14,1,1,30
201501EO40211,-0.115084,51.560161,3,2,1,2015-03-12,5,March,12:50:00,12,1,1,30
201501EO40212,-0.132397,51.567183,3,1,2,2015-03-13,6,March,08:50:00,8,1,1,30
201501EO40213,-0.117935,51.554002,2,1,1,2015-03-18,4,March,09:59:00,9,1,1,30
201501EO40214,-0.121605,51.566471,3,2,1,2015-03-15,1,March,13:20:00,13,9,1,30
201501EO40215,-0.136349,51.5623,2,2,1,2015-03-18,4,March,18:00:00,18,1,1,30
201501EO40216,-0.12091,51.562323,3,2,1,2015-03-26,5,March,16:15:00,16,1,1,30
201501EO40217,-0.116002,51.55541,3,1,1,2015-03-18,4,March,19:00:00,19,9,1,30
201501EO40218,-0.108677,51.551156,3,1,1,2015-03-01,1,March,11:45:00,11,9,1,30
201501EO40220,-0.110133,51.550819,3,1,1,2015-03-20,6,March,09:45:00,9,1,1,30
201501EO40221,-0.109568,51.550541,3,2,1,2015-02-10,3,February,07:30:00,7,1,1,30
201501EO40222,-0.119069,51.533518,3,2,2,2015-03-14,7,March,09:30:00,9,1,1,30
201501EO40223,-0.118256,51.556705,3,2,1,2015-03-22,1,March,17:00:00,17,1,1,30
201501EO40225,-0.108958,51.55134,2,1,4,2015-03-14,7,March,15:05:00,15,9,1,30
201501EO40226,-0.116789,51.536359,3,2,1,2015-04-07,3,April,09:20:00,9,1,1,30
201501EO40227,-0.112468,51.557152,2,2,1,2015-03-19,5,March,18:30:00,18,8,1,30
201501EO40228,-0.103384,51.543157,3,2,1,2015-03-24,3,March,18:25:00,18,1,1,30
201501EO40229,-0.10339,51.56384,3,1,2,2015-03-20,6,March,16:50:00,16,1,1,30
201501EO40230,-0.106717,51.563624,3,2,1,2015-03-27,6,March,07:45:00,7,1,1,30
201501EO40233,-0.090722,51.525236,3,2,1,2015-03-19,5,March,14:35:00,14,1,1,30
201501EO40234,-0.109229,51.523917,3,2,1,2015-03-21,7,March,08:25:00,8,9,1,30
201501EO40235,-0.094062,51.524661,3,1,1,2015-03-20,6,March,12:15:00,12,1,1,30
201501EO40236,-0.103027,51.541353,2,1,1,2015-03-22,1,March,17:49:00,17,1,1,30
201501EO40237,-0.125778,51.542168,3,2,1,2015-04-01,4,April,22:30:00,22,2,2,30
201501EO40239,-0.11453,51.559613,3,2,1,2015-04-04,7,April,20:35:00,20,1,1,30
201501EO40240,-0.109875,51.550096,3,2,1,2015-01-03,7,January,17:58:00,17,9,2,20
201501EO40241,-0.107745,51.563191,3,1,1,2015-04-19,1,April,02:14:00,2,1,1,30
201501EO40242,-0.115084,51.560161,3,2,5,2015-04-16,5,April,16:14:00,16,1,1,20
201501EO40243,-0.098583,51.558007,3,2,1,2015-04-20,2,April,10:00:00,10,1,1,20
201501EO40244,-0.095608,51.556699,3,1,1,2015-04-14,3,April,09:00:00,9,1,1,20
201501EO40245,-0.107515,51.544393,3,1,1,2015-03-29,1,March,21:20:00,21,1,2,30
201501EO40246,-0.115556,51.531303,3,2,1,2015-04-07,3,April,20:15:00,20,1,1,30
201501EO40248,-0.102965,51.563653,3,2,1,2015-01-06,3,January,23:55:00,23,1,1,20
201501EO40249,-0.099737,51.530328,3,2,1,2015-04-14,3,April,16:29:00,16,1,1,30
201501EO40250,-0.116943,51.539598,2,2,1,2015-03-30,2,March,14:00:00,14,1,1,30
201501EO40251,-0.102829,51.546115,3,2,1,2015-03-11,4,March,20:10:00,20,1,1,30
201501EO40252,-0.109431,51.550359,3,2,1,2015-04-10,6,April,17:50:00,17,1,1,30
201501EO40253,-0.116622,51.536896,3,2,1,2015-04-04,7,April,00:10:00,0,1,1,30
201501EO40254,-0.111084,51.524397,3,2,1,2015-04-16,5,April,18:00:00,18,9,1,30
201501EO40255,-0.107061,51.534493,3,1,1,2015-04-07,3,April,15:37:00,15,1,1,30
201501EO40256,-0.110133,51.550819,3,2,2,2015-04-10,6,April,20:40:00,20,1,1,30
201501EO40257,-0.092757,51.542085,3,2,1,2015-04-17,6,April,07:49:00,7,1,1,30
201501EO40259,-0.13859,51.567461,2,3,1,2015-04-11,7,April,14:38:00,14,1,1,20
201501EO40260,-0.102493,51.529923,3,2,1,2015-04-10,6,April,16:00:00,16,1,1,30
201501EO40261,-0.095315,51.529178,3,2,1,2015-04-08,4,April,13:00:00,13,1,1,30
201501EO40262,-0.098588,51.523296,3,2,2,2015-04-18,7,April,02:30:00,2,1,1,30
201501EO40263,-0.098723,51.558099,3,2,1,2015-04-18,7,April,09:45:00,9,1,1,30
201501EO40264,-0.108833,51.526519,3,2,1,2015-04-15,4,April,08:20:00,8,1,1,20
201501EO40265,-0.105682,51.564236,3,1,1,2015-03-21,7,March,18:38:00,18,1,1,30
201501EO40266,-0.10429,51.535258,3,2,1,2015-04-15,4,April,18:15:00,18,1,1,30
201501EO40268,-0.104946,51.564584,3,2,1,2015-03-24,3,March,15:05:00,15,1,1,30
201501EO40269,-0.120788,51.558274,3,2,1,2015-04-21,3,April,16:08:00,16,1,1,30
201501EO40270,-0.14073,51.564527,3,1,1,2015-04-15,4,April,11:06:00,11,1,1,30
201501EO40271,-0.133883,51.566127,3,2,1,2015-04-16,5,April,15:10:00,15,1,1,30
201501EO40272,-0.111462,51.532676,3,2,1,2015-03-25,4,March,10:00:00,10,1,1,30
201501EO40273,-0.087233,51.546582,3,2,1,2015-04-10,6,April,14:45:00,14,1,1,30
201501EO40274,-0.10811,51.52309,3,2,1,2015-03-27,6,March,12:21:00,12,1,1,30
201501EO40275,-0.103542,51.546307,3,1,1,2015-04-15,4,April,15:15:00,15,1,1,20
201501EO40276,-0.103502,51.536864,3,2,1,2015-03-30,2,March,22:37:00,22,5,2,30
201501EO40277,-0.104657,51.56458,3,2,1,2015-04-17,6,April,17:02:00,17,1,1,30
201501EO40278,-0.103269,51.545943,3,2,1,2015-04-30,5,April,09:30:00,9,1,1,30
201501EO40279,-0.116707,51.538336,2,1,1,2015-04-15,4,April,12:47:00,12,1,1,20
201501EO40280,-0.11348,51.54314,3,2,1,2015-04-20,2,April,18:23:00,18,1,1,20
201501EO40281,-0.092195,51.558982,3,2,3,2015-04-12,1,April,18:28:00,18,1,1,20
201501EO40282,-0.084767,51.526308,3,2,1,2015-04-11,7,April,00:15:00,0,1,1,30
201501EO40285,-0.125221,51.552231,3,2,1,2015-04-22,4,April,15:15:00,15,1,1,30
201501EO40286,-0.099495,51.546511,3,1,1,2015-01-06,3,January,03:00:00,3,1,1,30
201501EO40287,-0.087097,51.549817,3,2,1,2015-04-05,1,April,23:41:00,23,1,1,30
201501EO40288,-0.094444,51.539685,3,2,1,2015-04-14,3,April,07:50:00,7,1,1,20
201501EO40289,-0.087173,51.520502,2,2,1,2015-04-16,5,April,17:48:00,17,1,1,30
201501EO40290,-0.110411,51.551094,3,2,1,2015-05-06,4,May,11:00:00,11,1,1,30
201501EO40291,-0.128211,51.54967,3,2,1,2015-04-11,7,April,19:24:00,19,1,1,30
201501EO40292,-0.114577,51.527061,3,2,1,2015-04-17,6,April,07:00:00,7,1,1,30
201501EO40293,-0.11027,51.551002,3,2,1,2015-05-24,1,May,14:00:00,14,1,1,30
201501EO40294,-0.115703,51.531215,3,1,1,2015-04-19,1,April,08:14:00,8,1,1,30
201501EO40295,-0.110437,51.550465,3,2,1,2015-05-02,7,May,12:55:00,12,1,1,30
201501EO40296,-0.108267,51.55061,3,2,2,2015-04-21,3,April,19:00:00,19,1,1,30
201501EO40297,-0.107504,51.544662,3,2,1,2015-04-23,5,April,13:00:00,13,1,1,30
201501EO40298,-0.138439,51.557027,3,1,1,2015-04-26,1,April,20:00:00,20,1,1,20
201501EO40299,-0.099104,51.538591,3,1,1,2015-04-04,7,April,19:00:00,19,1,1,30
201501EO40300,-0.123993,51.561024,3,2,1,2015-04-12,1,April,18:55:00,18,1,1,30
201501EO40301,-0.097027,51.539996,3,1,2,2015-04-29,4,April,16:17:00,16,1,1,30
201501EO40302,-0.115725,51.555136,3,1,1,2015-05-06,4,May,10:30:00,10,1,1,30
201501EO40303,-0.110777,51.549211,3,3,2,2015-04-24,6,April,18:51:00,18,1,1,20
201501EO40305,-0.106577,51.542669,3,2,1,2015-04-28,3,April,06:49:00,6,1,1,20
201501EO40306,-0.097602,51.529664,3,2,1,2015-05-02,7,May,14:30:00,14,1,1,30
201501EO40307,-0.105354,51.533926,3,2,1,2015-04-27,2,April,06:45:00,6,1,1,30
201501EO40308,-0.130776,51.550431,3,1,1,2015-05-06,4,May,18:55:00,18,2,2,30
201501EO40309,-0.128379,51.570176,3,2,1,2015-04-28,3,April,10:00:00,10,1,1,20
201501EO40310,-0.084494,51.54312,3,2,1,2015-05-01,6,May,23:45:00,23,1,1,30
201501EO40312,-0.102886,51.54126,3,1,1,2015-05-02,7,May,15:30:00,15,1,1,30
201501EO40313,-0.103047,51.537396,3,1,1,2015-02-02,2,February,07:10:00,7,1,1,30
201501EO40314,-0.087716,51.524738,3,1,1,2015-05-07,5,May,16:12:00,16,1,1,30
201501EO40318,-0.090608,51.524515,3,2,1,2015-04-30,5,April,19:05:00,19,1,1,30
201501EO40319,-0.098716,51.558279,3,2,3,2015-05-15,6,May,20:43:00,20,2,2,20
201501EO40320,-0.084408,51.548604,3,2,1,2015-04-17,6,April,11:21:00,11,1,1,20
201501EO40321,-0.121191,51.566014,3,2,1,2015-05-10,1,May,21:30:00,21,1,1,30
201501EO40322,-0.107894,51.549165,3,2,1,2015-04-20,2,April,09:08:00,9,1,1,30
201501EO40323,-0.118179,51.558592,3,2,1,2015-05-07,5,May,15:45:00,15,1,1,30
201501EO40324,-0.107601,51.563188,3,1,1,2015-05-16,7,May,18:35:00,18,1,1,30
201501EO40325,-0.094985,51.537086,2,1,1,2015-05-19,3,May,13:45:00,13,2,2,30
201501EO40326,-0.104297,51.535078,3,2,1,2015-05-18,2,May,16:10:00,16,1,1,30
201501EO40327,-0.111711,51.540593,3,1,1,2015-05-17,1,May,22:11:00,22,1,1,30
201501EO40329,-0.107305,51.563363,3,2,1,2015-05-02,7,May,19:30:00,19,1,1,30
201501EO40330,-0.089223,51.519726,3,2,1,2015-05-04,2,May,06:44:00,6,1,1,30
201501EO40331,-0.13321,51.564947,3,1,1,2015-02-11,4,February,13:12:00,13,1,1,30
201501EO40332,-0.124492,51.541878,3,1,1,2015-04-29,4,April,05:40:00,5,1,1,20
201501EO40333,-0.088391,51.549928,3,1,1,2015-05-08,6,May,16:50:00,16,2,2,30
201501EO40334,-0.125372,51.552053,3,2,1,2015-05-13,4,May,08:30:00,8,1,1,30
201501EO40335,-0.100081,51.542834,3,2,1,2015-05-05,3,May,17:20:00,17,1,1,30
201501EO40336,-0.113591,51.526505,3,2,1,2015-04-30,5,April,19:30:00,19,1,1,30
201501EO40337,-0.116637,51.557489,3,2,1,2015-05-19,3,May,12:10:00,12,1,1,30
201501EO40338,-0.111845,51.561728,2,2,1,2015-03-02,2,March,18:40:00,18,9,1,30
201501EO40339,-0.132785,51.564761,3,2,1,2015-05-07,5,May,09:25:00,9,1,1,30
201501EO40340,-0.097602,51.529664,3,2,1,2015-05-18,2,May,17:48:00,17,1,1,30
201501EO40341,-0.11811,51.549779,3,2,2,2015-05-06,4,May,15:08:00,15,1,2,30
201501EO40342,-0.126119,51.551436,3,2,1,2015-04-30,5,April,08:10:00,8,1,1,30
201501EO40343,-0.0838,51.545896,3,2,1,2015-05-12,3,May,16:00:00,16,1,1,30
201501EO40344,-0.110836,51.55128,3,3,1,2015-03-24,3,March,19:49:00,19,1,1,30
201501EO40346,-0.111644,51.556149,3,1,1,2015-04-15,4,April,22:30:00,22,1,1,30
201501EO40347,-0.110762,51.549571,3,2,2,2015-05-16,7,May,11:00:00,11,1,1,30
201501EO40349,-0.119965,51.546751,3,2,1,2015-05-17,1,May,13:00:00,13,1,1,30
201501EO40350,-0.094373,51.541392,3,2,2,2015-05-20,4,May,18:30:00,18,1,1,20
201501EO40351,-0.134789,51.565152,2,1,2,2015-05-21,5,May,18:11:00,18,1,1,20
201501EO40352,-0.103817,51.525808,3,2,1,2015-05-18,2,May,11:35:00,11,1,1,30
201501EO40353,-0.137001,51.556914,3,2,1,2015-05-18,2,May,12:50:00,12,1,1,30
201501EO40355,-0.121031,51.531391,3,1,1,2015-06-01,2,June,13:55:00,13,1,1,30
201501EO40356,-0.117992,51.54564,3,2,1,2015-05-18,2,May,18:00:00,18,1,1,30
201501EO40357,-0.117735,51.534395,3,2,1,2015-05-27,4,May,08:40:00,8,1,1,30
201501EO40359,-0.104605,51.531127,2,1,1,2015-05-29,6,May,07:35:00,7,1,1,30
201501EO40360,-0.094588,51.539687,3,2,1,2015-04-22,4,April,08:25:00,8,1,1,20
201501EO40361,-0.111023,51.553711,3,2,1,2015-05-31,1,May,17:50:00,17,1,1,30
201501EO40362,-0.109194,51.53174,3,2,2,2015-05-31,1,May,14:53:00,14,1,1,30
201501EO40363,-0.084408,51.548604,3,2,1,2015-06-02,3,June,09:20:00,9,4,2,30
201501EO40364,-0.123443,51.560385,3,2,1,2015-05-15,6,May,14:15:00,14,1,1,30
201501EO40365,-0.121343,51.558823,3,2,1,2015-06-03,4,June,16:00:00,16,1,1,30
201501EO40366,-0.096128,51.523526,3,1,1,2015-05-03,1,May,12:10:00,12,1,1,30
201501EO40367,-0.105115,51.522322,3,1,1,2015-05-29,6,May,08:20:00,8,1,1,30
201501EO40368,-0.104949,51.564494,3,2,3,2015-05-04,2,May,21:55:00,21,2,2,30
201501EO40369,-0.102223,51.522545,3,2,1,2015-05-08,6,May,08:30:00,8,1,1,30
201501EO40371,-0.119365,51.557802,2,1,1,2015-05-18,2,May,11:45:00,11,1,1,30
201501EO40372,-0.098763,51.546769,3,1,1,2015-05-18,2,May,18:17:00,18,1,1,30
201501EO40373,-0.102567,51.545482,3,2,1,2015-05-26,3,May,17:50:00,17,1,1,30
201501EO40374,-0.107112,51.536742,3,2,1,2015-05-24,1,May,18:15:00,18,1,1,30
201501EO40375,-0.119645,51.533527,2,2,1,2015-05-20,4,May,07:50:00,7,1,2,30
201501EO40376,-0.118485,51.533688,3,2,1,2015-05-28,5,May,14:58:00,14,1,1,30
201501EO40377,-0.129256,51.548788,3,2,5,2015-05-04,2,May,06:30:00,6,1,1,30
201501EO40379,-0.120848,51.556837,3,2,2,2015-05-07,5,May,14:38:00,14,1,1,30
201501EO40380,-0.110906,51.549573,3,2,1,2015-05-10,1,May,17:35:00,17,1,1,30
201501EO40381,-0.083907,51.546797,3,2,1,2015-05-28,5,May,19:25:00,19,1,1,30
201501EO40384,-0.106141,51.542752,3,2,1,2015-05-19,3,May,07:50:00,7,1,1,30
201501EO40385,-0.111506,51.531598,2,2,1,2015-03-02,2,March,22:00:00,22,1,1,30
201501EO40386,-0.126955,51.562689,3,2,1,2015-06-04,5,June,09:35:00,9,1,1,30
201501EO40387,-0.121055,51.558818,3,2,1,2015-03-02,2,March,20:30:00,20,9,1,30
201501EO40388,-0.110551,51.551186,3,2,1,2015-05-14,5,May,18:15:00,18,2,2,30
201501EO40390,-0.122322,51.559558,3,2,1,2015-06-17,4,June,15:50:00,15,1,1,30
201501EO40391,-0.106862,51.521901,3,2,1,2015-06-05,6,June,00:01:00,0,1,1,30
201501EO40392,-0.097174,51.539909,3,2,1,2015-06-06,7,June,20:56:00,20,1,1,30
201501EO40393,-0.124696,51.561484,3,2,1,2015-05-22,6,May,17:05:00,17,1,1,30
201501EO40394,-0.099407,51.538237,2,1,1,2015-05-25,2,May,06:55:00,6,1,1,20
201501EO40396,-0.100154,51.537619,3,2,1,2015-06-13,7,June,17:46:00,17,1,1,30
201501EO40397,-0.087598,51.524106,3,1,1,2015-06-16,3,June,10:08:00,10,1,1,30
201501EO40398,-0.117133,51.555968,3,3,1,2015-05-22,6,May,10:45:00,10,1,1,30
201501EO40399,-0.142274,51.569138,3,2,1,2015-06-06,7,June,18:27:00,18,1,1,30
201501EO40400,-0.124973,51.561759,3,1,1,2015-06-10,4,June,22:30:00,22,1,1,30
201501EO40401,-0.099703,51.538061,3,2,1,2015-05-19,3,May,22:10:00,22,1,1,30
201501EO40402,-0.110769,51.525021,3,2,1,2015-06-19,6,June,09:05:00,9,1,1,30
201501EO40403,-0.126119,51.551436,2,2,1,2015-06-21,1,June,02:02:00,2,1,1,30
201501EO40404,-0.120216,51.551161,3,2,1,2015-05-19,3,May,21:35:00,21,1,2,30
201501EO40405,-0.124951,51.569312,3,1,1,2015-05-17,1,May,18:30:00,18,1,1,30
201501EO40407,-0.104101,51.536334,3,1,1,2015-05-20,4,May,14:10:00,14,1,1,30
201501EO40408,-0.136038,51.562834,3,2,1,2015-05-25,2,May,23:10:00,23,1,1,30
201501EO40409,-0.105615,51.555423,3,2,1,2015-06-15,2,June,16:10:00,16,1,1,30
201501EO40410,-0.095459,51.52918,3,2,1,2015-05-27,4,May,14:50:00,14,1,1,30
201501EO40411,-0.118195,51.547712,3,1,1,2015-06-14,1,June,21:10:00,21,1,1,20
201501EO40412,-0.11153,51.551921,3,2,1,2015-05-27,4,May,17:50:00,17,1,1,30
201501EO40413,-0.095459,51.52918,3,2,1,2015-05-31,1,May,22:00:00,22,1,1,30
201501EO40414,-0.1365,51.562122,3,1,1,2015-06-06,7,June,11:00:00,11,1,1,20
201501EO40416,-0.105217,51.561531,3,2,1,2015-06-13,7,June,10:37:00,10,1,1,20
201501EO40417,-0.110769,51.525021,3,2,1,2015-06-02,3,June,22:40:00,22,1,1,30
201501EO40418,-0.104392,51.54668,3,1,1,2015-06-05,6,June,18:15:00,18,1,1,30
201501EO40419,-0.102644,51.529746,3,2,1,2015-06-14,1,June,16:52:00,16,1,1,30
201501EO40420,-0.098229,51.556113,3,2,1,2015-06-18,5,June,17:15:00,17,1,1,30
201501EO40422,-0.10131,51.530624,3,2,1,2015-06-04,5,June,19:30:00,19,1,1,30
201501EO40423,-0.119213,51.53352,3,1,1,2015-06-15,2,June,15:19:00,15,1,1,20
201501EO40425,-0.11013,51.550909,3,2,1,2015-06-02,3,June,18:30:00,18,1,1,30
201501EO40426,-0.106593,51.531878,3,1,2,2015-05-27,4,May,12:15:00,12,1,1,30
201501EO40428,-0.121472,51.566199,3,2,1,2015-06-10,4,June,09:40:00,9,1,1,30
201501EO40429,-0.112768,51.567318,3,2,1,2015-06-23,3,June,08:35:00,8,1,1,30
201501EO40430,-0.105117,51.553526,3,2,1,2015-06-12,6,June,22:00:00,22,9,1,30
201501EO40431,-0.106123,51.53277,3,1,1,2015-06-23,3,June,19:36:00,19,1,1,30
201501EO40432,-0.089562,51.525397,3,1,2,2015-06-22,2,June,10:31:00,10,2,2,30
201501EO40433,-0.098004,51.523466,3,2,1,2015-06-08,2,June,17:40:00,17,1,1,30
201501EO40434,-0.1046,51.534724,3,2,1,2015-06-03,4,June,18:40:00,18,1,1,40
201501EO40435,-0.113099,51.531443,3,2,1,2015-05-15,6,May,17:35:00,17,1,1,30
201501EO40438,-0.12181,51.533472,3,2,1,2015-03-09,2,March,12:48:00,12,1,1,30
201501EO40439,-0.106131,51.522159,3,2,1,2015-06-17,4,June,16:40:00,16,1,1,30
201501EO40440,-0.120212,51.554758,3,2,1,2015-06-05,6,June,07:38:00,7,1,1,30
201501EO40441,-0.127092,51.573393,3,2,1,2015-06-18,5,June,08:45:00,8,1,1,30
201501EO40443,-0.111381,51.555516,3,2,2,2015-06-29,2,June,19:25:00,19,1,1,20
201501EO40444,-0.105094,51.547141,3,1,9,2015-06-22,2,June,13:25:00,13,1,1,30
201501EO40445,-0.11251,51.552656,3,2,2,2015-06-26,6,June,08:04:00,8,1,1,30
201501EO40446,-0.098129,51.530842,2,1,1,2015-06-26,6,June,17:02:00,17,1,1,30
201501EO40447,-0.119513,51.557715,2,1,1,2015-05-22,6,May,16:56:00,16,1,1,30
201501EO40449,-0.091921,51.537935,2,2,1,2015-07-05,1,July,17:51:00,17,1,1,20
201501EO40450,-0.110677,51.562069,3,2,1,2015-06-06,7,June,10:39:00,10,1,1,30
201501EO40451,-0.111378,51.555606,3,2,1,2015-06-28,1,June,22:20:00,22,1,1,30
201501EO40452,-0.099703,51.538061,3,2,1,2015-06-30,3,June,16:40:00,16,1,1,20
201501EO40453,-0.101939,51.529375,3,1,1,2015-06-12,6,June,06:05:00,6,1,1,30
201501EO40454,-0.094034,51.528797,3,2,1,2015-06-24,4,June,09:50:00,9,1,1,30
201501EO40455,-0.121882,51.566745,3,2,1,2015-06-15,2,June,19:20:00,19,1,1,30
201501EO40456,-0.137959,51.558189,3,2,2,2015-07-02,5,July,00:10:00,0,1,1,30
201501EO40458,-0.087834,51.525369,3,2,1,2015-06-26,6,June,15:30:00,15,1,1,30
201501EO40459,-0.124796,51.569579,2,2,1,2015-06-16,3,June,08:30:00,8,1,1,30
201501EO40460,-0.095459,51.52918,3,2,1,2015-06-17,4,June,22:15:00,22,1,1,30
201501EO40461,-0.102223,51.522545,3,2,1,2015-06-18,5,June,11:35:00,11,1,1,30
201501EO40463,-0.090979,51.543225,3,1,1,2015-06-23,3,June,08:30:00,8,1,1,30
201501EO40464,-0.103835,51.53579,3,2,1,2015-05-13,4,May,09:30:00,9,1,1,30
201501EO40465,-0.12274,51.559924,3,1,2,2015-06-18,5,June,19:12:00,19,1,1,30
201501EO40466,-0.088213,51.526634,3,2,1,2015-06-30,3,June,17:55:00,17,1,1,30
201501EO40467,-0.105688,51.522421,3,2,1,2015-06-17,4,June,07:45:00,7,9,1,30
201501EO40468,-0.102341,51.530101,3,2,1,2015-06-03,4,June,21:40:00,21,9,1,30
201501EO40469,-0.089639,51.527017,3,1,1,2015-07-03,6,July,21:54:00,21,1,1,20
201501EO40470,-0.088757,51.520528,3,2,1,2015-06-04,5,June,19:30:00,19,1,1,30
201501EO40471,-0.109297,51.532731,3,1,4,2015-06-05,6,June,13:25:00,13,1,1,30
201501EO40472,-0.110304,51.525823,3,1,1,2015-07-03,6,July,01:20:00,1,1,1,30
201501EO40473,-0.105605,51.552185,3,2,1,2015-06-11,5,June,09:05:00,9,1,1,20
201501EO40474,-0.094037,51.528707,3,2,1,2015-07-02,5,July,08:15:00,8,1,1,30
201501EO40475,-0.115225,51.560254,3,1,1,2015-07-10,6,July,09:20:00,9,1,1,30
201501EO40476,-0.095992,51.540609,3,1,1,2015-07-12,1,July,01:20:00,1,1,1,20
201501EO40479,-0.117129,51.556058,3,3,1,2015-06-02,3,June,08:00:00,8,2,2,30
201501EO40481,-0.115228,51.560164,3,2,2,2015-07-04,7,July,00:20:00,0,2,2,20
201501EO40482,-0.108821,51.551158,3,2,2,2015-07-08,4,July,20:30:00,20,1,1,30
201501EO40483,-0.118953,51.546825,2,1,1,2015-07-07,3,July,13:00:00,13,1,1,30
201501EO40484,-0.110677,51.562069,3,2,1,2015-06-09,3,June,17:08:00,17,1,1,30
201501EO40485,-0.126958,51.5626,3,3,1,2015-06-10,4,June,12:15:00,12,1,1,30
201501EO40486,-0.100223,51.546343,3,2,1,2015-07-03,6,July,16:40:00,16,1,1,20
201501EO40487,-0.134634,51.56542,3,1,1,2015-07-09,5,July,00:37:00,0,1,1,30
201501EO40488,-0.114184,51.554032,3,2,1,2015-07-06,2,July,07:45:00,7,1,1,30
201501EO40489,-0.103257,51.546212,3,2,1,2015-06-24,4,June,13:15:00,13,1,1,30
201501EO40490,-0.106411,51.532774,3,2,1,2015-03-28,7,March,00:20:00,0,1,1,30
201501EO40491,-0.096172,51.529371,3,2,2,2015-07-07,3,July,15:05:00,15,1,1,30
201501EO40493,-0.109369,51.527517,3,2,1,2015-07-12,1,July,16:05:00,16,1,1,20
201501EO40494,-0.124004,51.560754,2,2,1,2015-07-09,5,July,18:22:00,18,1,1,20
201501EO40495,-0.131654,51.56771,3,2,1,2015-07-12,1,July,05:40:00,5,1,1,30
201501EO40496,-0.122877,51.560106,3,2,1,2015-07-14,3,July,09:20:00,9,1,2,30
201501EO40497,-0.110777,51.524841,3,2,1,2015-07-10,6,July,20:40:00,20,1,1,20
201501EO40499,-0.103284,51.545583,3,2,1,2015-07-07,3,July,19:20:00,19,1,1,20
201501EO40500,-0.105363,51.564951,3,1,1,2015-06-29,2,June,08:05:00,8,1,1,30
201501EO40501,-0.110095,51.565656,3,1,1,2015-07-01,4,July,12:23:00,12,1,1,20
201501EO40502,-0.137037,51.566627,3,1,1,2015-07-17,6,July,17:16:00,17,1,1,30
201501EO40503,-0.114811,51.559797,3,2,2,2015-07-16,5,July,15:04:00,15,1,1,20
201501EO40504,-0.087237,51.546492,3,2,1,2015-07-06,2,July,23:52:00,23,1,1,20
201501EO40505,-0.091921,51.537935,3,2,1,2015-07-09,5,July,08:04:00,8,1,1,30
201501EO40506,-0.126415,51.561782,3,2,1,2015-06-16,3,June,09:00:00,9,1,1,30
201501EO40507,-0.121897,51.559371,3,2,1,2015-06-26,6,June,15:41:00,15,1,1,30
201501EO40508,-0.089528,51.546889,3,2,1,2015-07-11,7,July,00:14:00,0,1,1,20
201501EO40509,-0.121341,51.530856,3,2,1,2015-06-25,5,June,14:00:00,14,1,1,30
201501EO40510,-0.106128,51.529173,3,2,1,2015-07-10,6,July,22:00:00,22,1,1,20
201501EO40511,-0.138439,51.557027,3,2,1,2015-07-06,2,July,11:45:00,11,1,1,30
201501EO40512,-0.097598,51.529754,3,1,1,2015-07-15,4,July,17:00:00,17,1,1,20
201501EO40513,-0.110568,51.529874,3,2,1,2015-07-17,6,July,08:45:00,8,1,1,30
201501EO40514,-0.115861,51.555318,2,2,1,2015-07-06,2,July,19:40:00,19,1,1,20
201501EO40515,-0.10274,51.537841,3,2,1,2015-07-10,6,July,16:21:00,16,1,1,20
201501EO40516,-0.126119,51.551436,3,2,1,2015-07-16,5,July,16:10:00,16,1,1,30
201501EO40517,-0.116962,51.535642,3,2,1,2015-07-10,6,July,01:31:00,1,1,1,20
201501EO40518,-0.135841,51.557076,3,1,1,2015-07-14,3,July,08:32:00,8,1,1,20
201501EO40519,-0.096587,51.540169,3,2,1,2015-07-19,1,July,19:44:00,19,1,1,30
201501EO40520,-0.105044,51.534461,3,2,1,2015-07-13,2,July,15:48:00,15,1,1,20
201501EO40521,-0.085934,51.525967,3,2,1,2015-07-15,4,July,10:00:00,10,1,2,30
201501EO40522,-0.130599,51.558251,3,2,1,2015-07-02,5,July,16:00:00,16,1,1,30
201501EO40523,-0.117887,51.558678,3,1,1,2015-07-03,6,July,14:52:00,14,1,1,30
201501EO40524,-0.120473,51.530932,3,2,1,2015-07-07,3,July,22:10:00,22,1,1,30
201501EO40525,-0.084537,51.548966,3,2,1,2015-07-13,2,July,19:00:00,19,1,1,30
201501EO40526,-0.105207,51.540938,3,2,1,2015-07-25,7,July,15:50:00,15,1,1,30
201501EO40527,-0.106415,51.522253,3,2,1,2015-07-26,1,July,15:46:00,15,2,2,20
201501EO40528,-0.117309,51.541223,3,2,1,2015-07-20,2,July,18:57:00,18,2,2,20
201501EO40532,-0.100601,51.537267,3,2,1,2015-06-22,2,June,19:36:00,19,1,1,30
201501EO40533,-0.116136,51.531222,3,2,1,2015-06-28,1,June,10:25:00,10,1,1,30
201501EO40534,-0.110334,51.535535,3,2,1,2015-07-17,6,July,14:44:00,14,1,1,20
201501EO40535,-0.089902,51.520727,2,1,1,2015-07-24,6,July,18:45:00,18,9,1,30
201501EO40536,-0.096143,51.540432,2,2,1,2015-07-02,5,July,17:55:00,17,1,1,30
201501EO40538,-0.111225,51.55929,3,1,1,2015-06-29,2,June,18:50:00,18,1,1,30
201501EO40539,-0.124063,51.569837,2,2,1,2015-07-17,6,July,20:46:00,20,1,1,20
201501EO40540,-0.13459,51.566498,3,1,1,2015-07-26,1,July,22:00:00,22,1,2,30
201501EO40541,-0.085988,51.541885,3,2,1,2015-07-16,5,July,18:35:00,18,1,1,30
201501EO40542,-0.107169,51.531887,2,1,1,2015-07-24,6,July,09:28:00,9,2,2,30
201501EO40544,-0.10979,51.527793,3,2,1,2015-07-27,2,July,17:37:00,17,1,1,30
201501EO40546,-0.089835,51.536103,3,2,1,2015-07-11,7,July,20:45:00,20,1,1,30
201501EO40548,-0.136054,51.565982,3,2,1,2015-07-14,3,July,08:02:00,8,2,2,30
201501EO40549,-0.132842,51.552802,3,2,1,2015-07-26,1,July,17:15:00,17,1,1,30
201501EO40550,-0.106275,51.522161,3,2,1,2015-05-19,3,May,08:45:00,8,1,1,30
201501EO40551,-0.118692,51.563636,3,1,1,2015-06-13,7,June,23:05:00,23,1,1,30
201501EO40552,-0.103465,51.544687,2,1,1,2015-07-27,2,July,15:38:00,15,1,1,30
201501EO40554,-0.117125,51.556148,3,2,1,2015-07-26,1,July,15:45:00,15,1,1,30
201501EO40556,-0.103265,51.546033,3,2,1,2015-05-20,4,May,13:45:00,13,1,1,30
201501EO40557,-0.087348,51.523203,2,2,1,2015-07-21,3,July,08:40:00,8,1,1,30
201501EO40558,-0.114533,51.559523,3,1,1,2015-07-22,4,July,13:50:00,13,1,1,30
201501EO40559,-0.125372,51.541532,2,1,1,2015-08-09,1,August,06:54:00,6,1,1,30
201501EO40560,-0.109093,51.523735,3,2,1,2015-06-26,6,June,07:06:00,7,1,1,30
201501EO40561,-0.099703,51.538061,3,2,1,2015-07-01,4,July,22:37:00,22,1,1,30
201501EO40562,-0.110936,51.524484,3,2,1,2015-06-30,3,June,11:50:00,11,1,1,30
201501EO40563,-0.09844,51.523383,3,2,1,2015-07-10,6,July,02:45:00,2,1,1,30
201501EO40564,-0.136327,51.566346,3,1,1,2015-07-14,3,July,22:44:00,22,2,2,30
201501EO40566,-0.125509,51.541714,3,2,1,2015-07-19,1,July,04:27:00,4,1,1,30
201501EO40567,-0.102592,51.537928,3,3,1,2015-08-07,6,August,18:20:00,18,1,1,30
201501EO40568,-0.087951,51.526,3,2,1,2015-08-09,1,August,03:30:00,3,1,1,20
201501EO40569,-0.092335,51.538391,3,2,1,2015-08-06,5,August,08:02:00,8,1,1,30
201501EO40570,-0.123594,51.553194,3,2,1,2015-07-15,4,July,16:50:00,16,1,1,30
201501EO40573,-0.107161,51.563361,3,2,1,2015-07-19,1,July,14:20:00,14,1,1,30
201501EO40575,-0.128511,51.563434,3,3,2,2015-08-14,6,August,15:15:00,15,2,2,30
201501EO40577,-0.119805,51.557629,3,2,1,2015-08-02,1,August,13:49:00,13,1,1,30
201501EO40579,-0.089835,51.536103,3,2,1,2015-07-28,3,July,23:35:00,23,1,1,30
201501EO40580,-0.110167,51.550011,3,2,1,2015-08-07,6,August,17:45:00,17,1,1,30
201501EO40581,-0.077876,51.546159,2,2,1,2015-08-04,3,August,13:45:00,13,1,1,20
201501EO40582,-0.098138,51.554852,3,2,1,2015-07-31,6,July,16:15:00,16,1,1,30
201501EO40583,-0.129118,51.569738,3,1,1,2015-06-25,5,June,20:20:00,20,1,1,30
201501EO40584,-0.109849,51.550725,3,1,1,2015-08-11,3,August,20:45:00,20,1,1,20
201501EO40585,-0.103244,51.543065,2,2,1,2015-08-13,5,August,07:41:00,7,1,1,20
201501EO40586,-0.09581,51.52424,3,2,1,2015-08-04,3,August,13:10:00,13,1,1,20
201501EO40588,-0.110769,51.525021,3,2,1,2015-08-15,7,August,08:30:00,8,1,1,30
201501EO40589,-0.122877,51.560106,3,2,1,2015-08-11,3,August,07:30:00,7,1,1,30
201501EO40592,-0.104749,51.531129,3,2,2,2015-07-07,3,July,13:30:00,13,1,1,30
201501EO40593,-0.085178,51.550864,3,2,1,2015-07-17,6,July,15:14:00,15,1,1,30
201501EO40594,-0.106275,51.532592,3,1,1,2015-07-25,7,July,00:50:00,0,1,2,30
201501EO40595,-0.107205,51.534496,3,1,1,2015-07-12,1,July,12:40:00,12,1,1,30
201501EO40596,-0.122159,51.567019,3,2,1,2015-07-17,6,July,13:24:00,13,1,1,30
201501EO40598,-0.099024,51.530137,3,2,1,2015-08-08,7,August,15:30:00,15,1,1,30
201501EO40599,-0.098282,51.54793,3,1,1,2015-07-22,4,July,10:50:00,10,1,1,30
201501EO40600,-0.109014,51.549992,3,2,1,2015-07-18,7,July,17:25:00,17,1,1,30
201501EO40601,-0.085167,51.5202,3,2,1,2015-07-24,6,July,15:30:00,15,1,1,30
201501EO40602,-0.088077,51.526452,3,2,1,2015-07-25,7,July,08:41:00,8,1,1,30
201501EO40603,-0.095152,51.529625,3,2,1,2015-08-03,2,August,11:42:00,11,1,1,30
201501EO40604,-0.103469,51.544597,3,3,2,2015-08-03,2,August,17:55:00,17,1,1,30
201501EO40605,-0.087109,51.52203,3,2,1,2015-08-10,2,August,22:30:00,22,1,1,30
201501EO40606,-0.083197,51.546516,3,3,2,2015-08-24,2,August,23:32:00,23,2,2,30
201501EO40607,-0.092752,51.528417,3,2,2,2015-08-13,5,August,07:00:00,7,1,1,30
201501EO40608,-0.106267,51.532772,3,2,1,2015-08-08,7,August,20:05:00,20,1,1,30
201501EO40609,-0.112369,51.552564,3,2,1,2015-07-26,1,July,20:10:00,20,1,1,30
201501EO40611,-0.102896,51.537574,3,2,1,2015-08-15,7,August,13:20:00,13,1,1,20
201501EO40614,-0.117125,51.556148,3,2,1,2015-09-01,3,September,10:00:00,10,1,1,40
201501EO40619,-0.119517,51.557625,3,2,1,2015-08-13,5,August,13:00:00,13,2,2,30
201501EO40620,-0.105646,51.533841,2,1,1,2015-08-29,7,August,05:44:00,5,1,1,30
201501EO40621,-0.105957,51.533307,3,2,1,2015-07-13,2,July,18:50:00,18,1,1,30
201501EO40622,-0.124071,51.569658,2,2,1,2015-07-30,5,July,18:05:00,18,1,1,20
201501EO40623,-0.106437,51.532145,3,1,1,2015-08-09,1,August,16:44:00,16,1,1,30
201501EO40625,-0.106347,51.565596,3,2,1,2015-08-18,3,August,07:35:00,7,1,1,30
201501EO40626,-0.112464,51.557242,3,2,1,2015-08-21,6,August,08:30:00,8,1,1,20
201501EO40627,-0.111595,51.532948,2,3,2,2015-08-29,7,August,12:25:00,12,1,1,20
201501EO40628,-0.085872,51.551505,3,2,1,2015-08-02,1,August,08:48:00,8,1,1,30
201501EO40631,-0.112725,51.561382,2,1,1,2015-08-17,2,August,13:47:00,13,1,1,30
201501EO40632,-0.115528,51.559899,3,1,1,2015-09-12,7,September,16:15:00,16,1,1,30
201501EO40633,-0.116709,51.569719,3,2,1,2015-08-20,5,August,17:52:00,17,1,1,30
201501EO40634,-0.103542,51.546307,3,2,1,2015-08-20,5,August,20:00:00,20,1,1,30
201501EO40635,-0.099927,51.525745,3,2,1,2015-09-02,4,September,08:30:00,8,1,1,30
201501EO40637,-0.104388,51.54677,3,2,1,2015-09-03,5,September,13:30:00,13,1,1,30
201501EO40638,-0.107157,51.563451,3,1,1,2015-08-27,5,August,18:15:00,18,1,1,30
201501EO40640,-0.104437,51.535171,3,2,1,2015-07-28,3,July,20:18:00,20,1,1,30
201501EO40641,-0.136349,51.5623,3,2,1,2015-07-14,3,July,09:30:00,9,1,1,30
201501EO40642,-0.087233,51.546582,3,2,1,2015-07-25,7,July,18:30:00,18,1,1,30
201501EO40643,-0.11839,51.549963,3,2,2,2015-07-27,2,July,15:45:00,15,1,1,30
201501EO40644,-0.10254,51.539186,3,2,1,2015-09-07,2,September,08:00:00,8,1,1,30
201501EO40646,-0.108977,51.526521,3,2,5,2015-09-06,1,September,14:50:00,14,1,1,30
201501EO40647,-0.119506,51.557894,3,2,1,2015-09-06,1,September,19:00:00,19,1,1,30
201501EO40648,-0.112606,51.536381,3,2,1,2015-07-30,5,July,12:24:00,12,1,1,30
201501EO40649,-0.102529,51.539456,3,2,1,2015-09-08,3,September,20:57:00,20,1,1,30
201501EO40650,-0.091574,51.542785,3,2,1,2015-08-19,4,August,08:55:00,8,1,1,20
201501EO40651,-0.117416,51.542124,3,2,2,2015-09-11,6,September,16:00:00,16,1,1,30
201501EO40652,-0.119373,51.557622,3,3,1,2015-08-25,3,August,14:17:00,14,2,2,30
201501EO40653,-0.106164,51.531781,3,2,1,2015-08-26,4,August,22:18:00,22,1,1,30
201501EO40655,-0.109089,51.523825,3,2,1,2015-08-28,6,August,13:10:00,13,1,1,30
201501EO40656,-0.11965,51.557897,3,2,1,2015-07-28,3,July,16:55:00,16,1,1,30
201501EO40657,-0.138118,51.557831,3,1,3,2015-09-11,6,September,22:40:00,22,1,1,20
201501EO40659,-0.098035,51.546937,3,2,1,2015-08-28,6,August,11:35:00,11,1,1,20
201501EO40660,-0.087097,51.549817,3,2,1,2015-08-17,2,August,08:10:00,8,1,1,30
201501EO40661,-0.126119,51.551436,3,2,1,2015-09-14,2,September,08:05:00,8,2,2,30
201501EO40662,-0.11965,51.557897,3,2,1,2015-08-20,5,August,16:00:00,16,1,2,30
201501EO40663,-0.102892,51.537663,3,2,1,2015-08-03,2,August,14:44:00,14,2,2,20
201501EO40664,-0.099351,51.546509,3,2,1,2015-08-01,7,August,20:30:00,20,1,1,20
201501EO40666,-0.106054,51.53097,3,2,1,2015-09-16,4,September,07:15:00,7,1,1,30
201501EO40667,-0.086407,51.552503,3,2,1,2015-07-10,6,July,17:40:00,17,1,1,30
201501EO40668,-0.106249,51.533221,3,1,1,2015-09-12,7,September,10:42:00,10,1,1,30
201501EO40669,-0.138447,51.556847,3,1,1,2015-09-14,2,September,10:07:00,10,1,2,30
201501EO40670,-0.098592,51.523206,3,2,1,2015-09-22,3,September,08:50:00,8,2,2,30
201501EO40671,-0.121053,51.530852,3,2,1,2015-09-24,5,September,19:20:00,19,1,1,30
201501EO40672,-0.10733,51.566241,3,1,1,2015-09-19,7,September,21:27:00,21,1,1,30
201501EO40673,-0.100186,51.526469,3,2,1,2015-09-15,3,September,20:30:00,20,1,1,30
201501EO40674,-0.120543,51.57122,3,2,1,2015-08-11,3,August,10:08:00,10,1,1,20
201501EO40675,-0.109014,51.549992,3,2,1,2015-08-01,7,August,21:15:00,21,1,1,30
201501EO40676,-0.117043,51.540679,2,1,1,2015-09-20,1,September,14:20:00,14,1,1,20
201501EO40677,-0.12738,51.562876,3,2,1,2015-09-17,5,September,13:19:00,13,1,1,30
201501EO40678,-0.108419,51.529569,3,2,1,2015-09-19,7,September,17:38:00,17,1,1,30
201501EO40679,-0.125076,51.552228,3,2,1,2015-09-21,2,September,11:20:00,11,1,1,30
201501EO40681,-0.105799,51.519725,3,3,2,2015-09-20,1,September,04:48:00,4,1,1,30
201501EO40683,-0.090866,51.525238,3,2,1,2015-09-21,2,September,18:05:00,18,2,2,30
201501EO40684,-0.109431,51.550359,3,2,1,2015-05-15,6,May,10:40:00,10,1,1,30
201501EO40685,-0.095954,51.524242,3,1,1,2015-09-18,6,September,17:40:00,17,1,1,30
201501EO40686,-0.111674,51.551923,3,2,1,2015-08-22,7,August,13:40:00,13,1,1,30
201501EO40687,-0.115818,51.52843,3,2,1,2015-09-08,3,September,17:15:00,17,1,1,30
201501EO40688,-0.086953,51.549814,3,2,1,2015-09-24,5,September,21:48:00,21,1,1,30
201501EO40690,-0.109151,51.550174,3,1,1,2015-09-21,2,September,09:09:00,9,1,1,30
201501EO40691,-0.114324,51.554124,3,1,1,2015-09-22,3,September,10:35:00,10,2,2,30
201501EO40692,-0.105932,51.519997,3,2,1,2015-09-18,6,September,10:35:00,10,1,1,30
201501EO40693,-0.109209,51.562675,3,1,1,2015-08-18,3,August,17:58:00,17,1,1,30
201501EO40694,-0.094034,51.528797,3,2,2,2015-08-11,3,August,18:02:00,18,1,1,30
201501EO40695,-0.124973,51.561759,3,2,1,2015-07-28,3,July,09:26:00,9,1,1,30
201501EO40696,-0.138284,51.557294,2,1,1,2015-09-13,1,September,00:20:00,0,1,1,30
201501EO40697,-0.100882,51.530527,3,1,1,2015-09-03,5,September,20:20:00,20,1,1,30
201501EO40698,-0.108867,51.546573,3,1,1,2015-08-04,3,August,11:00:00,11,1,1,20
201501EO40699,-0.105686,51.525928,3,1,1,2015-09-23,4,September,17:55:00,17,1,1,30
201501EO40701,-0.104107,51.546586,3,1,1,2015-07-29,4,July,18:00:00,18,1,1,30
201501EO40703,-0.103967,51.546493,3,1,1,2015-09-26,7,September,03:00:00,3,1,1,30
201501EO40704,-0.115084,51.560161,3,2,3,2015-09-23,4,September,07:05:00,7,1,1,30
201501EO40705,-0.101883,51.530723,3,2,1,2015-08-31,2,August,03:20:00,3,2,2,30
201501EO40706,-0.111913,51.546172,3,2,1,2015-08-25,3,August,12:30:00,12,1,1,30
201501EO40707,-0.121059,51.551714,3,2,1,2015-09-09,4,September,11:55:00,11,1,1,30
201501EO40708,-0.109093,51.523735,3,2,1,2015-10-02,6,October,16:55:00,16,1,1,30
201501EO40709,-0.102327,51.520029,3,1,1,2015-09-29,3,September,08:00:00,8,1,1,30
201501EO40710,-0.114461,51.554306,3,2,1,2015-09-27,1,September,17:40:00,17,1,1,30
201501EO40713,-0.1181,51.563987,3,2,1,2015-10-11,1,October,19:30:00,19,1,1,30
201501EO40714,-0.117885,51.544739,3,2,2,2015-10-12,2,October,13:58:00,13,1,1,30
201501EO40716,-0.108325,51.531816,3,2,2,2015-10-09,6,October,12:30:00,12,1,1,30
201501EO40717,-0.113099,51.531443,3,2,1,2015-08-18,3,August,10:45:00,10,1,1,30
201501EO40718,-0.103542,51.546307,3,1,1,2015-08-23,1,August,20:30:00,20,1,1,30
201501EO40719,-0.119506,51.557894,3,1,1,2015-08-25,3,August,17:51:00,17,2,2,30
201501EO40720,-0.117266,51.55624,3,2,1,2015-08-29,7,August,21:16:00,21,2,2,30
201501EO40721,-0.104979,51.563775,3,2,1,2015-09-02,4,September,20:55:00,20,1,2,30
201501EO40722,-0.114629,51.52931,2,2,1,2015-09-12,7,September,20:15:00,20,1,1,30
201501EO40723,-0.123542,51.56848,3,1,1,2015-06-29,2,June,10:35:00,10,1,1,20
201501EO40724,-0.108933,51.548462,3,2,1,2015-09-28,2,September,18:55:00,18,1,1,30
201501EO40725,-0.110101,51.523751,2,1,1,2015-10-13,3,October,08:15:00,8,1,1,20
201501EO40726,-0.132072,51.56457,3,2,1,2015-10-04,1,October,04:42:00,4,1,1,20
201501EO40727,-0.110625,51.525019,3,2,1,2015-09-27,1,September,13:30:00,13,1,1,30
201501EO40728,-0.111362,51.531595,2,2,1,2015-10-22,5,October,22:55:00,22,1,1,30
201501EO40729,-0.111362,51.531595,3,2,1,2015-09-11,6,September,17:45:00,17,1,1,30
201501EO40730,-0.136038,51.562834,2,2,1,2015-10-01,5,October,17:15:00,17,1,1,20
201501EO40731,-0.110071,51.52447,3,2,1,2015-10-17,7,October,17:46:00,17,1,1,20
201501EO40732,-0.094646,51.524491,3,1,1,2015-10-06,3,October,09:40:00,9,2,2,20
201501EO40733,-0.095374,51.524323,3,1,1,2015-10-08,5,October,09:50:00,9,1,1,20
201501EO40734,-0.111362,51.531595,3,2,1,2015-10-07,4,October,11:40:00,11,1,1,20
201501EO40735,-0.134634,51.56542,3,1,2,2015-10-04,1,October,12:42:00,12,1,1,30
201501EO40736,-0.112369,51.552564,3,2,1,2015-10-20,3,October,01:00:00,1,1,1,20
201501EO40737,-0.109531,51.541008,3,2,1,2015-10-08,5,October,17:50:00,17,1,1,20
201501EO40738,-0.114184,51.554032,3,2,1,2015-10-08,5,October,17:30:00,17,1,1,30
201501EO40739,-0.101057,51.526303,2,1,1,2015-10-23,6,October,10:50:00,10,1,1,20
201501EO40740,-0.118784,51.533423,3,2,1,2015-09-17,5,September,19:54:00,19,1,1,30
201501EO40741,-0.110868,51.553979,3,1,1,2015-10-05,2,October,19:30:00,19,1,2,30
201501EO40742,-0.116474,51.561443,3,2,2,2015-08-27,5,August,14:25:00,14,1,1,20
201501EO40743,-0.122523,51.533663,3,2,3,2015-09-05,7,September,20:11:00,20,1,1,20
201501EO40744,-0.106642,51.548065,3,2,1,2015-10-16,6,October,21:20:00,21,1,1,30
201501EO40745,-0.091925,51.537845,3,2,1,2015-09-22,3,September,09:15:00,9,1,1,30
201501EO40746,-0.106421,51.563799,3,1,1,2015-08-21,6,August,15:07:00,15,1,1,30
201501EO40747,-0.090578,51.525234,3,2,1,2015-10-26,2,October,10:00:00,10,1,1,20
201501EO40748,-0.117443,51.55894,3,2,1,2015-08-22,7,August,16:22:00,16,1,1,20
201501EO40749,-0.089489,51.54437,3,2,1,2015-09-02,4,September,12:48:00,12,1,1,30
201501EO40750,-0.117004,51.531146,3,2,1,2015-09-16,4,September,19:15:00,19,1,1,30
201501EO40752,-0.091736,51.549263,3,2,1,2015-09-23,4,September,22:23:00,22,1,1,30
201501EO40753,-0.097683,51.541536,3,2,1,2015-09-24,5,September,18:00:00,18,1,1,30
201501EO40754,-0.120802,51.571943,3,2,1,2015-09-26,7,September,12:35:00,12,1,1,30
201501EO40755,-0.106733,51.521539,3,2,1,2015-10-08,5,October,09:15:00,9,1,1,30
201501EO40756,-0.102227,51.522455,3,2,1,2015-09-12,7,September,05:00:00,5,1,1,30
201501EO40757,-0.108576,51.532719,3,1,2,2015-10-05,2,October,10:55:00,10,2,2,30
201501EO40759,-0.088482,51.527088,3,2,1,2015-10-20,3,October,22:50:00,22,1,1,30
201501EO40760,-0.116002,51.55541,2,1,1,2015-10-21,4,October,10:15:00,10,2,2,30
201501EO40761,-0.124319,51.570651,3,2,1,2015-10-26,2,October,08:15:00,8,1,1,20
201501EO40763,-0.126862,51.550908,3,3,1,2015-08-30,1,August,23:20:00,23,1,1,30
201501EO40764,-0.124452,51.570923,3,1,1,2015-09-25,6,September,21:29:00,21,1,1,30
201501EO40765,-0.115084,51.560161,3,2,2,2015-09-16,4,September,11:05:00,11,1,1,30
201501EO40766,-0.099703,51.538061,3,2,1,2015-09-29,3,September,08:25:00,8,1,1,20
201501EO40767,-0.112577,51.56147,3,2,2,2015-09-28,2,September,11:04:00,11,1,1,20
201501EO40769,-0.106191,51.520721,3,1,1,2015-10-25,1,October,01:04:00,1,8,2,30
201501EO40771,-0.126858,51.547491,3,1,1,2015-10-12,2,October,09:59:00,9,1,1,30
201501EO40772,-0.11908,51.533248,3,1,1,2015-10-19,2,October,19:13:00,19,1,1,30
201501EO40775,-0.101451,51.530716,3,2,1,2015-10-01,5,October,07:22:00,7,1,1,20
201501EO40776,-0.102515,51.52246,3,2,1,2015-10-07,4,October,14:25:00,14,2,2,30
201501EO40777,-0.106323,51.531424,3,1,1,2015-10-07,4,October,17:42:00,17,1,1,20
201501EO40779,-0.087344,51.523293,2,1,2,2015-10-19,2,October,08:30:00,8,1,2,20
201501EO40780,-0.132785,51.564761,3,2,1,2015-10-10,7,October,00:25:00,0,1,1,30
201501EO40781,-0.118218,51.568125,3,2,2,2015-10-14,4,October,15:15:00,15,1,1,30
201501EO40782,-0.118184,51.547981,3,2,1,2015-09-04,6,September,14:45:00,14,1,1,30
201501EO40784,-0.117412,51.542214,3,1,1,2015-09-08,3,September,19:46:00,19,1,1,30
201501EO40785,-0.109228,51.527424,3,2,1,2015-09-30,4,September,17:30:00,17,1,1,30
201501EO40786,-0.092136,51.543154,3,1,1,2015-10-01,5,October,19:10:00,19,1,2,20
201501EO40787,-0.109297,51.532731,3,2,1,2015-10-05,2,October,20:08:00,20,2,2,20
201501EO40788,-0.091596,51.54917,3,2,1,2015-10-10,7,October,14:45:00,14,1,1,30
201501EO40789,-0.115642,51.56062,3,2,1,2015-10-12,2,October,19:12:00,19,1,1,20
201501EO40790,-0.115084,51.560161,3,2,1,2015-10-14,4,October,23:08:00,23,1,1,20
201501EO40791,-0.117416,51.542124,3,2,1,2015-09-16,4,September,07:40:00,7,8,2,30
201501EO40793,-0.120661,51.53687,3,1,1,2015-10-16,6,October,16:39:00,16,1,1,30
201501EO40794,-0.092475,51.538484,3,2,1,2015-10-27,3,October,17:02:00,17,1,1,30
201501EO40796,-0.096846,51.527044,3,2,1,2015-10-21,4,October,10:50:00,10,2,2,30
201501EO40797,-0.096105,51.524065,3,2,1,2015-10-16,6,October,10:40:00,10,1,1,20
201501EO40798,-0.105833,51.564059,2,1,1,2015-11-07,7,November,12:55:00,12,1,1,30
201501EO40799,-0.092781,51.544963,3,2,1,2015-10-20,3,October,19:00:00,19,1,1,20
201501EO40800,-0.105354,51.533926,3,2,1,2015-11-05,5,November,10:30:00,10,1,2,30
201501EO40801,-0.096301,51.536657,2,1,1,2015-10-21,4,October,17:08:00,17,1,1,20
201501EO40802,-0.132785,51.564761,3,2,2,2015-11-06,6,November,17:41:00,17,1,1,30
201501EO40803,-0.098026,51.529851,2,1,1,2015-11-11,4,November,20:49:00,20,1,1,30
201501EO40804,-0.107009,51.563538,3,1,1,2015-11-12,5,November,12:30:00,12,1,1,20
201501EO40805,-0.10797,51.522998,2,2,1,2015-11-13,6,November,16:34:00,16,1,1,30
201501EO40806,-0.131927,51.564567,2,1,1,2015-11-04,4,November,03:40:00,3,2,2,20
201501EO40807,-0.104437,51.535171,3,2,1,2015-10-27,3,October,13:25:00,13,1,1,20
201501EO40809,-0.107375,51.5443,3,2,1,2015-11-11,4,November,07:54:00,7,1,1,20
201501EO40810,-0.108977,51.526521,3,2,1,2015-11-05,5,November,18:00:00,18,9,2,20
201501EO40811,-0.105412,51.51864,3,2,1,2015-11-10,3,November,18:15:00,18,1,1,30
201501EO40812,-0.100768,51.543654,3,2,1,2015-11-13,6,November,20:30:00,20,1,2,20
201501EO40813,-0.10594,51.547604,3,2,1,2015-11-12,5,November,20:30:00,20,2,2,30
201501EO40814,-0.101451,51.530716,2,2,1,2015-10-22,5,October,10:20:00,10,1,1,30
201501EO40815,-0.11101,51.536625,2,2,2,2015-11-14,7,November,03:32:00,3,1,2,20
201501EO40816,-0.092471,51.538574,3,2,1,2015-11-21,7,November,18:28:00,18,1,2,20
201501EO40817,-0.110212,51.524563,3,2,1,2015-11-05,5,November,15:00:00,15,2,2,30
201501EO40818,-0.117294,51.541582,3,2,1,2015-11-22,1,November,21:35:00,21,1,1,20
201501EO40819,-0.108172,51.566794,3,1,1,2015-11-06,6,November,09:25:00,9,2,2,20
201501EO40820,-0.132785,51.564761,2,2,1,2015-11-11,4,November,12:15:00,12,1,1,30
201501EO40821,-0.118112,51.556703,3,1,1,2015-10-30,6,October,17:23:00,17,1,2,30
201501EO40822,-0.091155,51.525243,3,2,1,2015-11-14,7,November,15:20:00,15,1,1,30
201501EO40823,-0.11523,51.570595,3,2,1,2015-11-05,5,November,18:15:00,18,2,2,30
201501EO40826,-0.110321,51.528881,3,2,1,2015-08-06,5,August,09:00:00,9,1,1,20
201501EO40827,-0.106722,51.542671,3,2,1,2015-10-15,5,October,08:40:00,8,1,1,20
201501EO40828,-0.098004,51.523466,3,2,1,2015-10-29,5,October,15:45:00,15,1,1,30
201501EO40829,-0.10811,51.52309,3,2,1,2015-11-20,6,November,20:50:00,20,1,1,20
201501EO40830,-0.125217,51.55232,2,1,2,2015-10-28,4,October,09:15:00,9,1,1,30
201501EO40831,-0.103831,51.53588,3,1,1,2015-10-28,4,October,16:10:00,16,1,1,30
201501EO40832,-0.098645,51.559986,3,2,1,2015-10-28,4,October,18:25:00,18,1,1,30
201501EO40833,-0.114149,51.544409,3,2,1,2015-10-30,6,October,12:50:00,12,1,1,30
201501EO40834,-0.116351,51.546963,3,2,1,2015-10-31,7,October,19:32:00,19,1,1,30
201501EO40835,-0.110551,51.551186,3,2,1,2015-11-12,5,November,09:00:00,9,1,1,20
201501EO40836,-0.091921,51.537935,3,2,1,2015-11-18,4,November,06:19:00,6,9,2,30
201501EO40837,-0.106122,51.525846,2,2,1,2015-11-03,3,November,09:05:00,9,1,1,30
201501EO40838,-0.10434,51.520151,3,1,1,2015-11-03,3,November,18:15:00,18,1,1,20
201501EO40839,-0.120641,51.558362,3,2,2,2015-11-27,6,November,18:00:00,18,2,2,30
201501EO40840,-0.11979,51.557989,3,1,1,2015-11-27,6,November,13:55:00,13,1,1,30
201501EO40841,-0.089158,51.541937,3,2,1,2015-11-18,4,November,18:40:00,18,1,1,30
201501EO40842,-0.090116,51.536287,3,1,1,2015-11-28,7,November,00:30:00,0,1,2,20
201501EO40843,-0.10914,51.560875,3,2,1,2015-11-29,1,November,07:00:00,7,1,2,20
201501EO40844,-0.106722,51.542671,3,2,1,2015-11-25,4,November,21:24:00,21,1,2,20
201501EO40845,-0.098475,51.546764,2,1,1,2015-11-04,4,November,14:45:00,14,1,1,20
201501EO40846,-0.093334,51.524829,3,1,1,2015-11-29,1,November,20:30:00,20,5,2,30
201501EO40847,-0.095544,51.523696,3,2,1,2015-11-26,5,November,18:50:00,18,1,1,20
201501EO40848,-0.10811,51.52309,3,2,1,2015-11-13,6,November,18:10:00,18,1,1,30
201501EO40849,-0.113336,51.543137,3,2,1,2015-11-05,5,November,19:30:00,19,2,2,20
201501EO40850,-0.124297,51.539626,3,2,2,2015-11-01,1,November,07:45:00,7,7,1,30
201501EO40851,-0.092609,51.542173,3,2,1,2015-11-17,3,November,07:42:00,7,2,2,20
201501EO40852,-0.108833,51.526519,3,2,1,2015-11-10,3,November,09:45:00,9,1,1,20
201501EO40853,-0.115402,51.542002,2,1,1,2015-11-02,2,November,16:15:00,16,7,2,30
201501EO40855,-0.117985,51.54582,3,1,1,2015-11-16,2,November,10:56:00,10,1,1,30
201501EO40857,-0.079602,51.546277,2,1,1,2015-11-28,7,November,12:27:00,12,4,1,20
201501EO40858,-0.116989,51.555965,3,1,2,2015-11-15,1,November,16:03:00,16,9,2,20
201501EO40859,-0.117054,51.54041,3,2,1,2015-08-27,5,August,09:46:00,9,1,1,30
201501EO40860,-0.124833,51.561666,3,1,1,2015-11-04,4,November,08:27:00,8,1,1,30
201501EO40861,-0.090719,51.525326,3,2,1,2015-12-03,5,December,08:40:00,8,1,1,30
201501EO40862,-0.132785,51.564761,3,2,1,2015-11-17,3,November,08:05:00,8,1,1,30
201501EO40863,-0.107597,51.563278,3,1,1,2015-11-17,3,November,17:00:00,17,1,1,30
201501EO40864,-0.101112,51.528462,2,2,1,2015-10-22,5,October,12:32:00,12,1,1,20
201501EO40865,-0.106727,51.528643,3,2,1,2015-11-13,6,November,18:45:00,18,1,1,20
201501EO40866,-0.094598,51.546342,3,1,1,2015-12-04,6,December,15:47:00,15,1,1,20
201501EO40867,-0.088479,51.527178,3,2,2,2015-11-19,5,November,16:38:00,16,2,2,30
201501EO40869,-0.0957,51.540694,3,2,2,2015-11-23,2,November,18:00:00,18,1,1,20
201501EO40870,-0.110868,51.553979,2,2,1,2015-11-24,3,November,05:45:00,5,1,1,30
201501EO40871,-0.092756,51.538668,3,2,1,2015-12-01,3,December,07:50:00,7,1,2,20
201501EO40873,-0.089468,51.527644,3,6,1,2015-12-08,3,December,10:20:00,10,1,1,20
201501EO40874,-0.095665,51.524237,3,2,2,2015-10-03,7,October,02:00:00,2,1,1,20
201501EO40875,-0.123446,51.553281,3,2,1,2015-12-03,5,December,07:20:00,7,9,2,30
201501EO40876,-0.106722,51.542671,3,2,1,2015-10-28,4,October,17:18:00,17,1,1,30
201501EO40877,-0.115807,51.528699,3,1,1,2015-11-03,3,November,19:55:00,19,1,1,20
201501EO40878,-0.113975,51.559064,3,2,1,2015-11-06,6,November,18:15:00,18,1,1,30
201501EO40879,-0.11418,51.554122,3,2,1,2015-11-11,4,November,11:24:00,11,1,1,30
201501EO40880,-0.090532,51.543578,3,2,1,2015-11-11,4,November,15:22:00,15,1,1,30
201501EO40881,-0.110906,51.549573,3,1,1,2015-10-18,1,October,23:35:00,23,1,1,30
201501EO40883,-0.123261,51.561282,2,1,2,2015-11-20,6,November,16:15:00,16,1,1,30
201501EO40884,-0.117634,51.543836,3,2,1,2015-11-23,2,November,10:30:00,10,1,1,20
201501EO40886,-0.114358,51.532363,3,2,1,2015-11-24,3,November,08:40:00,8,5,2,20
201501EO40887,-0.138447,51.556847,3,2,2,2015-12-04,6,December,21:55:00,21,4,1,20
201501EO40888,-0.104866,51.535267,3,1,1,2015-11-25,4,November,12:30:00,12,1,1,20
201501EO40889,-0.097518,51.5213,3,1,1,2015-09-16,4,September,13:58:00,13,1,1,30
201501EO40892,-0.117129,51.556058,3,1,1,2015-09-17,5,September,09:50:00,9,1,1,30
201501EO40893,-0.103187,51.537488,3,1,1,2015-11-30,2,November,07:30:00,7,2,2,30
201501EO40894,-0.101812,51.539355,3,2,1,2015-11-13,6,November,13:41:00,13,1,1,30
201501EO40895,-0.110068,51.52456,3,2,1,2015-09-30,4,September,11:30:00,11,1,1,30
201501EO40896,-0.111477,51.532317,3,3,4,2015-12-10,5,December,09:45:00,9,1,2,20
201501EO40897,-0.106705,51.529182,3,1,1,2015-10-02,6,October,08:02:00,8,1,1,30
201501EO40898,-0.098732,51.523298,2,2,1,2015-12-04,6,December,12:01:00,12,1,1,20
201501EO40899,-0.122379,51.533661,2,2,2,2015-11-13,6,November,23:00:00,23,1,1,20
201501EO40900,-0.115267,51.531298,3,2,1,2015-11-13,6,November,12:02:00,12,4,2,30
201501EO40901,-0.109209,51.562675,3,1,1,2015-11-15,1,November,15:09:00,15,1,1,30
201501EO40902,-0.107205,51.534496,3,2,1,2015-11-25,4,November,22:40:00,22,1,1,20
201501EO40904,-0.112878,51.526314,3,2,1,2015-12-02,4,December,15:25:00,15,1,1,30
201501EO40905,-0.1305,51.564185,3,1,1,2015-12-04,6,December,00:05:00,0,2,2,30
201501EO40906,-0.125823,51.562132,3,2,1,2015-11-16,2,November,17:30:00,17,1,2,30
201501EO40907,-0.084652,51.52217,3,1,1,2015-12-07,2,December,14:20:00,14,1,1,20
201501EO40908,-0.115728,51.555046,3,1,1,2015-10-05,2,October,22:10:00,22,2,2,20
201501EO40909,-0.082909,51.546511,3,2,1,2015-10-14,4,October,16:57:00,16,1,2,20
201501EO40912,-0.118596,51.530992,3,1,1,2015-12-07,2,December,11:30:00,11,1,2,30
201501EO40913,-0.138875,51.567555,3,6,1,2015-12-07,2,December,21:30:00,21,2,2,30
201501EO40914,-0.09188,51.549265,3,1,1,2015-12-15,3,December,16:45:00,16,2,2,20
201501EO40915,-0.111671,51.552013,3,2,1,2015-11-26,5,November,12:55:00,12,1,1,20
201501EO40917,-0.109678,51.54092,3,2,1,2015-12-10,5,December,18:35:00,18,1,2,20
201501EO40918,-0.098833,51.53472,2,2,1,2015-12-10,5,December,22:10:00,22,2,2,30
201501EO40919,-0.106722,51.542671,3,2,2,2015-11-20,6,November,20:11:00,20,9,2,20
201501EO40920,-0.097458,51.529662,2,1,1,2015-08-27,5,August,11:30:00,11,9,1,30
201501EO40921,-0.111811,51.552105,3,3,2,2015-12-06,1,December,06:59:00,6,1,2,30
201501EO40923,-0.130749,51.568685,3,2,1,2015-12-09,4,December,09:02:00,9,1,1,20
201501EO40924,-0.106256,51.533042,3,2,1,2015-12-09,4,December,19:57:00,19,2,2,20
201501EO40925,-0.091364,51.537476,3,1,1,2015-11-30,2,November,18:45:00,18,2,2,20
201501EO40926,-0.09458,51.539867,3,1,1,2015-12-09,4,December,19:22:00,19,2,2,20
201501EO40927,-0.085792,51.546558,3,1,1,2015-12-26,7,December,15:37:00,15,1,1,30
201501EO40928,-0.131041,51.5686,3,2,1,2015-12-28,2,December,18:55:00,18,1,1,30
201501EO40929,-0.101112,51.528462,3,2,1,2015-11-22,1,November,10:15:00,10,1,1,20
201501EO40930,-0.122046,51.55227,3,1,1,2015-11-24,3,November,13:10:00,13,2,2,30
201501EO40932,-0.129397,51.54888,3,2,3,2015-12-09,4,December,15:15:00,15,1,1,20
201501EO40933,-0.135289,51.567049,3,1,2,2015-10-22,5,October,15:56:00,15,1,1,40
201501EO40934,-0.105977,51.564061,3,1,2,2015-12-17,5,December,08:06:00,8,1,1,20
201501EO40939,-0.096982,51.541075,3,2,1,2015-12-12,7,December,16:00:00,16,2,2,20
201501EO40940,-0.090871,51.549249,3,2,1,2015-12-13,1,December,14:00:00,14,9,2,20
201501EO40941,-0.134785,51.565242,2,1,1,2015-12-17,5,December,12:22:00,12,1,1,20
201501EO40943,-0.117023,51.548143,3,1,1,2015-12-19,7,December,16:30:00,16,1,1,20
201501EO40944,-0.096833,51.523897,3,1,1,2015-12-12,7,December,02:10:00,2,1,1,20
201501EO40945,-0.111374,51.555695,3,1,1,2015-11-30,2,November,19:21:00,19,2,2,20
201501EO40946,-0.090975,51.543315,3,2,2,2015-12-28,2,December,21:36:00,21,1,1,20
201501EO40948,-0.098039,51.546847,2,2,1,2015-12-03,5,December,16:30:00,16,1,1,30
201501EO40949,-0.087102,51.525627,3,2,1,2015-10-28,4,October,12:36:00,12,1,1,30
201501EO40951,-0.109791,51.524286,3,1,1,2015-12-21,2,December,07:15:00,7,1,1,30
201501EO40952,-0.140793,51.562999,3,1,1,2015-11-27,6,November,16:15:00,16,1,2,20
201501EO40953,-0.106127,51.522249,3,1,1,2015-10-15,5,October,21:13:00,21,1,1,20
201501EO40954,-0.119362,51.557892,3,1,1,2015-11-27,6,November,13:30:00,13,1,1,30
201501EO40955,-0.1305,51.564185,3,1,1,2015-10-19,2,October,19:10:00,19,1,1,30
201501EO40956,-0.135382,51.571816,3,2,1,2015-11-27,6,November,09:00:00,9,1,1,30
201501EO40957,-0.138303,51.556845,3,2,1,2015-10-20,3,October,19:30:00,19,1,1,20
201501EO40958,-0.110551,51.551186,3,2,1,2015-10-21,4,October,17:35:00,17,2,2,30
201501EO40961,-0.106275,51.522161,3,2,1,2015-12-20,1,December,07:50:00,7,1,1,20
201501EO40962,-0.123572,51.553733,3,2,1,2015-12-23,4,December,17:30:00,17,1,1,30
201501EO49001,-0.117542,51.542576,2,1,1,2015-12-21,2,December,08:12:00,8,1,1,30
201501EO49002,-0.104483,51.523661,3,1,1,2015-12-01,3,December,09:38:00,9,1,2,20
201501EO49003,-0.119654,51.557807,3,2,3,2015-12-18,6,December,14:40:00,14,1,1,30
201501EO49004,-0.102223,51.522545,3,2,1,2015-10-23,6,October,23:24:00,23,1,1,30
201501EO49005,-0.129466,51.571812,3,1,1,2015-12-19,7,December,05:15:00,5,1,1,20
201501EO49006,-0.116002,51.55541,3,1,1,2015-12-03,5,December,13:50:00,13,1,1,20
201501EO49007,-0.0889,51.527455,3,2,1,2015-09-10,5,September,06:38:00,6,1,1,20
201501EO49008,-0.098314,51.529856,3,2,1,2015-12-02,4,December,21:50:00,21,1,1,20
201501EO49009,-0.11727,51.55615,3,2,2,2015-12-03,5,December,09:40:00,9,1,1,30
201501EO49012,-0.123329,51.538622,3,1,1,2015-12-16,4,December,09:40:00,9,1,1,20
201501EO49013,-0.117191,51.540592,2,1,1,2015-11-10,3,November,12:18:00,12,1,1,30
201501EO49014,-0.105097,51.564407,3,2,1,2015-12-05,7,December,02:40:00,2,1,1,20
201501EO49016,-0.12799,51.565584,3,1,1,2015-12-06,1,December,17:30:00,17,1,1,30
201501EO49019,-0.103332,51.537491,3,2,1,2015-12-02,4,December,12:00:00,12,1,1,30
201501EO49020,-0.111229,51.5592,3,1,1,2015-12-10,5,December,23:52:00,23,2,2,30
201501EO49025,-0.110133,51.550819,3,2,1,2015-11-25,4,November,14:30:00,14,1,1,30
201501EO49026,-0.128367,51.563431,3,1,1,2015-12-11,6,December,18:36:00,18,1,2,30
201501EO49027,-0.134955,51.564615,3,1,2,2015-11-12,5,November,09:55:00,9,1,1,30
201501EO49031,-0.114149,51.544409,3,2,2,2015-11-14,7,November,13:20:00,13,1,2,30
201501EO49041,-0.120633,51.558542,3,1,1,2015-12-15,3,December,09:35:00,9,1,2,30
201501EO49049,-0.103676,51.536147,3,2,1,2015-12-15,3,December,10:05:00,10,2,2,30
201501EO49057,-0.122645,51.530697,3,1,1,2015-12-22,3,December,18:45:00,18,9,1,30
201501EO49066,-0.110695,51.551188,3,2,1,2015-12-11,6,December,19:25:00,19,1,2,30
201501EO49071,-0.107553,51.522631,3,2,1,2015-10-28,4,October,21:30:00,21,1,1,30
201501EO49072,-0.118058,51.54753,3,2,3,2015-11-03,3,November,00:54:00,0,1,1,20
201501EO49074,-0.128809,51.54914,3,1,1,2015-11-09,2,November,09:45:00,9,1,1,30
201501EO49078,-0.122057,51.555507,3,2,1,2015-10-29,5,October,11:31:00,11,9,1,30
201501EO49087,-0.098451,51.523114,3,1,1,2015-11-02,2,November,13:16:00,13,1,1,30
201501EO49100,-0.095315,51.529178,3,2,1,2015-12-27,1,December,18:55:00,18,9,1,30
201501EO49103,-0.085702,51.552132,2,1,1,2015-12-10,5,December,19:05:00,19,5,2,30
201501EO49104,-0.100897,51.537092,3,2,1,2015-12-21,2,December,21:05:00,21,1,1,30
201501EO49107,-0.110162,51.553608,3,2,1,2015-12-31,5,December,12:40:00,12,1,1,30
201501EO49119,-0.10797,51.522998,3,2,1,2015-10-20,3,October,20:30:00,20,1,1,30
201501EO49143,-0.113288,51.558244,3,1,1,2015-12-11,6,December,09:50:00,9,1,1,30
201501EO49163,-0.102511,51.560678,3,2,3,2015-03-06,6,March,23:15:00,23,9,2,20
201501EO49164,-0.111546,51.534116,3,2,1,2015-06-12,6,June,20:30:00,20,2,2,30
201501EO49165,-0.09581,51.52424,2,2,1,2015-10-04,1,October,15:30:00,15,1,1,30
201501EO49167,-0.098681,51.55567,3,1,1,2015-09-30,4,September,12:00:00,12,1,1,30
201501EO49188,-0.11663,51.536716,3,1,1,2015-09-19,7,September,23:10:00,23,4,1,30
201501EO49271,-0.111777,51.556421,3,1,1,2015-12-16,4,December,11:00:00,11,1,1,30
201501FH10002,-0.216483,51.483243,3,1,1,2015-01-11,1,January,18:09:00,18,2,2,30
201501FH10005,-0.23849,51.506416,3,2,1,2015-01-11,1,January,05:25:00,5,1,1,30
201501FH10009,-0.235122,51.492877,3,1,1,2015-01-06,3,January,20:20:00,20,1,2,30
201501FH10010,-0.233158,51.506426,3,2,1,2015-01-01,5,January,07:10:00,7,1,2,30
201501FH10013,-0.245852,51.517317,3,1,1,2015-01-10,7,January,17:50:00,17,1,1,30
201501FH10014,-0.239568,51.493393,3,1,1,2015-01-07,4,January,14:40:00,14,1,1,30
201501FH10015,-0.232382,51.500389,3,1,1,2015-01-12,2,January,18:03:00,18,1,1,30
201501FH10017,-0.243543,51.498668,3,1,1,2015-01-14,4,January,22:28:00,22,5,2,30
201501FH10018,-0.188431,51.478766,3,2,1,2015-01-15,5,January,07:55:00,7,1,1,30
201501FH10019,-0.223959,51.494687,3,1,1,2015-01-06,3,January,16:55:00,16,1,1,30
201501FH10020,-0.222631,51.488102,3,2,1,2015-01-06,3,January,08:53:00,8,1,1,30
201501FH10021,-0.217523,51.504571,3,2,1,2015-01-16,6,January,08:10:00,8,1,1,30
201501FH10022,-0.187108,51.479465,3,2,1,2015-01-04,1,January,00:04:00,0,1,1,30
201501FH10024,-0.229806,51.492527,3,2,1,2015-01-09,6,January,18:28:00,18,1,1,30
201501FH10025,-0.1926,51.475323,3,1,1,2015-01-23,6,January,07:15:00,7,1,1,30
201501FH10026,-0.210119,51.469207,3,1,1,2015-01-17,7,January,19:00:00,19,1,1,30
201501FH10027,-0.239095,51.509393,3,2,1,2015-01-16,6,January,14:40:00,14,1,1,30
201501FH10028,-0.187427,51.46778,3,1,1,2015-01-24,7,January,11:57:00,11,1,1,30
201501FH10029,-0.227122,51.502288,3,2,1,2015-01-06,3,January,13:50:00,13,2,2,30
201501FH10031,-0.22014,51.503981,3,1,1,2015-01-10,7,January,15:45:00,15,4,1,30
201501FH10033,-0.227901,51.511922,3,1,1,2015-01-12,2,January,17:00:00,17,5,2,30
201501FH10034,-0.239593,51.500228,3,2,1,2015-01-12,2,January,19:15:00,19,2,2,30
201501FH10035,-0.212592,51.498021,3,2,1,2015-01-17,7,January,11:39:00,11,2,2,30
201501FH10036,-0.216916,51.505371,3,2,1,2015-01-04,1,January,19:09:00,19,1,2,30
201501FH10037,-0.205879,51.489196,3,2,1,2015-01-17,7,January,11:50:00,11,1,1,30
201501FH10038,-0.202278,51.485544,3,2,1,2015-01-27,3,January,07:10:00,7,1,1,30
201501FH10040,-0.229144,51.520753,3,4,2,2015-01-30,6,January,17:25:00,17,1,1,30
201501FH10041,-0.193419,51.480102,3,2,1,2015-01-30,6,January,06:20:00,6,2,2,30
201501FH10043,-0.206704,51.490198,3,1,1,2015-01-30,6,January,23:45:00,23,1,1,30
201501FH10044,-0.234868,51.514365,3,2,2,2015-02-01,1,February,18:45:00,18,1,1,40
201501FH10045,-0.222442,51.492955,3,1,1,2015-01-27,3,January,12:14:00,12,1,1,30
201501FH10047,-0.202569,51.485458,3,2,4,2015-02-08,1,February,04:01:00,4,1,1,30
201501FH10048,-0.207982,51.490667,3,3,1,2015-01-30,6,January,09:10:00,9,2,2,30
201501FH10049,-0.195592,51.479776,3,2,1,2015-01-29,5,January,22:55:00,22,2,2,30
201501FH10050,-0.224747,51.515201,3,2,1,2015-02-04,4,February,15:45:00,15,1,1,40
201501FH10051,-0.227599,51.512277,3,1,1,2015-02-05,5,February,10:45:00,10,1,1,30
201501FH10053,-0.241654,51.49909,3,2,1,2015-01-24,7,January,08:38:00,8,1,2,30
201501FH10055,-0.239163,51.511372,3,3,1,2015-01-26,2,January,08:50:00,8,1,2,30
201501FH10056,-0.21681,51.493319,3,2,1,2015-01-23,6,January,15:38:00,15,1,1,30
201501FH10058,-0.215472,51.475943,2,2,1,2015-02-10,3,February,21:41:00,21,1,1,30
201501FH10059,-0.210259,51.469299,3,1,1,2015-01-21,4,January,18:55:00,18,1,1,30
201501FH10061,-0.23921,51.506427,3,2,1,2015-01-29,5,January,19:50:00,19,1,1,30
201501FH10062,-0.239424,51.493391,3,1,1,2015-02-02,2,February,09:51:00,9,1,1,30
201501FH10063,-0.198309,51.480267,3,1,1,2015-02-07,7,February,20:02:00,20,1,1,30
201501FH10064,-0.227569,51.505622,3,1,1,2015-02-06,6,February,17:43:00,17,1,1,30
201501FH10066,-0.22432,51.503954,3,1,1,2015-02-08,1,February,14:00:00,14,1,1,30
201501FH10067,-0.219987,51.515309,3,1,1,2015-01-17,7,January,17:02:00,17,2,2,30
201501FH10068,-0.244754,51.493381,3,2,1,2015-02-02,2,February,17:00:00,17,1,2,30
201501FH10069,-0.229096,51.492246,3,2,2,2015-01-25,1,January,16:51:00,16,1,2,30
201501FH10071,-0.225407,51.513053,3,1,1,2015-02-14,7,February,00:03:00,0,2,2,30
201501FH10072,-0.22461,51.515019,3,1,1,2015-01-20,3,January,10:44:00,10,8,4,30
201501FH10073,-0.214187,51.494089,3,2,1,2015-02-17,3,February,18:03:00,18,1,1,30
201501FH10074,-0.186229,51.46893,3,2,1,2015-02-16,2,February,18:30:00,18,1,2,30
201501FH10075,-0.213021,51.494431,3,2,1,2015-02-16,2,February,08:34:00,8,1,1,30
201501FH10076,-0.190578,51.468188,3,2,1,2015-02-17,3,February,17:45:00,17,1,1,30
201501FH10077,-0.235462,51.506461,3,2,1,2015-02-14,7,February,13:10:00,13,1,1,30
201501FH10078,-0.210296,51.494119,3,1,1,2015-02-17,3,February,09:50:00,9,1,1,30
201501FH10082,-0.219552,51.493181,3,2,1,2015-02-11,4,February,09:30:00,9,1,1,30
201501FH10083,-0.212965,51.481121,3,1,1,2015-02-02,2,February,08:12:00,8,9,1,30
201501FH10084,-0.198352,51.486473,3,2,1,2015-02-24,3,February,12:17:00,12,1,1,30
201501FH10086,-0.235736,51.514288,3,4,3,2015-02-19,5,February,17:26:00,17,2,2,40
201501FH10087,-0.188287,51.478764,3,2,1,2015-02-17,3,February,10:45:00,10,1,1,30
201501FH10088,-0.221802,51.509402,3,2,2,2015-02-19,5,February,18:00:00,18,2,2,30
201501FH10089,-0.22273,51.492959,3,2,1,2015-02-15,1,February,19:50:00,19,1,1,30
201501FH10091,-0.196157,51.480054,3,2,1,2015-02-25,4,February,10:00:00,10,2,2,30
201501FH10092,-0.231008,51.506124,3,1,1,2015-03-01,1,March,14:30:00,14,1,1,30
201501FH10094,-0.203008,51.485285,3,1,1,2015-01-22,5,January,19:03:00,19,1,1,30
201501FH10095,-0.224685,51.505668,2,1,1,2015-02-20,6,February,17:40:00,17,1,2,30
201501FH10096,-0.191774,51.478008,2,2,1,2015-02-21,7,February,15:25:00,15,1,1,30
201501FH10097,-0.218905,51.483909,3,2,1,2015-02-25,4,February,21:23:00,21,1,1,30
201501FH10098,-0.206972,51.483367,3,1,1,2015-03-03,3,March,15:45:00,15,1,1,30
201501FH10099,-0.199038,51.472725,3,1,1,2015-03-04,4,March,16:05:00,16,1,1,30
201501FH10100,-0.188451,51.47463,3,2,1,2015-03-01,1,March,22:40:00,22,1,2,30
201501FH10101,-0.226194,51.515043,3,1,1,2015-01-02,6,January,21:26:00,21,1,1,30
201501FH10102,-0.218547,51.482015,3,2,1,2015-02-21,7,February,18:00:00,18,1,1,30
201501FH10103,-0.229157,51.494406,3,2,1,2015-03-06,6,March,09:20:00,9,1,1,30
201501FH10104,-0.229518,51.492523,3,2,1,2015-02-11,4,February,09:00:00,9,9,1,30
201501FH10105,-0.202422,51.485546,3,1,1,2015-03-04,4,March,18:55:00,18,1,1,30
201501FH10106,-0.227006,51.516404,3,1,1,2015-03-10,3,March,17:57:00,17,1,1,30
201501FH10107,-0.209801,51.49573,3,1,1,2015-02-28,7,February,00:37:00,0,1,1,30
201501FH10108,-0.224602,51.492988,3,2,1,2015-02-19,5,February,18:15:00,18,1,2,30
201501FH10109,-0.238202,51.506412,3,2,1,2015-03-05,5,March,17:00:00,17,1,1,30
201501FH10110,-0.212877,51.494428,2,1,1,2015-03-07,7,March,15:51:00,15,1,1,30
201501FH10111,-0.220128,51.49319,3,2,1,2015-03-08,1,March,11:40:00,11,1,1,30
201501FH10112,-0.208083,51.473403,3,2,1,2015-03-07,7,March,13:50:00,13,1,1,30
201501FH10115,-0.18946,51.478242,3,2,1,2015-03-12,5,March,07:57:00,7,1,1,30
201501FH10116,-0.234219,51.516244,3,2,1,2015-02-04,4,February,16:26:00,16,1,1,30
201501FH10117,-0.18934,51.46673,3,1,1,2015-02-12,5,February,20:50:00,20,1,1,30
201501FH10118,-0.234724,51.514363,3,2,1,2015-02-19,5,February,18:10:00,18,2,2,40
201501FH10119,-0.213168,51.494343,3,2,1,2015-03-02,2,March,21:57:00,21,1,1,30
201501FH10120,-0.22469,51.509265,3,2,1,2015-03-04,4,March,19:20:00,19,1,1,30
201501FH10121,-0.228724,51.5167,3,1,1,2015-03-18,4,March,15:55:00,15,1,1,30
201501FH10122,-0.189087,51.480395,3,2,1,2015-03-13,6,March,01:15:00,1,1,1,30
201501FH10123,-0.223015,51.493054,3,3,1,2015-03-02,2,March,13:00:00,13,1,1,30
201501FH10124,-0.224918,51.492273,3,2,1,2015-02-25,4,February,09:05:00,9,1,1,30
201501FH10125,-0.225135,51.505226,2,2,1,2015-03-09,2,March,08:15:00,8,1,1,30
201501FH10126,-0.216977,51.477945,3,2,2,2015-02-26,5,February,08:55:00,8,1,1,30
201501FH10127,-0.200985,51.47815,3,2,2,2015-03-18,4,March,20:35:00,20,1,1,30
201501FH10128,-0.223555,51.490274,3,2,2,2015-02-28,7,February,20:30:00,20,2,2,30
201501FH10129,-0.220276,51.493102,3,2,1,2015-03-10,3,March,08:50:00,8,1,1,30
201501FH10130,-0.213165,51.494433,3,2,1,2015-03-04,4,March,16:10:00,16,1,1,30
201501FH10131,-0.226543,51.502369,3,2,1,2015-02-26,5,February,12:57:00,12,1,1,30
201501FH10132,-0.206968,51.490831,2,1,2,2015-02-24,3,February,18:49:00,18,1,1,40
201501FH10134,-0.23337,51.500944,3,1,1,2015-03-28,7,March,11:04:00,11,1,1,30
201501FH10135,-0.214776,51.475303,3,2,2,2015-03-19,5,March,07:30:00,7,1,1,30
201501FH10137,-0.204468,51.488455,3,2,1,2015-03-30,2,March,19:10:00,19,1,1,30
201501FH10138,-0.238023,51.499845,3,2,1,2015-03-22,1,March,16:35:00,16,1,1,30
201501FH10139,-0.219492,51.483648,3,2,1,2015-03-29,1,March,05:55:00,5,1,1,30
201501FH10140,-0.238764,51.514244,3,2,1,2015-03-27,6,March,07:50:00,7,1,1,40
201501FH10141,-0.218106,51.5044,3,1,1,2015-03-16,2,March,17:10:00,17,1,1,30
201501FH10142,-0.207375,51.491467,3,2,1,2015-04-02,5,April,10:00:00,10,1,1,30
201501FH10143,-0.227941,51.518307,3,1,1,2015-03-04,4,March,08:02:00,8,1,1,30
201501FH10144,-0.22221,51.491513,3,2,1,2015-03-31,3,March,15:13:00,15,4,1,30
201501FH10145,-0.191342,51.470718,3,2,1,2015-03-20,6,March,09:10:00,9,1,1,30
201501FH10146,-0.20235,51.480059,3,1,1,2015-03-25,4,March,18:00:00,18,1,1,30
201501FH10147,-0.223811,51.491087,2,2,2,2015-03-23,2,March,08:49:00,8,1,1,30
201501FH10148,-0.22352,51.491173,3,2,1,2015-03-24,3,March,17:12:00,17,1,1,30
201501FH10149,-0.207361,51.491826,3,2,1,2015-04-02,5,April,11:39:00,11,1,1,30
201501FH10151,-0.204952,51.476143,3,1,1,2015-04-02,5,April,17:08:00,17,1,1,30
201501FH10152,-0.202366,51.472326,3,2,1,2015-03-26,5,March,08:00:00,8,2,2,30
201501FH10153,-0.238202,51.506412,2,1,1,2015-03-04,4,March,17:42:00,17,1,1,30
201501FH10154,-0.249251,51.51512,3,2,1,2015-03-25,4,March,16:45:00,16,1,1,30
201501FH10155,-0.226534,51.495175,3,2,1,2015-04-03,6,April,23:00:00,23,2,2,30
201501FH10156,-0.239459,51.499956,3,1,1,2015-03-09,2,March,17:41:00,17,1,1,30
201501FH10157,-0.217652,51.479124,2,1,2,2015-03-12,5,March,13:50:00,13,1,1,30
201501FH10159,-0.217624,51.490904,3,1,1,2015-03-28,7,March,09:10:00,9,1,1,30
201501FH10161,-0.240502,51.506536,3,2,1,2015-03-30,2,March,18:55:00,18,2,2,30
201501FH10162,-0.223959,51.494687,2,1,1,2015-03-31,3,March,07:17:00,7,1,1,30
201501FH10163,-0.22485,51.505131,3,2,1,2015-04-19,1,April,17:30:00,17,1,1,30
201501FH10164,-0.231296,51.506128,2,1,1,2015-04-10,6,April,14:55:00,14,1,1,30
201501FH10165,-0.243757,51.504337,3,2,1,2015-03-28,7,March,09:16:00,9,1,1,30
201501FH10166,-0.218203,51.483449,3,2,1,2015-04-07,3,April,19:20:00,19,1,1,30
201501FH10167,-0.204784,51.473083,3,2,1,2015-04-04,7,April,22:15:00,22,1,1,30
201501FH10168,-0.183734,51.473748,3,2,1,2015-04-16,5,April,11:27:00,11,1,1,30
201501FH10169,-0.211751,51.467973,2,1,1,2015-04-15,4,April,09:00:00,9,1,1,30
201501FH10170,-0.193559,51.480194,3,2,1,2015-04-09,5,April,17:40:00,17,1,1,30
201501FH10171,-0.22145,51.503641,3,2,1,2015-04-01,4,April,12:42:00,12,1,1,30
201501FH10172,-0.201322,51.476896,3,2,1,2015-04-08,4,April,23:51:00,23,1,1,30
201501FH10173,-0.196585,51.480151,3,1,1,2015-04-02,5,April,07:09:00,7,1,1,30
201501FH10174,-0.251373,51.501124,3,2,1,2015-04-10,6,April,13:10:00,13,1,1,30
201501FH10175,-0.233047,51.494374,3,2,1,2015-03-06,6,March,14:45:00,14,1,1,30
201501FH10176,-0.234706,51.496198,2,1,2,2015-04-12,1,April,02:55:00,2,1,1,30
201501FH10179,-0.228725,51.520387,3,3,2,2015-04-13,2,April,17:03:00,17,1,1,30
201501FH10180,-0.223487,51.503132,3,2,2,2015-04-12,1,April,01:00:00,1,1,1,30
201501FH10181,-0.221609,51.488446,3,2,1,2015-04-13,2,April,16:10:00,16,1,1,30
201501FH10182,-0.198308,51.472983,2,2,1,2015-04-18,7,April,21:20:00,21,1,1,30
201501FH10183,-0.220039,51.484376,3,2,1,2015-04-18,7,April,16:30:00,16,1,1,30
201501FH10184,-0.220463,51.4994,3,2,1,2015-04-19,1,April,18:47:00,18,1,1,30
201501FH10185,-0.24352,51.506761,3,2,2,2015-04-17,6,April,15:05:00,15,1,1,30
201501FH10186,-0.213642,51.493271,3,2,2,2015-04-07,3,April,13:40:00,13,1,1,30
201501FH10187,-0.223303,51.496745,3,2,1,2015-04-03,6,April,02:30:00,2,2,2,30
201501FH10188,-0.206968,51.490831,3,1,1,2015-04-20,2,April,11:55:00,11,1,1,30
201501FH10189,-0.210561,51.468944,3,2,1,2015-04-09,5,April,18:25:00,18,1,1,30
201501FH10190,-0.243634,51.503796,3,2,1,2015-04-24,6,April,09:45:00,9,1,1,30
201501FH10191,-0.215911,51.483144,2,2,1,2015-04-24,6,April,22:06:00,22,1,1,30
201501FH10192,-0.248105,51.5187,3,2,1,2015-04-09,5,April,12:15:00,12,1,1,30
201501FH10193,-0.224046,51.50359,3,1,1,2015-04-12,1,April,17:20:00,17,1,1,30
201501FH10194,-0.222318,51.503564,3,1,1,2015-04-03,6,April,14:02:00,14,1,1,30
201501FH10195,-0.223674,51.490906,3,2,1,2015-05-07,5,May,08:41:00,8,1,1,30
201501FH10196,-0.245183,51.493477,3,1,1,2015-04-21,3,April,18:07:00,18,1,1,30
201501FH10197,-0.244717,51.50561,3,2,1,2015-04-28,3,April,21:05:00,21,1,1,30
201501FH10198,-0.182616,51.476518,3,1,1,2015-03-24,3,March,08:55:00,8,1,1,30
201501FH10199,-0.243366,51.503252,3,2,1,2015-04-28,3,April,21:40:00,21,1,1,30
201501FH10200,-0.234662,51.508517,3,2,1,2015-03-21,7,March,15:58:00,15,1,1,30
201501FH10201,-0.217114,51.478127,3,1,1,2015-04-20,2,April,19:20:00,19,1,1,30
201501FH10202,-0.221438,51.515061,3,1,1,2015-04-22,4,April,06:54:00,6,1,1,30
201501FH10203,-0.203012,51.485195,3,2,1,2015-04-29,4,April,17:45:00,17,1,1,30
201501FH10204,-0.224454,51.493076,3,2,1,2015-04-22,4,April,07:02:00,7,1,1,30
201501FH10205,-0.211302,51.468416,3,2,2,2015-04-23,5,April,07:47:00,7,1,1,30
201501FH10206,-0.223628,51.503224,3,2,1,2015-04-30,5,April,09:45:00,9,1,1,30
201501FH10207,-0.224911,51.492453,3,2,1,2015-05-05,3,May,13:54:00,13,1,1,30
201501FH10208,-0.213787,51.482212,3,2,1,2015-05-08,6,May,16:45:00,16,1,1,30
201501FH10209,-0.198161,51.480355,3,1,1,2015-05-09,7,May,02:15:00,2,1,1,30
201501FH10210,-0.195592,51.479776,2,2,1,2015-04-26,1,April,13:05:00,13,1,1,30
201501FH10211,-0.227292,51.494198,3,1,1,2015-04-08,4,April,07:47:00,7,1,1,30
201501FH10212,-0.248435,51.513849,3,2,2,2015-04-11,7,April,01:33:00,1,1,1,30
201501FH10213,-0.22485,51.505131,3,2,1,2015-05-04,2,May,16:50:00,16,1,1,30
201501FH10214,-0.221594,51.503643,3,1,1,2015-05-04,2,May,00:56:00,0,2,2,30
201501FH10215,-0.225069,51.492096,3,1,1,2015-05-02,7,May,15:10:00,15,1,1,30
201501FH10216,-0.189762,51.477887,3,2,1,2015-04-09,5,April,13:45:00,13,1,1,30
201501FH10217,-0.23627,51.492984,3,2,1,2015-05-05,3,May,09:00:00,9,1,1,30
201501FH10219,-0.223033,51.499978,3,1,1,2015-05-08,6,May,18:20:00,18,1,1,30
201501FH10220,-0.192596,51.475413,3,2,1,2015-05-13,4,May,19:00:00,19,1,1,20
201501FH10221,-0.206827,51.490739,3,2,1,2015-05-05,3,May,17:20:00,17,1,1,40
201501FH10222,-0.206708,51.490108,3,2,1,2015-05-11,2,May,08:45:00,8,1,1,30
201501FH10223,-0.2493,51.513862,3,1,1,2015-05-15,6,May,13:20:00,13,1,1,40
201501FH10224,-0.223484,51.503222,3,2,1,2015-05-08,6,May,09:35:00,9,9,1,30
201501FH10226,-0.239322,51.499774,3,3,1,2015-05-12,3,May,17:40:00,17,1,1,30
201501FH10227,-0.225027,51.493174,2,1,1,2015-04-30,5,April,07:34:00,7,1,1,30
201501FH10228,-0.245107,51.506695,3,2,1,2015-04-07,3,April,07:45:00,7,1,1,30
201501FH10229,-0.227801,51.518215,3,1,1,2015-05-06,4,May,17:55:00,17,4,1,30
201501FH10230,-0.23475,51.509957,2,2,1,2015-05-15,6,May,21:30:00,21,2,2,30
201501FH10231,-0.206142,51.475172,3,2,1,2015-05-12,3,May,17:40:00,17,1,1,30
201501FH10232,-0.235122,51.492877,3,2,1,2015-04-29,4,April,08:47:00,8,1,1,30
201501FH10233,-0.240992,51.508792,2,1,1,2015-04-29,4,April,13:10:00,13,1,1,30
201501FH10234,-0.222374,51.502126,2,2,1,2015-05-08,6,May,15:50:00,15,1,1,30
201501FH10235,-0.219406,51.504329,3,2,1,2015-04-18,7,April,15:50:00,15,1,1,30
201501FH10236,-0.222358,51.491425,3,2,1,2015-04-28,3,April,18:25:00,18,1,1,30
201501FH10237,-0.213818,51.499838,3,2,1,2015-05-16,7,May,00:03:00,0,2,2,30
201501FH10238,-0.245107,51.506695,3,2,2,2015-05-14,5,May,22:45:00,22,2,2,30
201501FH10240,-0.216704,51.477581,3,2,1,2015-05-12,3,May,17:06:00,17,1,1,30
201501FH10241,-0.230432,51.506115,3,2,1,2015-05-13,4,May,07:20:00,7,1,1,30
201501FH10242,-0.200523,51.482549,2,2,1,2015-04-04,7,April,20:10:00,20,1,1,30
201501FH10244,-0.228706,51.491161,3,2,1,2015-05-16,7,May,15:36:00,15,1,1,30
201501FH10245,-0.188431,51.478766,3,2,1,2015-05-08,6,May,08:45:00,8,1,1,30
201501FH10246,-0.23849,51.506416,3,2,1,2015-05-14,5,May,15:15:00,15,2,2,20
201501FH10247,-0.228906,51.489726,3,2,1,2015-05-20,4,May,18:53:00,18,1,1,30
201501FH10248,-0.245251,51.506697,3,2,1,2015-04-27,2,April,14:15:00,14,1,1,30
201501FH10249,-0.207101,51.491103,3,1,1,2015-05-05,3,May,23:00:00,23,1,1,30
201501FH10250,-0.195315,51.479502,3,2,1,2015-05-08,6,May,10:10:00,10,1,1,30
201501FH10251,-0.230093,51.492531,3,2,1,2015-04-24,6,April,18:31:00,18,1,1,30
201501FH10252,-0.224692,51.505489,3,2,1,2015-05-11,2,May,22:30:00,22,1,1,30
201501FH10253,-0.190644,51.477451,3,2,1,2015-04-30,5,April,16:40:00,16,1,1,30
201501FH10254,-0.220155,51.485097,3,1,2,2015-04-28,3,April,18:45:00,18,1,1,30
201501FH10255,-0.234631,51.494398,3,2,1,2015-05-21,5,May,16:57:00,16,1,1,30
201501FH10258,-0.222706,51.497275,3,2,4,2015-05-21,5,May,10:46:00,10,1,1,30
201501FH10259,-0.19743,51.473329,3,2,1,2015-05-16,7,May,21:30:00,21,1,1,30
201501FH10260,-0.217009,51.48451,3,2,1,2015-05-27,4,May,09:35:00,9,1,1,30
201501FH10261,-0.223994,51.493788,3,2,1,2015-05-23,7,May,07:08:00,7,1,1,30
201501FH10262,-0.241939,51.506648,3,1,1,2015-05-27,4,May,16:15:00,16,1,1,30
201501FH10264,-0.190852,51.468552,3,2,1,2015-05-22,6,May,07:35:00,7,1,1,30
201501FH10265,-0.241654,51.49909,3,2,1,2015-06-07,1,June,17:34:00,17,1,1,30
201501FH10266,-0.223916,51.503229,2,2,1,2015-05-23,7,May,12:00:00,12,1,1,30
201501FH10267,-0.189908,51.466919,3,2,1,2015-05-27,4,May,11:55:00,11,1,1,30
201501FH10268,-0.201888,51.484459,3,1,1,2015-05-21,5,May,10:50:00,10,1,1,30
201501FH10269,-0.1905,51.477449,3,2,1,2015-05-18,2,May,08:30:00,8,2,2,30
201501FH10271,-0.220583,51.503718,3,1,1,2015-05-13,4,May,11:11:00,11,1,1,30
201501FH10272,-0.193419,51.480102,3,2,1,2015-05-23,7,May,09:56:00,9,1,1,30
201501FH10273,-0.21955,51.504332,3,2,1,2015-05-21,5,May,09:30:00,9,1,1,30
201501FH10274,-0.198751,51.480004,3,2,1,2015-05-29,6,May,19:15:00,19,1,1,30
201501FH10275,-0.224671,51.506028,3,2,1,2015-05-13,4,May,18:49:00,18,1,1,30
201501FH10276,-0.22124,51.486822,3,2,1,2015-05-27,4,May,17:38:00,17,1,1,30
201501FH10277,-0.229868,51.490909,3,3,1,2015-05-28,5,May,17:56:00,17,1,1,40
201501FH10278,-0.231726,51.509911,3,1,1,2015-06-10,4,June,20:30:00,20,1,1,30
201501FH10280,-0.210539,51.484231,3,2,1,2015-06-06,7,June,16:00:00,16,1,1,30
201501FH10281,-0.245107,51.506695,2,2,1,2015-05-03,1,May,08:57:00,8,1,1,30
201501FH10283,-0.189762,51.477887,3,2,1,2015-05-14,5,May,08:08:00,8,2,2,30
201501FH10285,-0.222208,51.498976,3,2,1,2015-05-21,5,May,17:00:00,17,1,1,30
201501FH10286,-0.228722,51.520477,3,2,1,2015-06-04,5,June,08:35:00,8,1,1,30
201501FH10287,-0.222524,51.498262,3,1,1,2015-05-29,6,May,08:13:00,8,1,1,30
201501FH10288,-0.213597,51.490752,3,6,2,2015-05-31,1,May,09:00:00,9,1,2,40
201501FH10289,-0.216016,51.476761,3,2,1,2015-05-14,5,May,18:00:00,18,1,1,30
201501FH10291,-0.219769,51.483922,2,2,1,2015-06-04,5,June,17:00:00,17,9,1,30
201501FH10292,-0.211162,51.468324,3,2,1,2015-06-11,5,June,22:40:00,22,1,1,30
201501FH10293,-0.221483,51.487995,3,2,1,2015-06-19,6,June,18:13:00,18,1,1,30
201501FH10294,-0.235554,51.500347,3,2,1,2015-05-27,4,May,14:40:00,14,1,1,30
201501FH10295,-0.221946,51.509404,3,2,1,2015-06-06,7,June,13:06:00,13,1,1,30
201501FH10296,-0.227006,51.516404,3,1,1,2015-06-09,3,June,15:38:00,15,1,1,30
201501FH10297,-0.217554,51.485327,3,2,1,2015-06-12,6,June,14:50:00,14,1,1,30
201501FH10298,-0.230172,51.516542,3,2,1,2015-06-11,5,June,09:59:00,9,1,1,30
201501FH10299,-0.200657,51.482821,3,1,1,2015-05-30,7,May,02:10:00,2,2,2,30
201501FH10300,-0.223021,51.489187,3,1,1,2015-06-11,5,June,00:50:00,0,1,1,30
201501FH10301,-0.237114,51.530855,3,2,1,2015-06-04,5,June,14:55:00,14,1,1,20
201501FH10302,-0.190361,51.466386,3,2,1,2015-06-09,3,June,21:21:00,21,1,1,30
201501FH10303,-0.186854,51.474965,3,2,1,2015-06-16,3,June,10:00:00,10,1,1,30
201501FH10304,-0.228402,51.506444,3,2,1,2015-06-08,2,June,15:40:00,15,1,1,30
201501FH10306,-0.213309,51.494435,3,2,1,2015-06-09,3,June,07:45:00,7,1,1,30
201501FH10307,-0.210655,51.477579,3,2,1,2015-06-13,7,June,19:53:00,19,1,1,30
201501FH10308,-0.24496,51.506783,3,2,1,2015-06-10,4,June,16:15:00,16,1,1,30
201501FH10309,-0.230093,51.492531,2,2,1,2015-05-22,6,May,10:10:00,10,1,1,30
201501FH10311,-0.214359,51.474937,3,2,1,2015-06-15,2,June,08:29:00,8,1,1,30
201501FH10312,-0.202573,51.485368,3,2,1,2015-06-16,3,June,22:38:00,22,1,1,30
201501FH10313,-0.203643,51.487453,3,2,1,2015-06-06,7,June,18:20:00,18,1,1,30
201501FH10314,-0.224577,51.508454,3,1,1,2015-06-06,7,June,13:11:00,13,1,1,30
201501FH10315,-0.218536,51.482285,3,1,1,2015-06-15,2,June,08:30:00,8,9,1,30
201501FH10316,-0.219718,51.496331,3,2,1,2015-06-04,5,June,15:45:00,15,1,1,30
201501FH10317,-0.220152,51.485187,3,2,1,2015-06-19,6,June,08:10:00,8,1,1,30
201501FH10318,-0.249094,51.515477,3,2,1,2015-06-18,5,June,13:40:00,13,1,1,30
201501FH10320,-0.220432,51.503895,3,2,2,2015-06-16,3,June,15:05:00,15,1,1,30
201501FH10322,-0.207503,51.480858,3,2,1,2015-05-25,2,May,19:37:00,19,1,1,30
201501FH10323,-0.225037,51.492904,3,1,1,2015-06-18,5,June,11:56:00,11,1,1,30
201501FH10324,-0.215904,51.501758,3,2,1,2015-06-29,2,June,08:06:00,8,1,1,30
201501FH10325,-0.191239,51.473324,3,2,1,2015-06-22,2,June,15:45:00,15,1,1,30
201501FH10326,-0.203517,51.487001,3,2,1,2015-06-23,3,June,09:48:00,9,1,1,30
201501FH10327,-0.199446,51.480644,3,1,1,2015-06-26,6,June,14:57:00,14,1,1,30
201501FH10328,-0.219769,51.483922,3,2,1,2015-06-12,6,June,19:23:00,19,1,1,30
201501FH10329,-0.217554,51.485327,3,2,1,2015-06-15,2,June,21:38:00,21,1,1,30
201501FH10330,-0.222609,51.503479,3,1,1,2015-06-27,7,June,14:25:00,14,1,1,30
201501FH10331,-0.205059,51.484417,3,2,1,2015-06-27,7,June,01:19:00,1,1,1,30
201501FH10332,-0.235588,51.514376,3,2,1,2015-05-25,2,May,22:04:00,22,1,1,30
201501FH10333,-0.219416,51.50406,3,2,1,2015-07-02,5,July,21:05:00,21,1,1,30
201501FH10334,-0.223631,51.503135,3,2,2,2015-05-31,1,May,15:24:00,15,1,1,30
201501FH10335,-0.227273,51.516948,3,1,1,2015-06-25,5,June,08:45:00,8,1,1,30
201501FH10336,-0.228794,51.514903,3,2,1,2015-05-20,4,May,22:08:00,22,1,1,40
201501FH10337,-0.199518,51.486131,3,2,1,2015-07-04,7,July,00:05:00,0,1,1,30
201501FH10338,-0.198895,51.480006,3,2,1,2015-07-01,4,July,19:00:00,19,1,1,30
201501FH10340,-0.192996,51.476229,3,2,1,2015-07-07,3,July,11:02:00,11,1,1,30
201501FH10341,-0.208642,51.495892,3,1,1,2015-06-25,5,June,20:35:00,20,1,1,30
201501FH10342,-0.222217,51.487646,3,2,1,2015-06-29,2,June,17:39:00,17,1,1,30
201501FH10343,-0.229355,51.489283,3,2,1,2015-05-15,6,May,11:53:00,11,1,1,30
201501FH10344,-0.248868,51.513855,3,3,1,2015-06-18,5,June,06:36:00,6,1,1,40
201501FH10345,-0.224692,51.505489,3,2,1,2015-07-08,4,July,16:47:00,16,1,1,30
201501FH10346,-0.224603,51.515199,3,2,1,2015-07-07,3,July,17:50:00,17,1,1,40
201501FH10347,-0.223066,51.502856,3,2,1,2015-07-09,5,July,17:15:00,17,1,1,30
201501FH10348,-0.20835,51.495978,2,2,1,2015-07-19,1,July,19:59:00,19,1,1,30
201501FH10349,-0.239651,51.491236,3,2,1,2015-07-09,5,July,22:51:00,22,1,1,40
201501FH10350,-0.248349,51.497302,3,2,1,2015-07-13,2,July,09:40:00,9,1,1,30
201501FH10352,-0.22366,51.491265,2,2,3,2015-07-18,7,July,17:51:00,17,1,1,30
201501FH10353,-0.192264,51.480174,2,2,1,2015-07-04,7,July,10:25:00,10,1,1,30
201501FH10354,-0.224651,51.510254,3,2,1,2015-06-26,6,June,16:15:00,16,1,1,30
201501FH10355,-0.208452,51.467653,2,3,2,2015-07-20,2,July,20:00:00,20,1,1,30
201501FH10356,-0.183738,51.473658,3,2,1,2015-07-15,4,July,07:40:00,7,1,1,30
201501FH10357,-0.20464,51.47308,3,3,1,2015-07-17,6,July,08:26:00,8,1,1,30
201501FH10358,-0.231296,51.506128,3,2,1,2015-07-21,3,July,09:10:00,9,1,1,30
201501FH10359,-0.227414,51.51704,2,3,3,2015-07-21,3,July,19:49:00,19,1,1,30
201501FH10360,-0.216961,51.504202,3,2,1,2015-07-15,4,July,14:40:00,14,1,1,30
201501FH10361,-0.223021,51.489187,3,2,1,2015-07-23,5,July,08:00:00,8,1,1,30
201501FH10362,-0.184809,51.472056,3,2,1,2015-07-24,6,July,00:10:00,0,1,1,30
201501FH10363,-0.197183,51.486904,3,2,1,2015-07-05,1,July,10:30:00,10,1,1,30
201501FH10364,-0.191989,51.468929,3,1,1,2015-07-11,7,July,18:00:00,18,1,1,30
201501FH10365,-0.231769,51.51252,3,2,1,2015-07-04,7,July,19:30:00,19,1,1,30
201501FH10366,-0.212242,51.488574,3,1,1,2015-06-21,1,June,13:30:00,13,1,1,30
201501FH10367,-0.210558,51.469034,3,2,1,2015-07-18,7,July,19:40:00,19,1,1,30
201501FH10368,-0.184868,51.474215,3,2,2,2015-07-01,4,July,20:15:00,20,1,1,30
201501FH10369,-0.219978,51.504428,3,2,1,2015-07-10,6,July,15:45:00,15,1,1,30
201501FH10370,-0.23565,51.527685,3,2,1,2015-07-03,6,July,18:05:00,18,1,1,30
201501FH10371,-0.221578,51.515153,3,2,3,2015-07-25,7,July,15:02:00,15,1,1,30
201501FH10372,-0.239586,51.500408,3,2,1,2015-07-19,1,July,14:54:00,14,1,1,30
201501FH10373,-0.242735,51.493441,3,2,1,2015-07-16,5,July,20:03:00,20,1,1,30
201501FH10375,-0.236843,51.50801,3,2,1,2015-07-15,4,July,07:15:00,7,1,1,30
201501FH10376,-0.223878,51.493067,3,1,1,2015-07-14,3,July,15:00:00,15,1,1,30
201501FH10377,-0.225135,51.505226,3,2,1,2015-07-14,3,July,18:30:00,18,1,1,30
201501FH10378,-0.226687,51.502371,3,2,1,2015-07-25,7,July,17:25:00,17,1,1,30
201501FH10379,-0.189762,51.477887,3,2,1,2015-07-21,3,July,19:30:00,19,1,1,30
201501FH10380,-0.22596,51.50254,3,1,2,2015-07-23,5,July,20:25:00,20,1,1,30
201501FH10381,-0.24376,51.504247,3,1,1,2015-08-05,4,August,12:10:00,12,1,1,30
201501FH10382,-0.195294,51.480041,3,2,1,2015-06-30,3,June,08:10:00,8,2,2,30
201501FH10383,-0.18359,51.473745,3,2,1,2015-07-28,3,July,19:15:00,19,1,1,30
201501FH10384,-0.229518,51.492523,3,2,1,2015-07-29,4,July,17:09:00,17,1,1,30
201501FH10385,-0.199352,51.479384,3,2,2,2015-07-23,5,July,20:45:00,20,1,1,30
201501FH10386,-0.220723,51.50381,3,1,1,2015-08-06,5,August,14:55:00,14,1,1,30
201501FH10387,-0.204608,51.488547,3,2,1,2015-08-11,3,August,19:40:00,19,2,2,30
201501FH10388,-0.234598,51.506448,3,1,2,2015-07-22,4,July,17:40:00,17,1,1,30
201501FH10389,-0.201012,51.481118,3,2,1,2015-07-29,4,July,13:07:00,13,1,1,30
201501FH10390,-0.219852,51.503977,3,1,1,2015-07-21,3,July,16:04:00,16,1,1,30
201501FH10391,-0.192996,51.476229,3,2,1,2015-07-27,2,July,08:35:00,8,1,1,30
201501FH10392,-0.219262,51.504327,3,3,1,2015-07-30,5,July,08:40:00,8,1,1,30
201501FH10393,-0.235122,51.492877,3,2,1,2015-07-22,4,July,08:30:00,8,1,1,30
201501FH10394,-0.228758,51.489813,2,2,1,2015-08-04,3,August,16:13:00,16,1,1,30
201501FH10395,-0.220966,51.486458,3,1,1,2015-08-03,2,August,18:25:00,18,1,1,30
201501FH10396,-0.236104,51.497298,3,2,1,2015-07-18,7,July,11:58:00,11,1,1,30
201501FH10397,-0.224457,51.504136,2,1,1,2015-08-08,7,August,03:23:00,3,1,1,30
201501FH10398,-0.222069,51.487734,3,1,1,2015-08-10,2,August,09:30:00,9,1,1,30
201501FH10399,-0.200239,51.482455,3,3,1,2015-07-30,5,July,16:40:00,16,1,1,30
201501FH10400,-0.191703,51.472522,3,2,1,2015-08-14,6,August,16:30:00,16,1,1,30
201501FH10401,-0.211063,51.47084,3,2,1,2015-07-25,7,July,03:49:00,3,1,1,30
201501FH10402,-0.221271,51.504538,3,1,1,2015-08-17,2,August,23:52:00,23,1,1,30
201501FH10403,-0.214776,51.475303,3,2,1,2015-08-12,4,August,14:33:00,14,1,1,30
201501FH10404,-0.23503,51.506454,3,2,1,2015-08-14,6,August,21:45:00,21,2,2,30
201501FH10405,-0.203727,51.488983,3,2,1,2015-08-05,4,August,17:00:00,17,1,1,30
201501FH10406,-0.236005,51.503591,3,2,1,2015-08-24,2,August,10:15:00,10,2,2,30
201501FH10407,-0.22252,51.498352,3,2,1,2015-08-20,5,August,08:50:00,8,1,1,30
201501FH10408,-0.222194,51.499336,3,2,1,2015-08-12,4,August,15:42:00,15,1,1,30
201501FH10409,-0.244176,51.500926,3,2,1,2015-08-10,2,August,15:25:00,15,2,2,30
201501FH10410,-0.195222,51.474554,3,2,1,2015-08-19,4,August,18:00:00,18,2,2,30
201501FH10411,-0.199411,51.481543,3,2,1,2015-07-28,3,July,18:50:00,18,1,1,30
201501FH10412,-0.231296,51.506128,3,2,1,2015-08-06,5,August,19:20:00,19,1,1,30
201501FH10414,-0.232351,51.501198,3,2,1,2015-06-16,3,June,11:00:00,11,1,1,20
201501FH10416,-0.191829,51.472973,3,1,1,2015-08-25,3,August,16:28:00,16,1,1,30
201501FH10417,-0.22469,51.509265,3,2,1,2015-07-24,6,July,10:40:00,10,1,1,30
201501FH10418,-0.197331,51.486817,3,2,1,2015-08-26,4,August,22:50:00,22,1,1,30
201501FH10419,-0.1926,51.475323,3,2,1,2015-08-19,4,August,14:52:00,14,1,1,30
201501FH10420,-0.198755,51.479914,3,1,1,2015-08-24,2,August,19:15:00,19,2,2,30
201501FH10421,-0.221431,51.49303,3,1,1,2015-04-24,6,April,18:30:00,18,1,1,30
201501FH10422,-0.190175,51.467462,3,1,1,2015-08-29,7,August,08:50:00,8,1,1,30
201501FH10423,-0.218284,51.481382,3,2,1,2015-08-25,3,August,17:29:00,17,2,2,30
201501FH10424,-0.198755,51.479914,3,2,1,2015-08-24,2,August,15:56:00,15,2,2,30
201501FH10425,-0.201618,51.484005,3,2,1,2015-08-27,5,August,21:35:00,21,1,1,30
201501FH10426,-0.243504,51.503434,3,2,1,2015-08-19,4,August,22:00:00,22,1,1,30
201501FH10427,-0.220987,51.504443,3,1,1,2015-08-17,2,August,17:45:00,17,1,1,30
201501FH10428,-0.202299,51.485004,3,1,2,2015-08-10,2,August,13:00:00,13,1,1,30
201501FH10429,-0.189762,51.477887,3,2,1,2015-08-13,5,August,15:30:00,15,1,1,30
201501FH10430,-0.207044,51.496228,3,2,1,2015-09-04,6,September,21:15:00,21,1,1,30
201501FH10432,-0.224648,51.510344,3,2,1,2015-08-26,4,August,18:50:00,18,1,1,30
201501FH10433,-0.231868,51.506227,2,1,1,2015-09-02,4,September,21:15:00,21,2,2,30
201501FH10434,-0.23295,51.515505,3,1,1,2015-09-06,1,September,18:30:00,18,1,1,30
201501FH10435,-0.235266,51.492879,3,1,1,2015-09-06,1,September,14:30:00,14,1,1,30
201501FH10436,-0.22334,51.50322,3,2,1,2015-09-08,3,September,10:43:00,10,1,1,30
201501FH10438,-0.244822,51.49536,3,2,1,2015-08-04,3,August,17:55:00,17,1,1,30
201501FH10439,-0.191404,51.480071,3,1,1,2015-08-25,3,August,11:25:00,11,2,2,30
201501FH10440,-0.216961,51.504202,3,2,2,2015-09-11,6,September,07:57:00,7,1,1,30
201501FH10441,-0.228794,51.514903,3,2,1,2015-09-04,6,September,17:20:00,17,1,1,40
201501FH10442,-0.221303,51.503729,3,2,1,2015-08-20,5,August,09:20:00,9,1,1,30
201501FH10443,-0.193649,51.466976,3,2,1,2015-09-09,4,September,07:55:00,7,1,1,30
201501FH10444,-0.228065,51.518848,3,2,1,2015-08-29,7,August,10:26:00,10,1,1,30
201501FH10445,-0.227537,51.517582,3,2,1,2015-08-11,3,August,09:30:00,9,1,1,30
201501FH10446,-0.222871,51.493052,2,1,1,2015-09-02,4,September,18:27:00,18,1,1,30
201501FH10449,-0.198902,51.479827,3,1,1,2015-08-26,4,August,09:26:00,9,2,2,30
201501FH10450,-0.224918,51.492273,3,2,1,2015-08-30,1,August,00:45:00,0,2,2,30
201501FH10451,-0.224876,51.511876,3,1,1,2015-09-10,5,September,19:40:00,19,1,1,30
201501FH10453,-0.22124,51.486822,3,1,1,2015-09-21,2,September,17:45:00,17,2,2,30
201501FH10454,-0.199267,51.481541,3,2,1,2015-09-10,5,September,09:24:00,9,1,1,30
201501FH10455,-0.230093,51.492531,3,2,1,2015-09-14,2,September,08:00:00,8,1,1,30
201501FH10456,-0.210883,51.486485,3,5,1,2015-09-15,3,September,14:58:00,14,1,1,30
201501FH10457,-0.203236,51.47216,3,2,1,2015-09-15,3,September,08:35:00,8,1,1,30
201501FH10458,-0.195771,51.471595,3,2,1,2015-09-10,5,September,15:10:00,15,1,1,30
201501FH10459,-0.211305,51.468326,3,2,1,2015-09-23,4,September,18:45:00,18,1,1,30
201501FH10460,-0.199326,51.472729,3,1,1,2015-09-11,6,September,12:38:00,12,1,1,30
201501FH10461,-0.245253,51.514161,3,2,1,2015-09-18,6,September,19:28:00,19,1,1,40
201501FH10462,-0.212873,51.494518,3,2,1,2015-08-10,2,August,17:41:00,17,1,1,30
201501FH10463,-0.20271,51.48555,3,1,1,2015-09-16,4,September,11:53:00,11,2,2,30
201501FH10464,-0.23486,51.510858,3,2,1,2015-08-30,1,August,20:30:00,20,2,2,30
201501FH10466,-0.193429,51.472548,3,2,1,2015-09-11,6,September,07:30:00,7,1,1,30
201501FH10467,-0.208014,51.489858,2,2,1,2015-09-03,5,September,08:45:00,8,1,1,30
201501FH10469,-0.207635,51.49219,3,1,1,2015-09-03,5,September,17:10:00,17,1,1,30
201501FH10470,-0.200988,51.47806,3,2,1,2015-09-16,4,September,13:00:00,13,2,2,30
201501FH10471,-0.227273,51.516948,3,2,3,2015-09-11,6,September,15:40:00,15,1,1,30
201501FH10472,-0.245248,51.506787,3,2,2,2015-09-27,1,September,01:38:00,1,8,1,30
201501FH10473,-0.196441,51.480148,3,2,1,2015-08-08,7,August,15:30:00,15,1,1,30
201501FH10474,-0.226136,51.505421,3,1,1,2015-09-30,4,September,14:15:00,14,1,1,30
201501FH10475,-0.207188,51.474198,2,1,1,2015-09-17,5,September,16:30:00,16,1,1,30
201501FH10476,-0.224001,51.493608,2,2,1,2015-08-07,6,August,19:11:00,19,1,1,30
201501FH10477,-0.208968,51.472877,3,1,1,2015-09-20,1,September,15:50:00,15,1,1,30
201501FH10478,-0.200628,51.472569,3,2,1,2015-09-15,3,September,21:16:00,21,1,1,30
201501FH10479,-0.195729,51.479958,3,2,1,2015-09-15,3,September,17:40:00,17,1,1,30
201501FH10480,-0.201427,51.477887,3,2,1,2015-09-02,4,September,19:00:00,19,1,1,30
201501FH10481,-0.190644,51.477451,3,2,1,2015-09-15,3,September,08:27:00,8,1,1,30
201501FH10483,-0.243901,51.504339,3,1,1,2015-09-09,4,September,19:06:00,19,1,1,30
201501FH10485,-0.234402,51.492866,3,1,1,2015-09-21,2,September,15:30:00,15,1,1,30
201501FH10486,-0.248741,51.513404,3,2,1,2015-10-02,6,October,00:42:00,0,1,1,30
201501FH10487,-0.188898,51.466993,3,2,1,2015-09-29,3,September,18:00:00,18,1,1,30
201501FH10488,-0.238704,51.49338,3,1,1,2015-09-17,5,September,08:34:00,8,1,1,30
201501FH10489,-0.229876,51.494416,3,2,1,2015-09-09,4,September,16:37:00,16,1,1,30
201501FH10490,-0.203487,51.480437,3,1,1,2015-09-21,2,September,13:00:00,13,1,1,30
201501FH10491,-0.184511,51.472321,3,1,1,2015-09-30,4,September,08:55:00,8,1,1,30
201501FH10492,-0.240858,51.527224,3,2,1,2015-09-17,5,September,14:52:00,14,1,1,30
201501FH10493,-0.244191,51.49679,3,2,1,2015-09-20,1,September,14:55:00,14,1,1,30
201501FH10494,-0.221789,51.491237,3,2,2,2015-09-26,7,September,15:35:00,15,1,1,30
201501FH10495,-0.185137,51.471071,3,1,1,2015-10-01,5,October,16:15:00,16,1,1,30
201501FH10496,-0.216138,51.473616,3,2,1,2015-09-29,3,September,17:35:00,17,1,1,30
201501FH10497,-0.208045,51.492736,3,2,1,2015-10-04,1,October,19:00:00,19,1,1,30
201501FH10498,-0.204981,51.471737,3,1,1,2015-10-01,5,October,15:50:00,15,1,1,30
201501FH10499,-0.22714,51.505526,3,2,1,2015-09-30,4,September,08:00:00,8,1,1,30
201501FH10500,-0.237193,51.506397,3,1,2,2015-09-28,2,September,17:45:00,17,1,1,30
201501FH10501,-0.225233,51.502709,3,2,1,2015-10-02,6,October,14:10:00,14,1,1,30
201501FH10502,-0.203384,51.48673,3,1,1,2015-09-30,4,September,10:08:00,10,1,1,30
201501FH10503,-0.202422,51.485546,3,1,1,2015-10-01,5,October,12:50:00,12,1,1,30
201501FH10504,-0.245248,51.506787,3,2,2,2015-08-21,6,August,14:20:00,14,1,1,30
201501FH10505,-0.217652,51.479124,3,2,2,2015-09-19,7,September,17:15:00,17,1,1,30
201501FH10506,-0.203745,51.470189,3,2,1,2015-10-07,4,October,08:40:00,8,1,1,30
201501FH10507,-0.220426,51.485551,3,1,1,2015-10-02,6,October,12:45:00,12,1,1,30
201501FH10508,-0.222359,51.498799,3,2,1,2015-09-23,4,September,11:20:00,11,1,1,30
201501FH10509,-0.190784,51.477543,3,2,1,2015-10-06,3,October,07:35:00,7,1,1,30
201501FH10510,-0.215468,51.490781,3,5,1,2015-09-23,4,September,22:33:00,22,1,1,30
201501FH10511,-0.203643,51.487453,2,2,1,2015-10-16,6,October,14:20:00,14,1,1,30
201501FH10512,-0.208516,51.488067,3,2,1,2015-10-13,3,October,13:10:00,13,1,1,30
201501FH10513,-0.193699,51.473002,3,1,1,2015-10-12,2,October,15:20:00,15,1,1,30
201501FH10514,-0.222217,51.487646,3,1,1,2015-09-07,2,September,21:30:00,21,1,1,30
201501FH10515,-0.20202,51.477447,3,2,1,2015-10-14,4,October,14:30:00,14,1,1,30
201501FH10516,-0.222169,51.499965,3,3,1,2015-10-18,1,October,15:35:00,15,1,1,30
201501FH10517,-0.205833,51.475706,3,2,2,2015-10-09,6,October,21:06:00,21,1,1,30
201501FH10518,-0.230156,51.490914,3,3,2,2015-10-08,5,October,20:21:00,20,1,1,40
201501FH10519,-0.211604,51.468061,2,1,1,2015-10-16,6,October,06:53:00,6,1,1,30
201501FH10520,-0.213527,51.474115,3,2,1,2015-10-14,4,October,16:00:00,16,1,1,30
201501FH10521,-0.232396,51.50003,3,2,2,2015-09-25,6,September,15:25:00,15,1,1,30
201501FH10522,-0.220723,51.50381,3,2,1,2015-10-20,3,October,19:15:00,19,1,1,30
201501FH10523,-0.225143,51.51242,3,2,1,2015-10-18,1,October,05:30:00,5,1,1,30
201501FH10524,-0.18932,51.47815,3,2,1,2015-09-30,4,September,18:57:00,18,1,1,30
201501FH10525,-0.22628,51.505423,3,1,1,2015-10-13,3,October,20:24:00,20,1,1,30
201501FH10526,-0.218106,51.5044,3,1,1,2015-10-01,5,October,18:28:00,18,1,1,30
201501FH10528,-0.223421,51.490002,3,2,1,2015-10-20,3,October,10:00:00,10,1,1,30
201501FH10531,-0.197331,51.486817,3,2,1,2015-10-11,1,October,04:40:00,4,1,1,30
201501FH10532,-0.249159,51.51377,3,2,1,2015-10-15,5,October,22:40:00,22,1,1,30
201501FH10533,-0.237159,51.529686,3,2,1,2015-10-23,6,October,18:41:00,18,1,1,30
201501FH10535,-0.227105,51.491587,3,1,1,2015-09-10,5,September,11:18:00,11,1,1,30
201501FH10536,-0.203635,51.476662,3,2,1,2015-10-16,6,October,09:15:00,9,1,1,30
201501FH10537,-0.234613,51.509775,3,2,1,2015-10-14,4,October,13:15:00,13,1,1,30
201501FH10538,-0.219628,51.48383,3,2,1,2015-10-15,5,October,17:05:00,17,1,1,30
201501FH10539,-0.227266,51.50229,3,1,1,2015-10-29,5,October,17:00:00,17,1,1,30
201501FH10540,-0.224907,51.492543,3,2,1,2015-10-20,3,October,21:35:00,21,1,1,30
201501FH10541,-0.233927,51.516329,3,2,1,2015-10-15,5,October,15:25:00,15,1,1,30
201501FH10542,-0.222583,51.493047,3,2,1,2015-09-14,2,September,19:52:00,19,1,1,30
201501FH10543,-0.231599,51.490845,3,2,1,2015-09-21,2,September,08:52:00,8,1,1,30
201501FH10544,-0.245009,51.501748,3,3,3,2015-10-14,4,October,08:20:00,8,1,1,30
201501FH10545,-0.203727,51.488983,2,2,1,2015-10-29,5,October,10:09:00,10,1,1,30
201501FH10546,-0.18932,51.47815,3,2,1,2015-10-17,7,October,18:39:00,18,1,1,30
201501FH10547,-0.192408,51.480176,3,1,1,2015-10-17,7,October,19:43:00,19,1,1,30
201501FH10548,-0.24453,51.510463,3,2,2,2015-10-20,3,October,14:19:00,14,1,1,30
201501FH10549,-0.224873,51.511966,3,2,1,2015-10-29,5,October,08:15:00,8,1,1,30
201501FH10550,-0.23364,51.501397,3,2,1,2015-10-25,1,October,14:17:00,14,1,1,30
201501FH10551,-0.24086,51.493503,2,2,1,2015-11-04,4,November,22:46:00,22,1,1,30
201501FH10552,-0.224587,51.504498,3,2,1,2015-10-20,3,October,21:15:00,21,1,1,30
201501FH10553,-0.21174,51.482991,3,1,1,2015-10-29,5,October,18:30:00,18,2,2,30
201501FH10554,-0.190582,51.468098,3,1,1,2015-10-24,7,October,18:00:00,18,1,1,30
201501FH10555,-0.200625,51.472659,3,2,1,2015-10-29,5,October,12:05:00,12,1,1,30
201501FH10557,-0.202713,51.48546,3,2,1,2015-10-08,5,October,04:10:00,4,1,1,30
201501FH10559,-0.200653,51.482911,3,2,1,2015-11-08,1,November,14:35:00,14,1,1,30
201501FH10560,-0.195729,51.479958,3,2,1,2015-10-21,4,October,22:54:00,22,2,2,30
201501FH10561,-0.200625,51.472659,3,2,1,2015-10-14,4,October,08:30:00,8,1,1,30
201501FH10562,-0.214776,51.475303,3,2,1,2015-09-28,2,September,23:12:00,23,1,1,30
201501FH10563,-0.242126,51.501795,2,1,1,2015-11-13,6,November,10:09:00,10,1,1,30
201501FH10564,-0.221882,51.503648,3,2,4,2015-10-06,3,October,13:30:00,13,1,1,30
201501FH10565,-0.224134,51.505031,3,2,1,2015-11-12,5,November,21:00:00,21,1,1,30
201501FH10566,-0.22628,51.505423,3,1,1,2015-10-09,6,October,22:15:00,22,1,1,30
201501FH10567,-0.220829,51.486276,3,2,1,2015-11-02,2,November,14:17:00,14,1,1,30
201501FH10568,-0.228758,51.489813,3,1,1,2015-11-02,2,November,11:00:00,11,1,1,30
201501FH10569,-0.225851,51.505326,3,2,1,2015-11-12,5,November,08:45:00,8,1,1,30
201501FH10571,-0.188431,51.478766,3,1,1,2015-08-24,2,August,15:45:00,15,1,1,30
201501FH10572,-0.228304,51.520111,3,2,1,2015-11-02,2,November,11:00:00,11,1,1,30
201501FH10573,-0.211179,51.471562,3,2,1,2015-09-01,3,September,21:10:00,21,8,2,30
201501FH10574,-0.208813,51.469457,3,2,1,2015-11-10,3,November,08:20:00,8,1,1,30
201501FH10575,-0.221988,51.504638,3,1,1,2015-11-11,4,November,11:18:00,11,1,1,30
201501FH10576,-0.221844,51.504636,3,1,1,2015-11-02,2,November,19:05:00,19,1,1,30
201501FH10577,-0.207168,51.489395,3,2,1,2015-10-26,2,October,18:20:00,18,1,1,30
201501FH10578,-0.227801,51.518215,3,2,1,2015-10-31,7,October,19:51:00,19,1,1,30
201501FH10579,-0.21934,51.509724,3,2,2,2015-10-29,5,October,19:00:00,19,1,1,30
201501FH10580,-0.226061,51.514772,3,2,1,2015-11-09,2,November,18:50:00,18,1,1,30
201501FH10581,-0.192399,51.476759,3,2,1,2015-11-12,5,November,07:50:00,7,1,1,30
201501FH10582,-0.197014,51.480247,3,1,1,2015-11-08,1,November,00:35:00,0,1,1,30
201501FH10583,-0.215904,51.501758,3,2,1,2015-10-13,3,October,08:35:00,8,1,1,30
201501FH10584,-0.237337,51.506399,3,1,1,2015-10-08,5,October,13:50:00,13,1,1,30
201501FH10586,-0.225006,51.512238,3,2,1,2015-11-04,4,November,11:15:00,11,1,1,30
201501FH10587,-0.191948,51.473605,3,2,1,2015-11-07,7,November,19:45:00,19,1,1,30
201501FH10588,-0.221799,51.48728,3,1,1,2015-09-25,6,September,13:33:00,13,1,1,30
201501FH10589,-0.198308,51.472983,3,2,1,2015-11-08,1,November,13:30:00,13,1,1,30
201501FH10590,-0.224358,51.502966,3,2,1,2015-11-06,6,November,09:45:00,9,1,1,30
201501FH10591,-0.220647,51.513161,3,2,1,2015-11-08,1,November,14:26:00,14,1,1,40
201501FH10592,-0.237879,51.499842,3,2,1,2015-11-09,2,November,12:15:00,12,1,1,30
201501FH10593,-0.224682,51.505758,3,2,1,2015-11-20,6,November,18:50:00,18,1,1,30
201501FH10594,-0.207503,51.480858,3,2,1,2015-11-17,3,November,07:03:00,7,2,2,30
201501FH10595,-0.218751,51.487863,3,2,1,2015-11-19,5,November,16:55:00,16,1,2,30
201501FH10596,-0.234291,51.503206,3,1,1,2015-11-10,3,November,10:55:00,10,1,1,30
201501FH10597,-0.200383,51.482457,3,1,1,2015-11-10,3,November,13:30:00,13,1,1,30
201501FH10598,-0.214917,51.49383,3,2,1,2015-11-03,3,November,08:14:00,8,1,1,30
201501FH10599,-0.224601,51.507825,2,1,1,2015-11-28,7,November,19:50:00,19,1,1,30
201501FH10600,-0.203671,51.472076,3,2,1,2015-11-19,5,November,07:30:00,7,1,1,30
201501FH10601,-0.193649,51.466976,3,2,1,2015-11-10,3,November,18:30:00,18,1,1,30
201501FH10602,-0.224689,51.505579,3,2,1,2015-11-16,2,November,14:58:00,14,1,1,30
201501FH10603,-0.193559,51.480194,3,1,1,2015-11-25,4,November,07:15:00,7,1,1,30
201501FH10604,-0.209334,51.489249,3,2,1,2015-11-01,1,November,14:20:00,14,1,1,30
201501FH10605,-0.238211,51.491215,3,2,1,2015-11-18,4,November,18:15:00,18,1,1,30
201501FH10606,-0.200089,51.478946,3,2,1,2015-11-16,2,November,16:58:00,16,1,1,30
201501FH10607,-0.189631,51.466645,3,2,1,2015-11-23,2,November,13:58:00,13,1,1,30
201501FH10608,-0.20879,51.488431,3,2,1,2015-11-27,6,November,18:10:00,18,1,1,30
201501FH10609,-0.224657,51.506387,3,2,1,2015-11-24,3,November,08:10:00,8,1,1,30
201501FH10610,-0.223998,51.493698,3,1,1,2015-11-27,6,November,15:45:00,15,2,2,30
201501FH10611,-0.223343,51.50313,2,2,1,2015-10-30,6,October,09:50:00,9,1,1,30
201501FH10612,-0.216054,51.483146,3,2,1,2015-11-05,5,November,12:10:00,12,1,1,30
201501FH10613,-0.227924,51.518756,3,2,1,2015-09-12,7,September,19:00:00,19,1,1,30
201501FH10614,-0.200985,51.47815,3,2,1,2015-11-26,5,November,18:05:00,18,1,1,30
201501FH10615,-0.222194,51.499336,3,3,1,2015-11-18,4,November,10:30:00,10,1,1,30
201501FH10616,-0.189487,51.466642,3,2,1,2015-12-03,5,December,08:35:00,8,1,1,30
201501FH10619,-0.191948,51.473605,3,2,1,2015-11-18,4,November,09:15:00,9,1,1,30
201501FH10620,-0.221127,51.504535,3,1,1,2015-11-16,2,November,21:59:00,21,2,2,30
201501FH10621,-0.236482,51.532284,3,2,1,2015-11-20,6,November,13:20:00,13,1,1,30
201501FH10622,-0.224857,51.504952,2,1,1,2015-11-17,3,November,21:25:00,21,1,1,30
201501FH10623,-0.223203,51.503038,2,2,1,2015-11-28,7,November,17:46:00,17,2,2,30
201501FH10624,-0.21419,51.493999,3,2,1,2015-11-26,5,November,22:00:00,22,2,2,30
201501FH10625,-0.239786,51.506436,3,2,1,2015-12-03,5,December,12:34:00,12,1,1,30
201501FH10626,-0.203714,51.485656,2,2,1,2015-11-04,4,November,19:00:00,19,1,1,30
201501FH10627,-0.21406,51.482576,2,2,1,2015-12-05,7,December,12:30:00,12,2,2,30
201501FH10628,-0.203671,51.472076,3,1,1,2015-11-15,1,November,09:16:00,9,1,1,30
201501FH10629,-0.22591,51.514949,3,2,1,2015-11-27,6,November,13:00:00,13,2,2,30
201501FH10630,-0.206286,51.475174,3,2,1,2015-11-28,7,November,19:45:00,19,1,1,30
201501FH10632,-0.210263,51.46921,3,2,1,2015-12-01,3,December,21:10:00,21,1,1,30
201501FH10633,-0.228725,51.520387,2,2,1,2015-12-09,4,December,09:10:00,9,1,1,30
201501FH10634,-0.234612,51.491161,3,2,1,2015-11-26,5,November,19:04:00,19,1,1,40
201501FH10635,-0.234062,51.49421,3,2,1,2015-12-06,1,December,18:10:00,18,1,1,30
201501FH10636,-0.195729,51.479958,3,2,1,2015-12-10,5,December,20:07:00,20,2,2,30
201501FH10637,-0.20977,51.489165,3,2,1,2015-12-14,2,December,08:45:00,8,1,1,30
201501FH10638,-0.243634,51.503796,3,2,3,2015-12-06,1,December,10:15:00,10,1,1,30
201501FH10639,-0.191461,51.471349,3,2,1,2015-12-10,5,December,23:03:00,23,1,1,30
201501FH10640,-0.186072,51.480168,3,2,1,2015-10-15,5,October,19:03:00,19,1,1,30
201501FH10642,-0.247207,51.515809,2,2,1,2015-12-16,4,December,11:10:00,11,1,1,30
201501FH10643,-0.2249,51.492723,3,1,1,2015-12-15,3,December,13:05:00,13,1,1,30
201501FH10644,-0.204332,51.484586,3,2,1,2015-12-11,6,December,16:15:00,16,1,1,30
201501FH10645,-0.234607,51.495027,3,2,1,2015-12-13,1,December,19:55:00,19,2,2,30
201501FH10646,-0.237355,51.498486,3,1,1,2015-11-17,3,November,12:49:00,12,2,2,30
201501FH10647,-0.240639,51.499254,3,1,1,2015-12-03,5,December,18:35:00,18,2,2,30
201501FH10648,-0.192511,51.47757,3,2,1,2015-12-11,6,December,23:57:00,23,4,1,30
201501FH10649,-0.198607,51.480002,3,2,1,2015-12-16,4,December,18:15:00,18,1,1,30
201501FH10650,-0.22124,51.486822,3,1,1,2015-11-19,5,November,13:34:00,13,2,2,30
201501FH10651,-0.211305,51.468326,3,2,1,2015-12-09,4,December,18:45:00,18,1,1,30
201501FH10653,-0.235554,51.500347,3,2,1,2015-12-12,7,December,18:54:00,18,5,2,30
201501FH10654,-0.220966,51.486458,3,2,1,2015-12-12,7,December,17:20:00,17,1,1,30
201501FH10655,-0.199965,51.482091,3,2,4,2015-12-06,1,December,16:10:00,16,1,1,30
201501FH10656,-0.202909,51.476831,3,2,1,2015-12-05,7,December,09:11:00,9,1,1,30
201501FH10657,-0.193559,51.480194,3,2,1,2015-12-16,4,December,13:35:00,13,1,1,30
201501FH10658,-0.234694,51.49278,3,2,2,2015-12-22,3,December,12:00:00,12,2,2,30
201501FH10659,-0.230472,51.490199,3,1,1,2015-12-17,5,December,09:30:00,9,1,1,30
201501FH10660,-0.187132,51.467955,2,1,1,2015-12-15,3,December,19:15:00,19,1,1,30
201501FH10661,-0.22469,51.509265,3,2,1,2015-12-23,4,December,17:06:00,17,1,1,30
201501FH10662,-0.235657,51.527506,3,2,2,2015-12-09,4,December,09:55:00,9,1,1,30
201501FH10663,-0.224316,51.504044,3,2,1,2015-12-18,6,December,13:20:00,13,1,1,30
201501FH10664,-0.243634,51.503796,3,2,1,2015-12-22,3,December,21:45:00,21,1,2,30
201501FH10665,-0.200927,51.483275,3,1,1,2015-12-16,4,December,11:00:00,11,1,1,30
201501FH10667,-0.217246,51.504297,3,2,1,2015-12-03,5,December,17:00:00,17,1,1,30
201501FH10670,-0.198017,51.473069,3,2,1,2015-12-26,7,December,18:08:00,18,1,1,30
201501FH10672,-0.234825,51.511756,3,1,1,2015-12-31,5,December,14:45:00,14,1,1,30
201501FH10673,-0.190352,51.477537,2,2,1,2015-12-01,3,December,17:00:00,17,1,1,30
201501FH10674,-0.22846,51.490079,3,2,1,2015-12-24,5,December,20:43:00,20,1,1,30
201501FH10676,-0.200653,51.482911,3,2,1,2015-12-31,5,December,20:40:00,20,2,2,30
201501FH19004,-0.202576,51.485278,3,2,1,2015-12-18,6,December,15:30:00,15,1,1,30
201501FH19007,-0.192849,51.476316,3,2,4,2015-12-29,3,December,18:10:00,18,1,1,30
201501FH19008,-0.219084,51.483012,3,2,1,2015-12-23,4,December,11:35:00,11,1,1,30
201501FH19009,-0.226061,51.514772,3,2,2,2015-12-17,5,December,22:17:00,22,1,1,30
201501FH19010,-0.237193,51.506397,3,1,1,2015-12-18,6,December,21:39:00,21,1,1,30
201501FH19011,-0.21883,51.504321,3,2,1,2015-12-28,2,December,19:04:00,19,1,1,30
201501FH19012,-0.240428,51.493496,3,2,1,2015-12-30,4,December,15:15:00,15,1,1,30
201501FH19029,-0.227537,51.517582,3,2,2,2015-12-28,2,December,20:11:00,20,1,1,30
201501FH19034,-0.229431,51.50592,2,2,1,2015-12-30,4,December,17:40:00,17,2,2,30
201501GD10001,-0.080158,51.533067,2,1,2,2015-01-09,6,January,21:40:00,21,9,1,30
201501GD10002,-0.07549,51.548008,3,1,1,2015-01-10,7,January,12:38:00,12,5,2,30
201501GD10004,-0.076454,51.542269,3,1,1,2015-01-11,1,January,02:20:00,2,1,1,30
201501GD10007,-0.081321,51.525982,3,2,1,2015-01-02,6,January,05:05:00,5,1,1,30
201501GD10008,-0.077708,51.522775,2,1,3,2015-01-13,3,January,09:20:00,9,1,1,40
201501GD10011,-0.063004,51.560122,3,2,1,2015-01-04,1,January,17:45:00,17,1,1,30
201501GD10012,-0.070626,51.560698,3,2,2,2015-01-14,4,January,08:05:00,8,1,1,30
201501GD10013,-0.091256,51.564182,3,1,1,2015-01-14,4,January,16:10:00,16,1,1,30
201501GD10015,-0.088209,51.526724,3,1,1,2015-01-07,4,January,19:05:00,19,2,2,30
201501GD10016,-0.077068,51.534545,3,2,1,2015-01-16,6,January,18:30:00,18,2,2,30
201501GD10017,-0.073229,51.563978,3,1,1,2015-01-16,6,January,19:32:00,19,8,2,30
201501GD10019,-0.047996,51.546745,3,1,1,2015-01-05,2,January,12:30:00,12,1,1,30
201501GD10020,-0.070144,51.534611,3,2,1,2015-01-01,5,January,04:00:00,4,1,1,30
201501GD10021,-0.037175,51.546834,3,1,1,2015-01-04,1,January,15:40:00,15,1,1,30
201501GD10022,-0.096036,51.570645,3,2,1,2015-01-01,5,January,22:30:00,22,2,2,30
201501GD10023,-0.086706,51.531645,3,2,1,2015-01-20,3,January,19:35:00,19,1,1,30
201501GD10024,-0.086436,51.531191,3,1,1,2015-01-17,7,January,17:33:00,17,1,1,30
201501GD10025,-0.082285,51.561338,3,2,1,2015-01-17,7,January,15:31:00,15,1,1,40
201501GD10028,-0.084986,51.541689,3,2,1,2015-01-12,2,January,19:19:00,19,2,2,30
201501GD10029,-0.103948,51.564298,3,1,1,2015-01-13,3,January,16:45:00,16,1,1,30
201501GD10031,-0.070236,51.559702,3,1,1,2015-01-21,4,January,13:18:00,13,8,4,30
201501GD10034,-0.055528,51.556132,3,2,1,2015-01-14,4,January,19:10:00,19,2,2,30
201501GD10035,-0.072929,51.571077,3,2,1,2015-01-13,3,January,15:10:00,15,1,2,30
201501GD10036,-0.074739,51.55555,3,2,1,2015-01-24,7,January,20:39:00,20,1,1,30
201501GD10037,-0.037396,51.555111,3,1,1,2015-01-23,6,January,18:30:00,18,1,1,30
201501GD10041,-0.053756,51.550347,3,2,1,2015-01-18,1,January,18:00:00,18,1,1,30
201501GD10042,-0.046195,51.55175,3,2,1,2015-01-19,2,January,08:00:00,8,1,1,30
201501GD10043,-0.076658,51.540833,2,1,2,2015-01-20,3,January,09:45:00,9,1,4,30
201501GD10044,-0.071832,51.573127,3,2,4,2015-01-18,1,January,23:00:00,23,1,2,40
201501GD10045,-0.078034,51.528716,3,1,1,2015-01-07,4,January,18:25:00,18,8,2,30
201501GD10046,-0.077284,51.53284,3,1,1,2015-01-07,4,January,17:00:00,17,1,1,30
201501GD10047,-0.034066,51.545343,3,1,1,2015-01-18,1,January,09:45:00,9,1,1,40
201501GD10048,-0.069041,51.557254,3,1,1,2015-01-08,5,January,08:15:00,8,2,2,30
201501GD10049,-0.06403,51.539367,3,3,2,2015-01-27,3,January,16:00:00,16,1,2,30
201501GD10050,-0.072261,51.573224,2,1,1,2015-01-29,5,January,07:18:00,7,8,2,40
201501GD10052,-0.055035,51.564307,3,2,1,2015-01-29,5,January,13:00:00,13,1,1,30
201501GD10053,-0.095459,51.52918,3,2,1,2015-01-15,5,January,08:55:00,8,1,1,30
201501GD10054,-0.076969,51.536882,3,2,1,2015-01-26,2,January,07:40:00,7,1,1,30
201501GD10055,-0.033513,51.544794,2,2,1,2015-01-22,5,January,22:25:00,22,1,1,40
201501GD10056,-0.07571,51.546213,3,1,1,2015-01-30,6,January,13:09:00,13,1,1,30
201501GD10058,-0.077704,51.522865,3,2,1,2015-01-30,6,January,19:53:00,19,1,1,30
201501GD10059,-0.077852,51.522778,3,1,2,2015-02-01,1,February,03:29:00,3,1,1,30
201501GD10060,-0.070626,51.560698,3,2,1,2015-02-01,1,February,16:43:00,16,1,1,30
201501GD10061,-0.072247,51.546246,2,2,1,2015-01-18,1,January,12:35:00,12,1,1,30
201501GD10062,-0.074739,51.55555,3,2,1,2015-02-02,2,February,08:18:00,8,8,1,30
201501GD10064,-0.082986,51.530955,3,2,1,2015-01-23,6,January,19:18:00,19,8,1,30
201501GD10065,-0.078132,51.526379,3,1,1,2015-02-01,1,February,04:50:00,4,2,2,30
201501GD10067,-0.059704,51.549547,3,2,1,2015-01-17,7,January,20:30:00,20,1,1,30
201501GD10068,-0.07408,51.53018,3,2,1,2015-01-23,6,January,07:30:00,7,1,4,30
201501GD10069,-0.086199,51.567787,3,1,1,2015-01-20,3,January,08:39:00,8,1,4,30
201501GD10070,-0.079686,51.523707,2,2,1,2015-01-08,5,January,23:10:00,23,1,1,30
201501GD10071,-0.081816,51.569064,3,1,1,2015-02-03,3,February,18:05:00,18,1,1,30
201501GD10074,-0.075824,51.550352,3,2,2,2015-02-03,3,February,12:20:00,12,1,1,30
201501GD10075,-0.047077,51.547988,3,2,1,2015-01-25,1,January,15:16:00,15,1,1,30
201501GD10076,-0.042283,51.548808,3,1,1,2015-01-23,6,January,17:15:00,17,1,1,30
201501GD10077,-0.036046,51.549603,3,2,1,2015-01-23,6,January,09:00:00,9,1,2,30
201501GD10078,-0.084255,51.565957,3,2,1,2015-01-24,7,January,18:26:00,18,1,1,30
201501GD10079,-0.090621,51.572445,3,2,1,2015-01-20,3,January,23:00:00,23,1,1,40
201501GD10081,-0.072247,51.546246,3,2,1,2015-02-03,3,February,10:38:00,10,1,2,30
201501GD10083,-0.085508,51.567056,2,1,1,2015-02-05,5,February,10:10:00,10,1,1,30
201501GD10084,-0.070189,51.540367,3,2,1,2015-02-05,5,February,10:25:00,10,3,2,30
201501GD10086,-0.044732,51.538777,3,3,1,2015-02-05,5,February,17:40:00,17,1,1,30
201501GD10087,-0.102878,51.56572,3,2,1,2015-02-05,5,February,12:22:00,12,1,1,30
201501GD10088,-0.059513,51.564201,3,2,1,2015-02-05,5,February,11:39:00,11,2,2,30
201501GD10089,-0.047468,51.548984,3,1,1,2015-02-06,6,February,09:45:00,9,1,1,30
201501GD10090,-0.090517,51.557696,3,1,1,2015-01-21,4,January,20:29:00,20,1,1,30
201501GD10091,-0.096036,51.570645,3,2,1,2015-02-06,6,February,16:42:00,16,1,1,30
201501GD10092,-0.096036,51.570645,3,2,1,2015-02-08,1,February,09:40:00,9,1,1,30
201501GD10093,-0.07346,51.56533,2,2,1,2015-02-01,1,February,20:06:00,20,1,1,30
201501GD10096,-0.059852,51.549459,3,2,1,2015-02-09,2,February,11:55:00,11,1,1,30
201501GD10097,-0.055488,51.543542,3,1,1,2015-02-03,3,February,12:49:00,12,1,2,30
201501GD10100,-0.05521,51.546685,3,2,1,2015-02-01,1,February,01:59:00,1,1,1,30
201501GD10101,-0.094395,51.56846,3,2,1,2015-02-05,5,February,07:39:00,7,1,1,30
201501GD10102,-0.07109,51.549734,3,2,1,2015-02-04,4,February,16:38:00,16,8,1,30
201501GD10106,-0.092568,51.563844,3,2,3,2015-02-13,6,February,20:27:00,20,1,2,30
201501GD10107,-0.079398,51.523702,3,2,2,2015-02-15,1,February,02:42:00,2,1,2,30
201501GD10108,-0.079398,51.523702,3,1,1,2015-02-15,1,February,17:25:00,17,1,1,30
201501GD10111,-0.046453,51.54573,3,2,1,2015-02-16,2,February,18:00:00,18,2,2,30
201501GD10112,-0.08644,51.531101,3,2,1,2015-02-23,2,February,07:00:00,7,8,1,30
201501GD10113,-0.082031,51.536515,3,2,1,2015-02-16,2,February,17:27:00,17,2,2,30
201501GD10115,-0.066518,51.558921,3,1,1,2015-02-18,4,February,15:00:00,15,1,1,30
201501GD10116,-0.098755,51.560797,3,2,1,2015-02-17,3,February,10:50:00,10,1,1,30
201501GD10117,-0.049733,51.553338,3,4,1,2015-02-18,4,February,02:00:00,2,1,1,30
201501GD10118,-0.074955,51.553845,3,2,1,2015-02-17,3,February,16:08:00,16,1,2,30
201501GD10119,-0.095888,51.570732,3,1,1,2015-01-08,5,January,20:30:00,20,1,1,30
201501GD10120,-0.059419,51.549452,3,3,1,2015-01-08,5,January,21:30:00,21,1,1,30
201501GD10121,-0.082159,51.526625,3,2,1,2015-01-08,5,January,16:00:00,16,1,1,30
201501GD10122,-0.073237,51.563798,3,2,1,2015-01-06,3,January,17:05:00,17,1,1,30
201501GD10123,-0.07814,51.5262,3,2,1,2015-01-05,2,January,08:10:00,8,1,1,30
201501GD10124,-0.086436,51.531191,3,2,1,2015-01-05,2,January,11:00:00,11,1,1,30
201501GD10125,-0.094259,51.568278,3,2,1,2015-01-08,5,January,18:15:00,18,1,1,30
201501GD10126,-0.066814,51.534916,3,2,1,2015-01-08,5,January,20:55:00,20,5,2,30
201501GD10128,-0.079251,51.527207,3,1,1,2015-02-06,6,February,18:45:00,18,1,1,30
201501GD10129,-0.064476,51.545849,3,1,1,2015-02-07,7,February,12:40:00,12,1,1,30
201501GD10130,-0.092568,51.563844,3,2,1,2015-02-08,1,February,01:00:00,1,1,1,30
201501GD10131,-0.049589,51.553336,3,2,1,2015-02-19,5,February,23:05:00,23,4,2,30
201501GD10132,-0.095319,51.529088,3,2,1,2015-02-18,4,February,07:30:00,7,1,1,30
201501GD10133,-0.076454,51.542269,3,2,2,2015-02-23,2,February,03:35:00,3,1,2,30
201501GD10134,-0.046192,51.545096,3,2,1,2015-02-07,7,February,10:40:00,10,1,2,30
201501GD10135,-0.058286,51.56589,2,3,1,2015-02-19,5,February,13:20:00,13,2,2,30
201501GD10136,-0.090765,51.572448,3,2,1,2015-02-08,1,February,17:50:00,17,1,1,30
201501GD10138,-0.060692,51.567008,3,2,1,2015-02-11,4,February,17:10:00,17,1,1,30
201501GD10140,-0.102135,51.566247,3,2,1,2015-02-07,7,February,23:40:00,23,1,1,30
201501GD10141,-0.082215,51.525277,3,2,1,2015-02-10,3,February,20:07:00,20,1,1,30
201501GD10142,-0.059707,51.549457,3,2,3,2015-02-11,4,February,17:05:00,17,1,1,30
201501GD10143,-0.073172,51.565326,3,1,2,2015-02-13,6,February,12:30:00,12,1,1,30
201501GD10144,-0.068366,51.556164,3,2,1,2015-02-12,5,February,12:20:00,12,1,1,30
201501GD10145,-0.055388,51.55604,3,2,1,2015-02-09,2,February,20:15:00,20,1,1,30
201501GD10147,-0.055047,51.547131,3,2,1,2015-02-15,1,February,16:35:00,16,1,1,30
201501GD10148,-0.07302,51.565503,3,1,1,2015-01-24,7,January,11:40:00,11,1,1,30
201501GD10149,-0.076454,51.542269,2,1,1,2015-02-13,6,February,23:15:00,23,1,1,30
201501GD10150,-0.095319,51.529088,3,2,1,2015-02-02,2,February,09:00:00,9,1,1,30
201501GD10153,-0.048568,51.560333,3,3,2,2015-02-26,5,February,17:07:00,17,1,2,30
201501GD10155,-0.096036,51.570645,3,2,6,2015-02-12,5,February,13:10:00,13,1,1,30
201501GD10156,-0.065938,51.538589,3,2,1,2015-02-23,2,February,13:00:00,13,1,1,30
201501GD10157,-0.022673,51.551986,3,2,1,2015-03-01,1,March,06:56:00,6,1,1,20
201501GD10159,-0.071744,51.530861,2,1,1,2015-02-28,7,February,02:50:00,2,4,1,30
201501GD10160,-0.076237,51.543974,3,2,1,2015-03-01,1,March,14:30:00,14,9,1,30
201501GD10161,-0.074766,51.554921,3,3,1,2015-02-28,7,February,02:05:00,2,1,1,30
201501GD10162,-0.047221,51.561479,3,1,1,2015-02-11,4,February,15:11:00,15,1,1,30
201501GD10163,-0.075744,51.528319,3,2,1,2015-02-23,2,February,07:45:00,7,1,1,30
201501GD10164,-0.054982,51.555404,3,1,1,2015-01-21,4,January,18:12:00,18,1,1,30
201501GD10165,-0.06071,51.546236,3,2,2,2015-02-24,3,February,19:48:00,19,1,1,30
201501GD10167,-0.078697,51.523241,3,2,1,2015-02-28,7,February,02:59:00,2,1,1,30
201501GD10168,-0.047077,51.547988,3,2,1,2015-02-22,1,February,05:15:00,5,1,2,30
201501GD10170,-0.068579,51.551132,3,2,1,2015-01-02,6,January,15:40:00,15,9,1,30
201501GD10172,-0.07723,51.530681,3,2,1,2015-02-27,6,February,20:50:00,20,1,1,30
201501GD10173,-0.070189,51.540367,3,2,1,2015-03-03,3,March,20:10:00,20,1,1,30
201501GD10174,-0.089617,51.555073,3,2,1,2015-03-01,1,March,14:15:00,14,4,1,30
201501GD10175,-0.051703,51.551123,3,1,2,2015-03-03,3,March,10:07:00,10,1,1,30
201501GD10176,-0.028177,51.548122,3,3,2,2015-03-04,4,March,15:30:00,15,1,1,50
201501GD10177,-0.079398,51.523702,2,1,1,2015-03-06,6,March,09:04:00,9,1,1,30
201501GD10178,-0.070462,51.537314,3,1,1,2015-03-05,5,March,15:49:00,15,1,1,30
201501GD10179,-0.076761,51.538407,3,2,1,2015-03-05,5,March,19:39:00,19,8,1,30
201501GD10180,-0.071815,51.546239,3,2,1,2015-03-06,6,March,07:30:00,7,8,1,30
201501GD10181,-0.077852,51.522778,3,2,1,2015-03-07,7,March,10:49:00,10,1,1,30
201501GD10182,-0.072824,51.546256,3,1,1,2015-03-07,7,March,13:10:00,13,1,1,30
201501GD10183,-0.077284,51.53284,3,1,1,2015-03-03,3,March,16:00:00,16,1,1,30
201501GD10185,-0.062451,51.545995,3,2,3,2015-03-07,7,March,16:00:00,16,1,1,30
201501GD10186,-0.07499,51.546201,3,1,1,2015-03-10,3,March,00:30:00,0,1,1,30
201501GD10187,-0.093514,51.565388,3,2,1,2015-03-08,1,March,16:30:00,16,1,1,30
201501GD10189,-0.089839,51.536013,3,2,1,2015-03-08,1,March,18:39:00,18,1,1,30
201501GD10191,-0.060297,51.566103,3,2,1,2015-01-21,4,January,21:45:00,21,1,1,30
201501GD10192,-0.092153,51.528946,3,2,1,2015-03-09,2,March,17:15:00,17,1,1,30
201501GD10194,-0.104062,51.56502,3,2,1,2015-03-10,3,March,22:54:00,22,1,1,30
201501GD10195,-0.034376,51.551553,3,2,1,2015-03-10,3,March,18:10:00,18,1,1,30
201501GD10196,-0.088521,51.553707,3,1,1,2015-02-27,6,February,16:29:00,16,1,1,30
201501GD10199,-0.027324,51.547838,2,2,1,2015-03-11,4,March,10:06:00,10,1,1,30
201501GD10201,-0.055214,51.546595,3,2,1,2015-03-11,4,March,15:54:00,15,1,1,30
201501GD10202,-0.06494,51.575711,3,2,1,2015-03-11,4,March,18:24:00,18,1,1,30
201501GD10203,-0.081257,51.561771,3,1,1,2015-03-13,6,March,12:05:00,12,1,1,30
201501GD10205,-0.075486,51.548098,3,1,1,2015-03-13,6,March,16:45:00,16,1,1,30
201501GD10206,-0.047992,51.546834,3,1,1,2015-03-15,1,March,18:42:00,18,1,1,30
201501GD10207,-0.022287,51.5509,3,3,3,2015-03-13,6,March,15:30:00,15,1,1,50
201501GD10208,-0.055144,51.558374,3,2,1,2015-03-13,6,March,14:00:00,14,1,1,30
201501GD10211,-0.074466,51.558603,3,1,1,2015-03-12,5,March,00:10:00,0,1,1,30
201501GD10212,-0.04165,51.553473,3,1,2,2015-03-03,3,March,17:11:00,17,1,1,30
201501GD10213,-0.078098,51.527188,3,2,1,2015-02-26,5,February,08:15:00,8,1,2,30
201501GD10215,-0.082361,51.535531,3,2,1,2015-03-03,3,March,20:35:00,20,1,1,30
201501GD10217,-0.073237,51.563798,3,2,1,2015-02-24,3,February,20:44:00,20,1,2,30
201501GD10218,-0.099461,51.568092,3,2,1,2015-02-25,4,February,07:05:00,7,1,1,50
201501GD10219,-0.06372,51.550063,3,1,1,2015-02-27,6,February,23:38:00,23,1,1,30
201501GD10220,-0.07313,51.566314,3,3,1,2015-03-04,4,March,14:21:00,14,1,1,30
201501GD10221,-0.055409,51.542012,3,2,2,2015-02-19,5,February,14:44:00,14,1,1,30
201501GD10222,-0.095319,51.529088,3,2,1,2015-03-11,4,March,08:29:00,8,1,1,30
201501GD10223,-0.063759,51.545747,3,2,1,2015-03-09,2,March,11:05:00,11,1,1,30
201501GD10225,-0.058292,51.552221,3,2,1,2015-03-10,3,March,11:15:00,11,1,1,30
201501GD10227,-0.073172,51.565326,2,2,1,2015-03-22,1,March,02:29:00,2,1,1,30
201501GD10228,-0.054485,51.540018,3,2,1,2015-03-20,6,March,13:00:00,13,1,1,30
201501GD10229,-0.083751,51.526471,2,2,1,2015-03-20,6,March,08:23:00,8,1,1,30
201501GD10231,-0.070189,51.540367,3,2,1,2015-03-02,2,March,07:36:00,7,1,1,30
201501GD10232,-0.038087,51.549097,3,1,1,2015-03-01,1,March,08:35:00,8,1,1,30
201501GD10233,-0.057324,51.561377,3,1,1,2015-03-21,7,March,19:34:00,19,2,2,30
201501GD10234,-0.090754,51.527934,3,2,1,2015-03-13,6,March,19:40:00,19,1,1,30
201501GD10235,-0.076935,51.53769,3,2,1,2015-03-20,6,March,16:27:00,16,1,1,30
201501GD10236,-0.04368,51.546493,3,1,1,2015-03-19,5,March,18:30:00,18,1,1,30
201501GD10237,-0.056051,51.5574,3,1,1,2015-03-16,2,March,19:23:00,19,1,1,30
201501GD10238,-0.074694,51.546376,3,2,1,2015-03-18,4,March,18:54:00,18,1,1,30
201501GD10239,-0.070135,51.541625,3,2,2,2015-02-17,3,February,21:15:00,21,1,1,30
201501GD10240,-0.03677,51.546198,3,1,1,2015-03-16,2,March,09:25:00,9,1,1,30
201501GD10241,-0.074587,51.555727,3,2,2,2015-03-20,6,March,22:46:00,22,1,1,30
201501GD10242,-0.061464,51.548856,3,2,1,2015-03-17,3,March,15:55:00,15,1,1,30
201501GD10243,-0.071959,51.546242,3,2,1,2015-03-16,2,March,10:40:00,10,1,2,30
201501GD10244,-0.102259,51.563282,3,2,1,2015-03-04,4,March,14:50:00,14,1,1,30
201501GD10246,-0.056048,51.557489,3,3,1,2015-03-26,5,March,10:48:00,10,1,2,30
201501GD10247,-0.073172,51.565326,3,1,1,2015-03-26,5,March,08:19:00,8,1,1,30
201501GD10248,-0.055412,51.545339,3,2,1,2015-03-25,4,March,18:00:00,18,1,1,30
201501GD10249,-0.078787,51.555346,3,2,1,2015-02-20,6,February,15:00:00,15,1,2,30
201501GD10251,-0.080465,51.570301,3,1,1,2015-03-16,2,March,15:00:00,15,1,1,30
201501GD10252,-0.083036,51.557214,3,2,1,2015-03-17,3,March,14:05:00,14,1,1,30
201501GD10253,-0.055288,51.558376,3,2,1,2015-03-28,7,March,17:30:00,17,1,2,30
201501GD10254,-0.070543,51.562675,3,2,1,2015-03-25,4,March,19:35:00,19,1,1,30
201501GD10256,-0.055661,51.556404,3,2,1,2015-03-28,7,March,14:35:00,14,1,1,30
201501GD10257,-0.07074,51.561419,3,2,1,2015-03-13,6,March,18:15:00,18,1,1,30
201501GD10258,-0.055502,51.546599,3,1,1,2015-03-31,3,March,15:30:00,15,1,1,30
201501GD10259,-0.056845,51.555704,2,2,1,2015-03-31,3,March,17:50:00,17,4,1,30
201501GD10260,-0.07739,51.530324,3,2,1,2015-03-31,3,March,19:10:00,19,1,1,30
201501GD10261,-0.082429,51.557924,2,1,1,2015-04-02,5,April,15:17:00,15,1,1,30
201501GD10264,-0.093889,51.528795,3,2,1,2015-04-07,3,April,09:54:00,9,1,1,30
201501GD10265,-0.061214,51.547953,3,2,1,2015-04-05,1,April,20:25:00,20,1,1,30
201501GD10266,-0.075744,51.552239,3,2,1,2015-03-03,3,March,12:20:00,12,1,1,30
201501GD10268,-0.073741,51.562098,3,1,1,2015-04-02,5,April,07:30:00,7,1,1,30
201501GD10269,-0.079404,51.537281,3,1,1,2015-03-23,2,March,16:40:00,16,1,1,30
201501GD10270,-0.086696,51.552508,3,2,1,2015-04-05,1,April,15:52:00,15,2,2,30
201501GD10271,-0.075468,51.548547,3,2,1,2015-04-10,6,April,09:00:00,9,1,1,30
201501GD10272,-0.066106,51.531218,3,2,1,2015-03-31,3,March,13:30:00,13,5,2,30
201501GD10273,-0.088521,51.553707,3,2,2,2015-03-23,2,March,18:10:00,18,1,1,30
201501GD10275,-0.074709,51.556268,3,2,1,2015-04-12,1,April,14:35:00,14,1,1,30
201501GD10276,-0.057327,51.53422,3,2,2,2015-03-31,3,March,09:25:00,9,4,1,30
201501GD10277,-0.038376,51.549102,2,1,1,2015-04-02,5,April,13:48:00,13,1,1,30
201501GD10278,-0.042814,51.543151,2,2,1,2015-04-02,5,April,18:10:00,18,1,1,30
201501GD10279,-0.064073,51.534961,3,1,1,2015-04-04,7,April,17:05:00,17,1,1,30
201501GD10280,-0.060442,51.566105,3,2,1,2015-04-05,1,April,15:20:00,15,1,1,30
201501GD10281,-0.077852,51.522778,3,2,2,2015-04-14,3,April,08:28:00,8,1,1,30
201501GD10282,-0.084039,51.564245,3,2,1,2015-04-13,2,April,15:30:00,15,1,1,30
201501GD10283,-0.059513,51.564201,3,2,2,2015-03-28,7,March,23:30:00,23,1,1,30
201501GD10284,-0.072538,51.573498,3,1,1,2015-04-14,3,April,15:31:00,15,1,1,30
201501GD10285,-0.075039,51.551868,3,2,1,2015-03-30,2,March,17:45:00,17,1,1,30
201501GD10286,-0.083944,51.525305,3,2,1,2015-04-09,5,April,08:52:00,8,1,1,30
201501GD10288,-0.073654,51.567582,3,1,1,2015-03-25,4,March,09:22:00,9,1,1,30
201501GD10289,-0.071184,51.564574,3,3,1,2015-03-30,2,March,22:10:00,22,2,2,30
201501GD10291,-0.069435,51.564994,3,1,1,2015-04-15,4,April,15:00:00,15,1,1,30
201501GD10292,-0.063004,51.560122,3,2,1,2015-04-10,6,April,20:00:00,20,1,1,30
201501GD10293,-0.080415,51.526956,3,1,1,2015-04-16,5,April,08:40:00,8,1,1,30
201501GD10294,-0.051335,51.559749,3,2,1,2015-04-17,6,April,16:00:00,16,1,1,30
201501GD10295,-0.074622,51.558335,3,2,1,2015-04-16,5,April,13:45:00,13,1,1,30
201501GD10297,-0.077958,51.527096,3,1,1,2015-04-14,3,April,10:58:00,10,1,1,30
201501GD10298,-0.067595,51.560738,3,2,1,2015-04-22,4,April,19:00:00,19,1,1,30
201501GD10299,-0.076454,51.542269,3,2,1,2015-04-22,4,April,18:34:00,18,1,1,30
201501GD10300,-0.042585,51.545126,3,2,1,2015-04-15,4,April,16:30:00,16,1,1,30
201501GD10301,-0.077988,51.52296,3,2,1,2015-04-01,4,April,17:55:00,17,1,1,30
201501GD10302,-0.059996,51.549462,3,2,1,2015-04-10,6,April,17:56:00,17,1,1,30
201501GD10303,-0.078514,51.558399,3,2,1,2015-04-21,3,April,17:44:00,17,1,1,30
201501GD10304,-0.089067,51.554435,3,2,1,2015-04-04,7,April,23:55:00,23,1,1,30
201501GD10307,-0.082066,51.56655,3,2,1,2015-04-26,1,April,17:45:00,17,1,1,30
201501GD10308,-0.072634,51.543915,3,2,1,2015-04-21,3,April,17:51:00,17,1,1,30
201501GD10309,-0.071959,51.546242,3,1,1,2015-04-16,5,April,13:55:00,13,1,1,30
201501GD10311,-0.076457,51.542179,3,1,1,2015-04-26,1,April,02:20:00,2,2,2,30
201501GD10312,-0.079398,51.523702,3,2,1,2015-04-25,7,April,14:20:00,14,1,1,30
201501GD10313,-0.067242,51.562261,3,2,1,2015-04-23,5,April,23:03:00,23,1,1,30
201501GD10315,-0.072534,51.573588,3,2,1,2015-04-18,7,April,23:49:00,23,1,1,30
201501GD10316,-0.077605,51.525202,2,1,1,2015-04-25,7,April,13:45:00,13,1,1,30
201501GD10317,-0.052472,51.546639,3,1,1,2015-04-17,6,April,14:20:00,14,1,1,30
201501GD10318,-0.085783,51.526145,3,2,1,2015-04-29,4,April,14:35:00,14,1,1,30
201501GD10319,-0.069719,51.531007,3,2,1,2015-04-25,7,April,02:45:00,2,2,2,30
201501GD10320,-0.075024,51.552227,3,2,1,2015-03-31,3,March,14:59:00,14,4,1,30
201501GD10321,-0.031076,51.551138,2,1,1,2015-04-30,5,April,15:52:00,15,1,1,30
201501GD10322,-0.089797,51.571443,3,2,1,2015-04-18,7,April,17:15:00,17,1,1,30
201501GD10323,-0.087228,51.529496,3,2,1,2015-04-30,5,April,08:45:00,8,1,1,30
201501GD10324,-0.06596,51.575458,3,2,1,2015-04-29,4,April,22:05:00,22,1,1,30
201501GD10325,-0.076234,51.544064,3,2,1,2015-04-29,4,April,13:12:00,13,1,1,30
201501GD10326,-0.082035,51.536425,3,1,1,2015-05-02,7,May,15:30:00,15,1,1,30
201501GD10327,-0.091252,51.564272,3,1,1,2015-04-12,1,April,01:42:00,1,1,1,30
201501GD10328,-0.078246,51.527101,3,2,1,2015-04-27,2,April,03:48:00,3,1,1,30
201501GD10329,-0.044836,51.553167,3,2,1,2015-05-02,7,May,17:36:00,17,1,1,30
201501GD10331,-0.062018,51.545988,3,2,1,2015-04-22,4,April,21:45:00,21,1,1,30
201501GD10332,-0.044661,51.537067,3,2,1,2015-05-05,3,May,08:37:00,8,1,1,30
201501GD10334,-0.058819,51.56356,3,2,1,2015-05-06,4,May,17:55:00,17,2,2,30
201501GD10335,-0.07408,51.53018,3,2,1,2015-05-01,6,May,12:58:00,12,1,1,30
201501GD10336,-0.076761,51.538407,3,2,2,2015-05-03,1,May,05:50:00,5,1,2,30
201501GD10337,-0.072453,51.537977,3,1,1,2015-04-28,3,April,13:30:00,13,1,1,30
201501GD10338,-0.073134,51.569641,3,2,1,2015-04-29,4,April,19:20:00,19,1,1,30
201501GD10340,-0.055911,51.557307,3,2,1,2015-05-08,6,May,22:02:00,22,1,1,30
201501GD10342,-0.055222,51.546415,2,1,1,2015-05-11,2,May,11:15:00,11,1,1,30
201501GD10343,-0.089913,51.530798,3,2,1,2015-05-09,7,May,15:05:00,15,1,1,30
201501GD10345,-0.069443,51.55798,3,2,1,2015-05-05,3,May,07:13:00,7,1,2,30
201501GD10346,-0.078751,51.539069,3,2,2,2015-05-05,3,May,00:10:00,0,2,2,30
201501GD10347,-0.078129,51.526469,3,2,1,2015-05-04,2,May,19:55:00,19,2,2,30
201501GD10348,-0.074701,51.546197,3,2,1,2015-05-14,5,May,23:51:00,23,2,2,30
201501GD10349,-0.076901,51.538499,3,1,1,2015-05-13,4,May,20:53:00,20,1,1,30
201501GD10350,-0.077303,51.54606,3,3,1,2015-05-14,5,May,17:13:00,17,2,2,30
201501GD10353,-0.076549,51.574194,3,1,1,2015-05-15,6,May,12:33:00,12,1,1,30
201501GD10354,-0.102135,51.566247,3,2,1,2015-05-15,6,May,06:40:00,6,1,1,30
201501GD10355,-0.076973,51.536792,2,2,1,2015-05-17,1,May,01:50:00,1,1,1,30
201501GD10356,-0.086377,51.536046,3,2,2,2015-05-17,1,May,23:18:00,23,1,1,30
201501GD10357,-0.074485,51.558153,3,2,1,2015-05-10,1,May,13:35:00,13,1,1,30
201501GD10358,-0.063734,51.570116,2,1,1,2015-05-18,2,May,19:30:00,19,1,1,30
201501GD10359,-0.095743,51.57073,3,2,1,2015-05-15,6,May,14:35:00,14,1,1,30
201501GD10360,-0.047658,51.541164,2,2,1,2015-05-03,1,May,23:35:00,23,1,1,30
201501GD10361,-0.076662,51.540743,3,2,1,2015-04-26,1,April,22:35:00,22,1,1,30
201501GD10362,-0.046196,51.545006,3,1,1,2015-05-20,4,May,14:30:00,14,1,1,30
201501GD10363,-0.056078,51.539865,3,2,1,2015-04-23,5,April,10:30:00,10,1,1,30
201501GD10364,-0.080741,51.526062,3,1,1,2015-05-15,6,May,19:16:00,19,1,1,30
201501GD10366,-0.056438,51.558485,3,2,1,2015-05-14,5,May,10:50:00,10,2,2,30
201501GD10367,-0.079402,51.523613,3,1,1,2015-05-22,6,May,07:50:00,7,1,1,30
201501GD10371,-0.0805,51.545482,3,2,1,2015-05-23,7,May,10:45:00,10,1,1,30
201501GD10372,-0.056582,51.558488,3,1,1,2015-05-21,5,May,14:57:00,14,1,1,30
201501GD10373,-0.087377,51.532825,3,2,1,2015-05-18,2,May,10:00:00,10,1,1,30
201501GD10374,-0.07502,51.552317,3,1,1,2015-05-25,2,May,23:32:00,23,1,1,30
201501GD10376,-0.051567,51.550941,3,2,1,2015-05-29,6,May,18:55:00,18,1,1,30
201501GD10377,-0.059707,51.549457,3,3,1,2015-05-28,5,May,15:33:00,15,1,1,30
201501GD10378,-0.073684,51.573697,2,2,1,2015-05-22,6,May,14:55:00,14,1,1,30
201501GD10379,-0.072933,51.570987,3,1,1,2015-05-27,4,May,08:43:00,8,1,1,30
201501GD10380,-0.069439,51.55807,3,2,1,2015-05-28,5,May,18:20:00,18,1,1,30
201501GD10381,-0.043599,51.54838,3,2,1,2015-05-29,6,May,10:35:00,10,2,2,30
201501GD10382,-0.090765,51.572448,3,3,2,2015-05-28,5,May,22:45:00,22,1,1,30
201501GD10383,-0.077045,51.535084,2,2,1,2015-05-28,5,May,10:20:00,10,1,1,30
201501GD10385,-0.059707,51.549457,3,2,1,2015-05-14,5,May,14:00:00,14,2,2,30
201501GD10387,-0.08026,51.534058,3,1,1,2015-06-01,2,June,18:20:00,18,1,1,30
201501GD10388,-0.090805,51.533601,2,2,1,2015-05-26,3,May,15:43:00,15,1,1,30
201501GD10389,-0.077385,51.523579,3,1,1,2015-05-31,1,May,02:10:00,2,2,2,30
201501GD10390,-0.036699,51.544488,3,2,1,2015-05-29,6,May,00:30:00,0,1,1,30
201501GD10391,-0.059996,51.549462,3,2,1,2015-05-30,7,May,21:05:00,21,1,1,30
201501GD10392,-0.068481,51.550051,3,1,1,2015-06-01,2,June,15:00:00,15,1,1,30
201501GD10393,-0.060929,51.537697,3,2,1,2015-05-31,1,May,22:58:00,22,1,1,30
201501GD10394,-0.068708,51.548077,3,2,1,2015-05-27,4,May,23:45:00,23,1,1,30
201501GD10395,-0.083527,51.566125,3,1,1,2015-05-12,3,May,15:05:00,15,1,1,30
201501GD10396,-0.074295,51.559229,3,2,1,2015-05-14,5,May,10:30:00,10,1,2,30
201501GD10397,-0.081197,51.539199,3,2,1,2015-05-16,7,May,14:30:00,14,1,1,30
201501GD10398,-0.091824,51.560954,3,3,1,2015-05-14,5,May,22:58:00,22,2,2,30
201501GD10400,-0.076306,51.542356,3,2,1,2015-05-20,4,May,19:05:00,19,1,1,30
201501GD10401,-0.080665,51.524443,3,2,1,2015-05-20,4,May,07:10:00,7,1,1,30
201501GD10402,-0.046796,51.537732,3,3,1,2015-05-14,5,May,20:45:00,20,2,2,30
201501GD10403,-0.08782,51.529146,3,2,1,2015-05-14,5,May,07:07:00,7,1,1,30
201501GD10404,-0.090754,51.527934,3,2,1,2015-06-01,2,June,11:59:00,11,1,1,30
201501GD10406,-0.08163,51.57005,3,2,1,2015-05-20,4,May,09:17:00,9,1,1,30
201501GD10407,-0.096168,51.570917,3,2,1,2015-05-25,2,May,13:35:00,13,1,1,30
201501GD10408,-0.042441,51.545123,3,2,1,2015-05-26,3,May,16:08:00,16,1,1,30
201501GD10410,-0.043603,51.54829,3,2,1,2015-05-29,6,May,23:51:00,23,1,1,30
201501GD10411,-0.055191,51.547134,3,1,1,2015-06-04,5,June,14:25:00,14,1,1,30
201501GD10412,-0.03932,51.543902,2,2,1,2015-05-21,5,May,15:18:00,15,1,1,30
201501GD10414,-0.075669,51.547202,3,2,1,2015-06-03,4,June,12:47:00,12,1,1,30
201501GD10415,-0.093837,51.530053,3,2,1,2015-05-29,6,May,14:09:00,14,8,2,30
201501GD10416,-0.074565,51.556266,3,2,1,2015-05-28,5,May,19:24:00,19,1,1,30
201501GD10417,-0.053557,51.544859,3,1,1,2015-05-15,6,May,09:50:00,9,1,1,30
201501GD10419,-0.068711,51.530991,3,1,1,2015-06-04,5,June,16:25:00,16,1,1,30
201501GD10420,-0.057795,51.540163,3,2,1,2015-06-05,6,June,08:15:00,8,1,1,30
201501GD10421,-0.070876,51.530936,3,2,1,2015-06-05,6,June,20:33:00,20,1,1,30
201501GD10422,-0.074663,51.557347,3,2,2,2015-06-05,6,June,08:30:00,8,1,1,30
201501GD10423,-0.060692,51.567008,3,2,1,2015-05-27,4,May,13:50:00,13,1,1,30
201501GD10424,-0.068488,51.549871,3,2,2,2015-05-30,7,May,14:06:00,14,1,1,30
201501GD10425,-0.074314,51.55878,3,2,1,2015-06-08,2,June,07:25:00,7,1,1,30
201501GD10426,-0.054939,51.549648,3,2,1,2015-05-31,1,May,08:49:00,8,1,1,30
201501GD10427,-0.075464,51.548637,3,2,1,2015-06-04,5,June,21:11:00,21,1,1,30
201501GD10428,-0.063594,51.570024,3,1,1,2015-06-05,6,June,15:25:00,15,1,1,30
201501GD10429,-0.068855,51.530993,3,1,1,2015-06-04,5,June,18:50:00,18,1,1,30
201501GD10430,-0.079402,51.523613,3,2,1,2015-06-03,4,June,00:01:00,0,1,1,30
201501GD10431,-0.07137,51.56017,3,2,1,2015-04-29,4,April,13:45:00,13,1,1,30
201501GD10432,-0.053907,51.55017,3,2,2,2015-06-01,2,June,19:25:00,19,1,1,30
201501GD10433,-0.07814,51.5262,3,2,1,2015-03-04,4,March,00:01:00,0,1,1,30
201501GD10434,-0.084915,51.526221,3,1,1,2015-06-11,5,June,08:43:00,8,1,1,40
201501GD10435,-0.038113,51.545141,3,2,1,2015-06-08,2,June,07:45:00,7,1,1,30
201501GD10436,-0.052029,51.53674,3,2,1,2015-05-04,2,May,20:30:00,20,9,1,30
201501GD10437,-0.037431,51.54423,3,2,2,2015-05-21,5,May,10:11:00,10,9,1,30
201501GD10438,-0.071015,51.548114,3,2,1,2015-06-05,6,June,12:44:00,12,1,1,30
201501GD10439,-0.055528,51.556132,2,2,3,2015-06-11,5,June,15:40:00,15,1,1,30
201501GD10440,-0.047942,51.548003,2,1,1,2015-06-01,2,June,19:24:00,19,4,1,30
201501GD10441,-0.056044,51.557579,3,2,2,2015-06-12,6,June,15:15:00,15,1,1,30
201501GD10443,-0.043747,51.548292,3,1,1,2015-06-05,6,June,18:00:00,18,1,1,30
201501GD10445,-0.047706,51.543413,3,2,1,2015-05-26,3,May,15:40:00,15,1,1,30
201501GD10446,-0.055528,51.556132,3,2,1,2015-06-15,2,June,12:50:00,12,1,1,30
201501GD10449,-0.055501,51.539855,3,1,1,2015-06-14,1,June,14:10:00,14,1,1,30
201501GD10450,-0.059707,51.549457,3,2,1,2015-06-13,7,June,12:25:00,12,1,1,30
201501GD10451,-0.077359,51.524209,3,2,1,2015-06-03,4,June,08:50:00,8,1,1,30
201501GD10452,-0.077071,51.534455,3,2,1,2015-06-09,3,June,19:20:00,19,1,1,30
201501GD10453,-0.075468,51.548547,3,1,1,2015-06-11,5,June,09:35:00,9,1,1,30
201501GD10454,-0.073814,51.533053,3,2,1,2015-06-14,1,June,17:25:00,17,1,1,30
201501GD10455,-0.086706,51.531645,3,2,1,2015-06-08,2,June,15:20:00,15,1,1,30
201501GD10457,-0.055958,51.535906,3,2,2,2015-06-14,1,June,18:10:00,18,1,1,30
201501GD10458,-0.070189,51.540367,3,2,1,2015-06-16,3,June,17:50:00,17,1,1,30
201501GD10459,-0.10377,51.565105,3,1,1,2015-06-16,3,June,06:28:00,6,1,1,30
201501GD10461,-0.077954,51.527186,3,2,1,2015-06-10,4,June,22:43:00,22,1,1,30
201501GD10463,-0.078239,51.52728,3,2,1,2015-06-18,5,June,23:30:00,23,1,1,30
201501GD10464,-0.054436,51.554675,3,1,1,2015-06-19,6,June,01:22:00,1,1,1,30
201501GD10465,-0.087936,51.52636,3,2,1,2015-06-07,1,June,04:00:00,4,1,1,30
201501GD10466,-0.078095,51.527278,3,2,1,2015-06-19,6,June,20:15:00,20,1,1,30
201501GD10467,-0.088903,51.527365,3,1,1,2015-06-20,7,June,10:53:00,10,1,1,30
201501GD10471,-0.055532,51.556042,3,2,1,2015-06-18,5,June,07:15:00,7,1,1,30
201501GD10473,-0.05346,51.550522,3,3,1,2015-06-22,2,June,08:00:00,8,1,2,30
201501GD10474,-0.086954,51.525714,3,1,2,2015-06-19,6,June,22:47:00,22,1,1,30
201501GD10476,-0.077389,51.52349,3,3,1,2015-06-23,3,June,09:20:00,9,1,1,30
201501GD10477,-0.056325,51.547602,3,2,1,2015-06-20,7,June,21:20:00,21,1,2,30
201501GD10478,-0.078007,51.522511,3,2,1,2015-06-18,5,June,08:50:00,8,1,1,30
201501GD10479,-0.052666,51.552218,3,2,1,2015-06-16,3,June,19:10:00,19,1,1,30
201501GD10480,-0.06495,51.561863,3,2,1,2015-06-16,3,June,14:30:00,14,1,1,30
201501GD10481,-0.077064,51.534635,3,2,1,2015-06-12,6,June,22:40:00,22,1,1,30
201501GD10482,-0.042814,51.543151,3,2,5,2015-06-04,5,June,19:14:00,19,1,1,30
201501GD10483,-0.069938,51.546298,3,2,1,2015-06-22,2,June,10:45:00,10,1,1,30
201501GD10484,-0.052298,51.560844,2,1,1,2015-06-11,5,June,18:20:00,18,1,1,30
201501GD10485,-0.057455,51.548161,2,1,1,2015-06-24,4,June,17:45:00,17,1,1,30
201501GD10486,-0.049883,51.543089,3,1,1,2015-06-25,5,June,20:17:00,20,1,1,30
201501GD10487,-0.054224,51.546129,3,2,1,2015-06-25,5,June,16:30:00,16,1,1,30
201501GD10488,-0.088069,51.526632,3,2,1,2015-06-29,2,June,16:45:00,16,1,1,30
201501GD10490,-0.054629,51.54002,3,2,1,2015-06-27,7,June,11:59:00,11,1,1,30
201501GD10491,-0.068686,51.572446,2,2,1,2015-06-28,1,June,00:36:00,0,1,1,30
201501GD10492,-0.055528,51.556132,3,2,1,2015-06-26,6,June,23:33:00,23,1,1,30
201501GD10494,-0.030931,51.547808,3,4,1,2015-06-07,1,June,22:56:00,22,1,1,50
201501GD10495,-0.080384,51.524258,3,2,2,2015-05-25,2,May,06:10:00,6,1,1,30
201501GD10496,-0.081197,51.539199,3,2,1,2015-06-24,4,June,13:10:00,13,1,1,30
201501GD10497,-0.075278,51.546206,3,1,1,2015-06-23,3,June,17:39:00,17,1,1,30
201501GD10498,-0.079512,51.562102,3,1,1,2015-06-15,2,June,13:29:00,13,1,1,30
201501GD10500,-0.055248,51.545786,3,2,1,2015-07-01,4,July,10:14:00,10,1,1,30
201501GD10501,-0.047077,51.547988,2,2,1,2015-06-17,4,June,17:45:00,17,1,1,30
201501GD10503,-0.040989,51.548696,3,1,1,2015-07-02,5,July,12:40:00,12,1,1,30
201501GD10504,-0.080384,51.524258,3,2,1,2015-06-16,3,June,21:00:00,21,1,1,30
201501GD10506,-0.071263,51.572938,3,1,2,2015-07-02,5,July,16:10:00,16,1,1,30
201501GD10507,-0.047104,51.560848,3,2,1,2015-07-02,5,July,09:53:00,9,1,1,30
201501GD10512,-0.071452,51.530946,3,2,1,2015-07-04,7,July,17:21:00,17,1,1,30
201501GD10514,-0.079877,51.570561,2,1,1,2015-07-06,2,July,16:20:00,16,1,1,30
201501GD10515,-0.082043,51.536245,3,2,1,2015-07-06,2,July,18:40:00,18,1,1,30
201501GD10516,-0.041716,51.545201,3,2,2,2015-07-04,7,July,15:00:00,15,1,1,30
201501GD10518,-0.057236,51.536377,3,2,1,2015-07-01,4,July,22:30:00,22,1,1,30
201501GD10520,-0.080754,51.570306,3,2,1,2015-07-07,3,July,09:03:00,9,1,1,30
201501GD10521,-0.102878,51.56572,3,2,1,2015-07-08,4,July,07:20:00,7,1,1,30
201501GD10522,-0.063165,51.539352,3,2,1,2015-06-02,3,June,15:45:00,15,1,1,30
201501GD10524,-0.103174,51.565545,2,2,1,2015-07-01,4,July,15:15:00,15,1,1,30
201501GD10525,-0.042465,51.547911,3,2,1,2015-07-10,6,July,11:40:00,11,1,1,30
201501GD10527,-0.08123,51.524722,3,1,1,2015-07-06,2,July,15:55:00,15,1,1,30
201501GD10528,-0.058545,51.563196,3,1,2,2015-07-12,1,July,16:39:00,16,2,2,30
201501GD10529,-0.078129,51.526469,3,2,1,2015-07-11,7,July,16:15:00,16,1,1,30
201501GD10530,-0.078822,51.523693,2,1,1,2015-07-11,7,July,04:31:00,4,1,1,20
201501GD10531,-0.096039,51.570555,3,2,1,2015-07-12,1,July,00:15:00,0,1,1,30
201501GD10532,-0.087042,51.527065,3,2,1,2015-07-10,6,July,21:40:00,21,1,1,30
201501GD10533,-0.058698,51.54944,3,1,1,2015-07-10,6,July,17:31:00,17,1,1,30
201501GD10534,-0.082215,51.525277,3,1,1,2015-06-01,2,June,17:55:00,17,1,1,30
201501GD10537,-0.062452,51.542578,3,2,1,2015-07-11,7,July,16:08:00,16,1,1,30
201501GD10538,-0.057449,51.561829,3,1,1,2015-07-05,1,July,16:50:00,16,1,1,30
201501GD10539,-0.089289,51.535374,3,1,1,2015-07-07,3,July,18:23:00,18,1,1,30
201501GD10540,-0.073176,51.565236,3,2,1,2015-07-07,3,July,23:17:00,23,1,1,30
201501GD10541,-0.075285,51.528941,3,2,1,2015-07-13,2,July,09:45:00,9,2,2,30
201501GD10542,-0.073753,51.561828,3,1,1,2015-07-15,4,July,10:03:00,10,2,2,30
201501GD10543,-0.050437,51.543638,2,2,1,2015-07-15,4,July,08:46:00,8,1,1,30
201501GD10544,-0.073935,51.560932,3,2,1,2015-07-08,4,July,01:05:00,1,1,1,30
201501GD10545,-0.055492,51.543452,3,2,1,2015-07-07,3,July,19:12:00,19,1,1,30
201501GD10546,-0.073548,51.546178,3,2,1,2015-07-09,5,July,11:45:00,11,1,1,30
201501GD10547,-0.077196,51.53149,3,2,1,2015-07-12,1,July,10:50:00,10,1,1,30
201501GD10548,-0.047996,51.546745,3,2,1,2015-07-03,6,July,08:00:00,8,1,1,30
201501GD10549,-0.08363,51.546523,3,2,1,2015-07-16,5,July,11:01:00,11,1,1,30
201501GD10550,-0.064791,51.545224,3,2,2,2015-07-09,5,July,15:45:00,15,4,1,30
201501GD10551,-0.053573,51.551244,3,1,1,2015-06-27,7,June,10:36:00,10,1,1,30
201501GD10552,-0.077992,51.52287,3,1,2,2015-06-28,1,June,21:45:00,21,1,1,30
201501GD10553,-0.068294,51.554454,3,2,2,2015-07-17,6,July,19:00:00,19,1,1,30
201501GD10554,-0.042958,51.543154,3,2,1,2015-07-17,6,July,12:40:00,12,1,1,30
201501GD10555,-0.060176,51.565561,3,3,2,2015-06-28,1,June,23:07:00,23,1,1,30
201501GD10556,-0.077071,51.534455,3,2,1,2015-07-18,7,July,09:30:00,9,1,1,30
201501GD10557,-0.075475,51.548368,3,2,1,2015-07-19,1,July,07:45:00,7,1,2,30
201501GD10559,-0.077954,51.527186,3,2,1,2015-07-21,3,July,09:44:00,9,1,1,30
201501GD10560,-0.055431,51.54489,3,1,1,2015-07-21,3,July,14:05:00,14,1,1,30
201501GD10561,-0.075456,51.548817,3,2,1,2015-07-08,4,July,08:15:00,8,1,1,30
201501GD10562,-0.057239,51.536287,3,1,1,2015-07-11,7,July,02:25:00,2,1,1,30
201501GD10563,-0.077071,51.534455,3,2,2,2015-07-18,7,July,18:25:00,18,1,1,30
201501GD10564,-0.078129,51.526469,3,2,1,2015-04-08,4,April,17:00:00,17,1,1,30
201501GD10566,-0.074587,51.555727,3,2,1,2015-07-22,4,July,17:15:00,17,1,1,30
201501GD10567,-0.051447,51.546982,3,1,1,2015-07-23,5,July,16:05:00,16,1,1,30
201501GD10568,-0.077118,51.574383,3,1,1,2015-07-19,1,July,18:35:00,18,1,1,30
201501GD10569,-0.077734,51.525564,3,2,1,2015-07-24,6,July,06:45:00,6,1,1,30
201501GD10570,-0.060559,51.566737,3,2,1,2015-07-22,4,July,14:15:00,14,2,2,30
201501GD10571,-0.072826,51.573503,3,2,1,2015-07-16,5,July,17:00:00,17,1,1,30
201501GD10573,-0.103918,51.565017,3,2,1,2015-07-16,5,July,17:36:00,17,1,1,30
201501GD10574,-0.072948,51.570628,3,2,1,2015-07-24,6,July,10:40:00,10,2,2,30
201501GD10575,-0.083633,51.546433,3,1,1,2015-07-24,6,July,16:50:00,16,2,2,30
201501GD10577,-0.056081,51.539775,3,2,1,2015-07-18,7,July,02:30:00,2,1,1,30
201501GD10579,-0.077852,51.522778,2,1,1,2015-07-26,1,July,18:40:00,18,2,2,30
201501GD10580,-0.078386,51.527193,3,1,1,2015-07-27,2,July,04:20:00,4,2,2,30
201501GD10581,-0.071547,51.573033,3,1,1,2015-07-27,2,July,10:35:00,10,2,2,30
201501GD10582,-0.081935,51.525093,3,2,1,2015-07-18,7,July,13:00:00,13,1,1,30
201501GD10583,-0.072968,51.546258,2,1,1,2015-07-24,6,July,13:57:00,13,2,2,30
201501GD10584,-0.070834,51.572841,3,1,2,2015-07-23,5,July,14:20:00,14,1,1,30
201501GD10585,-0.071221,51.570509,3,1,1,2015-07-20,2,July,22:53:00,22,1,1,30
201501GD10586,-0.102684,51.563469,3,2,1,2015-07-11,7,July,05:30:00,5,1,1,30
201501GD10587,-0.079683,51.523797,3,2,1,2015-07-29,4,July,01:50:00,1,1,1,30
201501GD10588,-0.08151,51.524906,3,2,1,2015-07-29,4,July,16:30:00,16,1,1,30
201501GD10589,-0.079823,51.523889,3,1,1,2015-07-29,4,July,10:10:00,10,1,1,30
201501GD10590,-0.068487,51.556706,3,2,1,2015-07-20,2,July,14:30:00,14,1,1,30
201501GD10591,-0.07109,51.549734,3,2,3,2015-07-25,7,July,09:30:00,9,1,1,30
201501GD10592,-0.057026,51.537902,3,2,1,2015-07-25,7,July,02:50:00,2,1,2,30
201501GD10593,-0.093893,51.528705,3,2,1,2015-07-16,5,July,19:15:00,19,1,1,30
201501GD10594,-0.04431,51.551989,3,1,1,2015-07-30,5,July,14:10:00,14,1,1,30
201501GD10595,-0.057457,51.561649,2,2,1,2015-07-15,4,July,14:53:00,14,1,1,30
201501GD10597,-0.055528,51.556132,2,2,1,2015-07-20,2,July,08:55:00,8,1,1,30
201501GD10598,-0.07774,51.549394,3,2,1,2015-07-31,6,July,14:30:00,14,1,1,30
201501GD10599,-0.058104,51.546463,3,2,1,2015-07-31,6,July,19:25:00,19,1,1,30
201501GD10600,-0.069435,51.55816,3,1,1,2015-06-08,2,June,08:10:00,8,1,1,30
201501GD10601,-0.089293,51.535285,3,2,1,2015-08-02,1,August,14:15:00,14,1,1,30
201501GD10602,-0.083918,51.546527,3,2,1,2015-08-02,1,August,21:38:00,21,1,1,30
201501GD10603,-0.048788,51.541722,3,2,1,2015-06-30,3,June,17:00:00,17,1,1,30
201501GD10604,-0.071456,51.530856,3,2,1,2015-07-04,7,July,15:27:00,15,1,1,30
201501GD10605,-0.059236,51.563927,3,2,1,2015-07-13,2,July,23:15:00,23,1,1,30
201501GD10607,-0.059423,51.539201,3,1,1,2015-07-31,6,July,23:50:00,23,1,1,30
201501GD10608,-0.086929,51.529761,3,2,1,2015-07-14,3,July,16:50:00,16,1,1,30
201501GD10610,-0.020827,51.551325,3,1,1,2015-07-29,4,July,16:30:00,16,1,1,40
201501GD10611,-0.055255,51.555768,3,1,1,2015-08-04,3,August,14:32:00,14,1,1,30
201501GD10612,-0.033607,51.545965,3,1,1,2015-07-20,2,July,09:09:00,9,1,2,30
201501GD10613,-0.080524,51.52435,3,1,1,2015-07-28,3,July,07:47:00,7,1,1,30
201501GD10614,-0.061374,51.567919,3,2,1,2015-07-28,3,July,20:55:00,20,1,2,30
201501GD10616,-0.074751,51.55528,3,2,1,2015-07-31,6,July,09:37:00,9,1,1,30
201501GD10621,-0.042146,51.548625,3,2,1,2015-08-10,2,August,16:15:00,16,1,1,30
201501GD10622,-0.099461,51.568092,3,2,1,2015-08-09,1,August,11:15:00,11,1,1,30
201501GD10624,-0.094705,51.529977,3,2,1,2015-08-10,2,August,07:13:00,7,1,1,30
201501GD10625,-0.072686,51.573411,3,2,1,2015-08-09,1,August,01:36:00,1,1,1,30
201501GD10626,-0.072519,51.573948,3,2,2,2015-08-04,3,August,16:20:00,16,1,1,30
201501GD10627,-0.057163,51.538084,3,2,1,2015-08-05,4,August,23:15:00,23,1,1,30
201501GD10628,-0.07723,51.530681,3,2,1,2015-08-05,4,August,19:29:00,19,1,1,30
201501GD10630,-0.082217,51.535529,3,2,1,2015-08-11,3,August,08:20:00,8,1,1,30
201501GD10631,-0.056044,51.557579,3,2,1,2015-08-05,4,August,22:00:00,22,1,2,30
201501GD10632,-0.076572,51.56682,3,2,1,2015-08-12,4,August,08:35:00,8,1,1,30
201501GD10633,-0.071688,51.573125,3,1,1,2015-08-13,5,August,17:40:00,17,1,2,30
201501GD10635,-0.091054,51.572452,3,2,1,2015-08-11,3,August,15:25:00,15,1,1,40
201501GD10636,-0.06371,51.560494,3,2,1,2015-08-14,6,August,16:15:00,16,2,2,30
201501GD10637,-0.062198,51.568922,2,2,1,2015-08-14,6,August,14:01:00,14,1,1,30
201501GD10638,-0.046552,51.556882,3,1,1,2015-08-08,7,August,00:55:00,0,1,1,30
201501GD10639,-0.06841,51.565337,3,2,1,2015-08-17,2,August,14:18:00,14,1,1,30
201501GD10640,-0.057795,51.540163,3,2,1,2015-08-07,6,August,18:08:00,18,1,1,30
201501GD10641,-0.063064,51.534944,2,2,1,2015-08-11,3,August,07:30:00,7,1,1,30
201501GD10642,-0.094163,51.567107,3,2,1,2015-08-08,7,August,15:14:00,15,1,1,30
201501GD10643,-0.063032,51.569655,3,1,1,2015-08-15,7,August,19:35:00,19,1,1,30
201501GD10644,-0.093514,51.565388,3,2,1,2015-08-11,3,August,22:31:00,22,1,2,30
201501GD10645,-0.056669,51.559838,3,2,1,2015-07-31,6,July,23:20:00,23,1,1,30
201501GD10646,-0.069719,51.531007,3,2,1,2015-08-16,1,August,17:00:00,17,1,1,30
201501GD10647,-0.069523,51.552676,3,1,2,2015-08-13,5,August,10:50:00,10,1,1,30
201501GD10650,-0.020562,51.550781,3,2,1,2015-08-19,4,August,07:52:00,7,1,1,50
201501GD10651,-0.05412,51.558716,3,1,1,2015-08-19,4,August,22:00:00,22,2,2,20
201501GD10652,-0.070254,51.535422,3,2,1,2015-08-18,3,August,10:10:00,10,1,1,30
201501GD10653,-0.082361,51.535531,3,2,1,2015-05-24,1,May,14:19:00,14,1,1,30
201501GD10655,-0.096032,51.570735,3,2,1,2015-08-23,1,August,07:55:00,7,1,2,30
201501GD10656,-0.073069,51.567752,3,1,1,2015-08-20,5,August,21:14:00,21,1,1,30
201501GD10658,-0.057711,51.562463,3,2,1,2015-08-18,3,August,19:16:00,19,1,1,30
201501GD10660,-0.060301,51.566013,3,2,4,2015-08-22,7,August,13:55:00,13,1,1,30
201501GD10662,-0.049409,51.537326,3,2,2,2015-08-23,1,August,21:15:00,21,1,1,30
201501GD10666,-0.082206,51.535798,3,2,1,2015-08-25,3,August,16:15:00,16,1,2,30
201501GD10667,-0.064405,51.557718,3,2,1,2015-08-20,5,August,23:03:00,23,1,1,30
201501GD10668,-0.068592,51.567858,3,2,1,2015-08-25,3,August,02:01:00,2,1,1,30
201501GD10669,-0.062614,51.559127,3,2,1,2015-08-24,2,August,14:30:00,14,2,2,30
201501GD10670,-0.078034,51.528716,3,2,1,2015-08-27,5,August,23:08:00,23,1,1,30
201501GD10673,-0.05409,51.56618,3,2,1,2015-08-24,2,August,10:24:00,10,2,2,30
201501GD10674,-0.070036,51.543962,3,2,1,2015-08-24,2,August,22:00:00,22,2,2,30
201501GD10676,-0.063867,51.570388,3,1,1,2015-09-01,3,September,20:50:00,20,1,2,30
201501GD10678,-0.06993,51.543061,3,2,1,2015-08-29,7,August,19:22:00,19,2,2,30
201501GD10679,-0.059509,51.564291,2,1,1,2015-08-29,7,August,03:00:00,3,1,1,30
201501GD10680,-0.057896,51.534409,3,1,1,2015-08-30,1,August,14:08:00,14,1,1,30
201501GD10681,-0.069834,51.558976,2,4,1,2015-08-30,1,August,22:30:00,22,1,1,30
201501GD10682,-0.030335,51.544921,3,2,3,2015-08-23,1,August,18:02:00,18,1,1,30
201501GD10683,-0.055668,51.54948,3,1,1,2015-08-27,5,August,11:00:00,11,1,2,30
201501GD10684,-0.076283,51.556564,3,2,1,2015-08-21,6,August,20:50:00,20,1,1,30
201501GD10686,-0.073237,51.563798,3,2,2,2015-08-28,6,August,00:23:00,0,1,1,30
201501GD10687,-0.073305,51.551929,3,2,1,2015-08-28,6,August,09:05:00,9,1,1,20
201501GD10688,-0.067198,51.553088,3,2,2,2015-09-06,1,September,07:16:00,7,1,1,30
201501GD10689,-0.07587,51.545856,3,1,1,2015-08-23,1,August,02:00:00,2,1,1,30
201501GD10690,-0.052245,51.551941,3,1,1,2015-09-04,6,September,14:26:00,14,1,1,30
201501GD10691,-0.046158,51.555976,3,1,1,2015-09-03,5,September,11:00:00,11,1,1,30
201501GD10694,-0.080404,51.53406,3,2,1,2015-08-24,2,August,12:06:00,12,1,2,30
201501GD10695,-0.03828,51.541277,3,2,1,2015-08-29,7,August,02:47:00,2,1,1,30
201501GD10697,-0.065426,51.571043,3,2,1,2015-09-08,3,September,07:27:00,7,1,1,30
201501GD10700,-0.058678,51.563468,3,3,1,2015-09-08,3,September,20:55:00,20,1,1,30
201501GD10701,-0.06992,51.570578,2,1,1,2015-09-02,4,September,15:15:00,15,1,1,30
201501GD10702,-0.059934,51.564478,3,2,1,2015-09-08,3,September,21:05:00,21,1,1,30
201501GD10703,-0.063874,51.570208,3,2,1,2015-09-09,4,September,17:13:00,17,1,1,30
201501GD10704,-0.080045,51.542597,3,2,1,2015-09-02,4,September,19:00:00,19,1,1,30
201501GD10705,-0.062455,51.545905,3,2,1,2015-08-06,5,August,09:00:00,9,1,1,30
201501GD10706,-0.078007,51.522511,3,2,1,2015-08-23,1,August,18:25:00,18,1,2,30
201501GD10707,-0.075888,51.528321,3,2,1,2015-08-25,3,August,16:00:00,16,1,2,30
201501GD10710,-0.072052,51.574749,3,1,1,2015-09-11,6,September,17:55:00,17,1,1,30
201501GD10711,-0.07543,51.549446,3,2,1,2015-09-11,6,September,14:45:00,14,1,1,30
201501GD10712,-0.068434,51.554547,3,2,1,2015-09-02,4,September,00:50:00,0,1,1,20
201501GD10713,-0.073229,51.563978,3,2,1,2015-09-07,2,September,17:35:00,17,1,1,30
201501GD10714,-0.073191,51.564876,3,1,2,2015-09-11,6,September,21:03:00,21,2,2,30
201501GD10715,-0.073931,51.543936,3,1,1,2015-08-26,4,August,10:10:00,10,1,1,30
201501GD10717,-0.047139,51.54655,3,2,1,2015-09-01,3,September,17:24:00,17,1,1,30
201501GD10718,-0.056661,51.560018,3,1,1,2015-08-28,6,August,19:37:00,19,1,1,30
201501GD10721,-0.068344,51.549869,3,2,1,2015-08-16,1,August,12:15:00,12,1,1,30
201501GD10722,-0.085698,51.552222,3,1,1,2015-09-14,2,September,16:54:00,16,2,2,30
201501GD10723,-0.072363,51.574215,3,1,1,2015-09-02,4,September,20:49:00,20,1,1,30
201501GD10725,-0.056237,51.539508,3,2,1,2015-09-10,5,September,19:00:00,19,1,1,30
201501GD10726,-0.049286,51.546946,3,1,1,2015-09-13,1,September,01:42:00,1,1,1,30
201501GD10727,-0.060965,51.567373,3,1,1,2015-09-16,4,September,00:30:00,0,1,1,30
201501GD10729,-0.048428,51.546752,3,2,1,2015-09-08,3,September,18:30:00,18,1,1,30
201501GD10730,-0.082031,51.536515,3,2,1,2015-08-18,3,August,14:30:00,14,1,1,30
201501GD10731,-0.074295,51.559229,3,2,1,2015-09-08,3,September,19:18:00,19,1,1,30
201501GD10732,-0.092295,51.56348,3,2,1,2015-09-17,5,September,06:27:00,6,2,2,30
201501GD10735,-0.055281,51.558556,3,2,1,2015-08-27,5,August,17:10:00,17,1,1,30
201501GD10737,-0.089891,51.555438,3,2,1,2015-09-16,4,September,08:30:00,8,2,2,30
201501GD10738,-0.077401,51.530054,3,2,1,2015-09-18,6,September,08:05:00,8,1,1,30
201501GD10739,-0.068258,51.565515,2,1,1,2015-09-20,1,September,17:30:00,17,1,1,20
201501GD10740,-0.055331,51.547226,3,1,1,2015-09-19,7,September,15:45:00,15,1,1,30
201501GD10741,-0.044166,51.551986,3,2,1,2015-09-20,1,September,05:40:00,5,1,1,30
201501GD10743,-0.078557,51.523149,3,2,1,2015-09-21,2,September,15:45:00,15,2,2,30
201501GD10744,-0.074587,51.555727,3,2,1,2015-09-21,2,September,12:55:00,12,1,2,30
201501GD10745,-0.051159,51.546977,3,2,1,2015-09-15,3,September,21:00:00,21,1,1,30
201501GD10746,-0.078129,51.526469,3,2,1,2015-09-21,2,September,14:24:00,14,1,2,30
201501GD10750,-0.055501,51.539855,3,2,1,2015-09-22,3,September,14:30:00,14,1,1,30
201501GD10751,-0.082361,51.535531,3,2,1,2015-09-22,3,September,07:40:00,7,2,2,30
201501GD10752,-0.055409,51.542012,3,2,1,2015-09-22,3,September,21:00:00,21,1,1,30
201501GD10753,-0.079103,51.530712,3,2,1,2015-08-17,2,August,20:20:00,20,1,1,30
201501GD10754,-0.070626,51.560698,3,2,1,2015-08-26,4,August,17:15:00,17,1,1,30
201501GD10755,-0.103026,51.565632,3,3,2,2015-09-20,1,September,08:20:00,8,1,1,30
201501GD10756,-0.068897,51.553835,3,2,1,2015-09-22,3,September,21:20:00,21,1,2,30
201501GD10757,-0.07645,51.542359,3,2,1,2015-09-17,5,September,00:11:00,0,2,2,30
201501GD10758,-0.077003,51.536073,2,2,1,2015-09-23,4,September,13:55:00,13,1,1,30
201501GD10759,-0.090027,51.55562,3,1,1,2015-09-23,4,September,17:40:00,17,1,1,30
201501GD10760,-0.080945,51.524627,3,2,1,2015-09-20,1,September,15:45:00,15,1,1,30
201501GD10761,-0.0889,51.527455,3,2,1,2015-09-16,4,September,18:40:00,18,2,2,30
201501GD10762,-0.085801,51.539454,3,2,1,2015-09-07,2,September,15:45:00,15,1,1,30
201501GD10765,-0.074587,51.555727,3,2,1,2015-09-28,2,September,17:15:00,17,1,1,30
201501GD10766,-0.045343,51.537978,3,2,1,2015-09-25,6,September,18:00:00,18,1,1,30
201501GD10768,-0.048086,51.548005,3,2,1,2015-09-25,6,September,17:40:00,17,1,1,30
201501GD10769,-0.077071,51.534455,3,2,1,2015-09-26,7,September,01:50:00,1,1,1,30
201501GD10771,-0.077344,51.524568,3,2,1,2015-09-24,5,September,16:20:00,16,1,1,30
201501GD10772,-0.09065,51.557968,2,1,1,2015-09-22,3,September,11:07:00,11,2,2,30
201501GD10773,-0.07318,51.565146,3,2,1,2015-09-03,5,September,07:40:00,7,1,1,30
201501GD10774,-0.085919,51.574437,3,2,1,2015-09-15,3,September,18:25:00,18,1,2,30
201501GD10775,-0.08724,51.532643,3,2,2,2015-09-24,5,September,02:00:00,2,2,2,30
201501GD10776,-0.072925,51.571167,3,2,1,2015-09-07,2,September,11:00:00,11,1,1,30
201501GD10777,-0.069382,51.562835,3,2,1,2015-09-14,2,September,09:15:00,9,1,1,30
201501GD10778,-0.096039,51.570555,3,2,1,2015-09-30,4,September,06:15:00,6,1,1,30
201501GD10779,-0.057752,51.544568,2,1,1,2015-10-01,5,October,12:45:00,12,1,1,30
201501GD10780,-0.069645,51.553218,3,2,1,2015-10-30,6,October,21:06:00,21,1,1,30
201501GD10781,-0.059351,51.537491,3,2,1,2015-09-30,4,September,16:10:00,16,1,1,30
201501GD10782,-0.072967,51.570178,2,1,1,2015-09-10,5,September,21:03:00,21,1,1,30
201501GD10783,-0.074936,51.554294,3,2,1,2015-09-10,5,September,11:49:00,11,1,1,30
201501GD10784,-0.070984,51.548833,3,2,1,2015-09-13,1,September,10:00:00,10,1,1,30
201501GD10786,-0.070008,51.531012,3,2,1,2015-10-02,6,October,08:15:00,8,1,1,30
201501GD10787,-0.073142,51.566045,3,2,1,2015-10-02,6,October,18:45:00,18,1,1,30
201501GD10788,-0.073939,51.560842,3,1,1,2015-09-28,2,September,13:51:00,13,1,1,30
201501GD10789,-0.077571,51.529428,3,2,1,2015-10-05,2,October,19:51:00,19,2,2,30
201501GD10791,-0.076738,51.538946,3,2,1,2015-09-11,6,September,09:30:00,9,1,1,30
201501GD10792,-0.087682,51.553063,3,2,1,2015-10-03,7,October,22:45:00,22,1,1,30
201501GD10794,-0.079519,51.555088,3,2,1,2015-09-24,5,September,21:30:00,21,1,1,30
201501GD10796,-0.089071,51.554345,2,1,1,2015-09-18,6,September,15:00:00,15,1,1,30
201501GD10797,-0.055241,51.545966,3,3,3,2015-10-07,4,October,12:45:00,12,2,2,30
201501GD10798,-0.060288,51.549376,3,2,1,2015-10-08,5,October,19:16:00,19,1,1,30
201501GD10799,-0.102084,51.563998,3,4,1,2015-10-11,1,October,00:14:00,0,1,1,30
201501GD10800,-0.054412,51.558631,3,1,1,2015-10-11,1,October,11:15:00,11,1,1,30
201501GD10801,-0.058536,51.54647,3,1,1,2015-10-05,2,October,22:00:00,22,2,2,30
201501GD10802,-0.094462,51.528894,3,2,1,2015-09-30,4,September,07:05:00,7,1,1,30
201501GD10803,-0.05731,51.55832,3,1,2,2015-10-12,2,October,23:28:00,23,1,1,30
201501GD10804,-0.054224,51.546129,3,2,1,2015-10-12,2,October,19:40:00,19,1,1,30
201501GD10806,-0.053056,51.546469,3,2,1,2015-10-06,3,October,06:35:00,6,1,1,30
201501GD10807,-0.058554,51.549438,3,2,2,2015-09-28,2,September,19:24:00,19,1,1,30
201501GD10808,-0.078095,51.527278,3,1,1,2015-09-27,1,September,02:01:00,2,1,1,30
201501GD10811,-0.055415,51.545249,3,1,2,2015-10-12,2,October,14:00:00,14,1,1,30
201501GD10812,-0.074493,51.557973,3,3,1,2015-10-08,5,October,14:00:00,14,1,1,30
201501GD10813,-0.085063,51.526133,3,3,1,2015-07-30,5,July,14:05:00,14,1,1,30
201501GD10814,-0.080161,51.52956,3,1,1,2015-09-18,6,September,09:50:00,9,1,1,30
201501GD10815,-0.078091,51.527368,3,1,1,2015-10-09,6,October,13:17:00,13,1,1,20
201501GD10816,-0.075456,51.548817,3,2,1,2015-10-04,1,October,16:37:00,16,1,1,20
201501GD10818,-0.072324,51.53078,3,2,1,2015-09-18,6,September,14:45:00,14,2,2,30
201501GD10819,-0.076882,51.538949,3,2,1,2015-10-02,6,October,11:00:00,11,1,1,30
201501GD10821,-0.04746,51.542419,3,2,1,2015-10-01,5,October,23:50:00,23,1,1,30
201501GD10822,-0.046051,51.545004,2,1,1,2015-10-14,4,October,07:10:00,7,1,1,30
201501GD10823,-0.072921,51.571257,3,2,1,2015-10-11,1,October,18:10:00,18,1,1,30
201501GD10824,-0.043747,51.548292,3,2,1,2015-10-07,4,October,08:45:00,8,1,1,30
201501GD10825,-0.077348,51.524478,3,2,1,2015-09-24,5,September,20:10:00,20,1,1,30
201501GD10826,-0.072902,51.571706,3,2,1,2015-09-26,7,September,08:40:00,8,1,1,30
201501GD10827,-0.07469,51.556718,3,2,1,2015-10-12,2,October,10:33:00,10,1,1,30
201501GD10828,-0.096168,51.570917,3,2,1,2015-10-05,2,October,06:43:00,6,1,2,30
201501GD10829,-0.049278,51.560614,3,1,1,2015-10-13,3,October,08:10:00,8,1,1,30
201501GD10831,-0.038812,51.549019,3,2,1,2015-10-18,1,October,00:53:00,0,1,1,30
201501GD10832,-0.090754,51.527934,3,2,2,2015-10-19,2,October,15:03:00,15,1,1,30
201501GD10833,-0.075866,51.545946,3,2,1,2015-10-15,5,October,08:50:00,8,1,1,30
201501GD10834,-0.047077,51.547988,3,2,1,2015-10-22,5,October,21:25:00,21,1,1,30
201501GD10835,-0.055442,51.54462,3,1,1,2015-10-18,1,October,13:10:00,13,1,1,30
201501GD10836,-0.073217,51.571082,3,1,1,2015-10-05,2,October,17:49:00,17,2,2,30
201501GD10837,-0.051436,51.540507,3,2,1,2015-09-18,6,September,14:53:00,14,2,2,30
201501GD10838,-0.064602,51.573458,3,1,2,2015-10-18,1,October,13:24:00,13,1,1,20
201501GD10840,-0.087539,51.528961,3,2,1,2015-10-21,4,October,16:54:00,16,1,1,20
201501GD10841,-0.084507,51.553102,2,2,1,2015-10-09,6,October,09:05:00,9,1,1,20
201501GD10842,-0.049993,51.537156,3,1,1,2015-10-25,1,October,00:05:00,0,2,2,30
201501GD10843,-0.082159,51.526625,3,2,1,2015-10-23,6,October,17:35:00,17,1,1,30
201501GD10844,-0.04869,51.560874,3,1,2,2015-10-24,7,October,13:28:00,13,1,2,30
201501GD10845,-0.073431,51.535295,3,1,1,2015-10-12,2,October,08:30:00,8,1,1,20
201501GD10846,-0.084064,51.556781,3,1,1,2015-10-12,2,October,13:10:00,13,1,1,30
201501GD10847,-0.080154,51.533157,3,1,1,2015-10-23,6,October,15:48:00,15,1,1,30
201501GD10848,-0.085018,51.530629,3,2,1,2015-10-05,2,October,18:09:00,18,1,2,30
201501GD10850,-0.080673,51.561942,3,2,1,2015-10-15,5,October,08:10:00,8,1,1,30
201501GD10851,-0.027324,51.547838,3,2,1,2015-09-03,5,September,10:40:00,10,1,1,30
201501GD10852,-0.063004,51.560122,3,2,1,2015-10-24,7,October,23:01:00,23,1,1,30
201501GD10853,-0.096032,51.570735,3,2,2,2015-08-31,2,August,22:45:00,22,1,1,30
201501GD10854,-0.035675,51.54483,3,2,1,2015-10-16,6,October,15:48:00,15,1,1,20
201501GD10855,-0.09618,51.570647,3,1,1,2015-10-24,7,October,02:45:00,2,1,1,30
201501GD10857,-0.077268,51.5332,2,2,1,2015-10-17,7,October,12:30:00,12,1,1,30
201501GD10859,-0.058819,51.56356,3,2,1,2015-10-29,5,October,18:24:00,18,1,1,30
201501GD10860,-0.057657,51.563721,3,2,1,2015-10-29,5,October,20:37:00,20,1,1,30
201501GD10861,-0.083634,51.529257,2,2,1,2015-05-13,4,May,20:15:00,20,1,1,30
201501GD10864,-0.0526,51.540257,3,2,1,2015-10-16,6,October,10:50:00,10,1,1,30
201501GD10865,-0.060965,51.567373,3,1,1,2015-10-20,3,October,07:30:00,7,1,1,30
201501GD10866,-0.077068,51.534545,3,2,1,2015-10-20,3,October,09:30:00,9,1,1,30
201501GD10868,-0.06408,51.551777,3,1,1,2015-10-30,6,October,07:03:00,7,1,1,30
201501GD10869,-0.029381,51.546973,3,2,1,2015-10-23,6,October,16:45:00,16,1,1,30
201501GD10872,-0.076749,51.538677,3,1,1,2015-11-01,1,November,02:45:00,2,7,2,30
201501GD10873,-0.073252,51.563439,3,2,2,2015-11-01,1,November,21:05:00,21,1,1,30
201501GD10874,-0.073176,51.565236,2,1,1,2015-11-01,1,November,14:15:00,14,1,1,30
201501GD10875,-0.078466,51.521889,3,1,1,2015-10-31,7,October,11:55:00,11,1,1,30
201501GD10876,-0.064843,51.550801,2,1,1,2015-10-30,6,October,07:44:00,7,2,2,30
201501GD10877,-0.078853,51.574321,3,2,1,2015-10-04,1,October,16:10:00,16,1,1,30
201501GD10880,-0.073085,51.557141,3,2,1,2015-11-05,5,November,10:15:00,10,1,2,20
201501GD10881,-0.051011,51.547064,3,2,1,2015-11-02,2,November,19:07:00,19,2,2,30
201501GD10882,-0.061374,51.567919,3,2,1,2015-11-05,5,November,07:32:00,7,1,2,30
201501GD10883,-0.074963,51.553665,3,1,1,2015-10-13,3,October,12:17:00,12,1,1,30
201501GD10884,-0.078098,51.527188,3,2,1,2015-10-22,5,October,08:20:00,8,1,1,30
201501GD10885,-0.071815,51.546239,3,2,1,2015-10-26,2,October,11:35:00,11,1,1,30
201501GD10886,-0.056926,51.560562,3,2,1,2015-10-27,3,October,11:27:00,11,1,1,30
201501GD10887,-0.096032,51.570735,3,2,1,2015-11-09,2,November,06:15:00,6,1,1,30
201501GD10888,-0.08151,51.524906,3,1,1,2015-11-05,5,November,23:00:00,23,1,2,30
201501GD10889,-0.077875,51.529073,3,1,1,2015-11-06,6,November,19:25:00,19,1,1,30
201501GD10890,-0.020562,51.550781,3,2,1,2015-11-09,2,November,01:13:00,1,1,1,30
201501GD10891,-0.073946,51.560662,3,1,1,2015-11-08,1,November,04:50:00,4,1,1,30
201501GD10892,-0.062673,51.564523,3,2,1,2015-10-14,4,October,19:31:00,19,1,1,30
201501GD10893,-0.094392,51.56855,3,1,1,2015-10-30,6,October,22:50:00,22,1,1,30
201501GD10894,-0.056669,51.559838,3,2,1,2015-11-10,3,November,19:45:00,19,1,1,30
201501GD10895,-0.061098,51.567645,3,2,1,2015-11-09,2,November,19:30:00,19,1,1,30
201501GD10896,-0.03677,51.546198,3,2,1,2015-11-10,3,November,09:20:00,9,1,1,30
201501GD10897,-0.092748,51.528506,3,2,1,2015-08-07,6,August,15:15:00,15,1,1,30
201501GD10899,-0.051204,51.562805,3,2,1,2015-11-14,7,November,22:56:00,22,2,2,30
201501GD10900,-0.072866,51.538433,3,1,1,2015-11-11,4,November,17:18:00,17,1,1,20
201501GD10902,-0.073062,51.567932,3,2,1,2015-10-23,6,October,15:45:00,15,1,1,30
201501GD10903,-0.075471,51.548457,3,2,1,2015-10-29,5,October,16:25:00,16,1,2,30
201501GD10904,-0.056305,51.558213,3,2,1,2015-11-05,5,November,16:50:00,16,4,2,30
201501GD10905,-0.049979,51.540842,3,1,1,2015-11-11,4,November,18:37:00,18,1,1,30
201501GD10906,-0.074845,51.546199,3,1,1,2015-11-05,5,November,09:10:00,9,1,2,30
201501GD10907,-0.068788,51.546189,2,2,1,2015-11-10,3,November,06:50:00,6,1,1,30
201501GD10908,-0.069263,51.572455,3,1,1,2015-11-08,1,November,14:05:00,14,1,1,30
201501GD10909,-0.092432,51.563662,3,1,1,2015-11-09,2,November,21:59:00,21,1,1,30
201501GD10910,-0.092572,51.563754,3,1,1,2015-10-22,5,October,00:01:00,0,1,1,30
201501GD10911,-0.086436,51.531191,3,2,1,2015-11-10,3,November,09:30:00,9,1,2,30
201501GD10913,-0.076726,51.539216,3,2,1,2015-11-19,5,November,09:00:00,9,2,2,20
201501GD10914,-0.103766,51.565195,3,1,1,2015-11-17,3,November,07:10:00,7,1,1,30
201501GD10915,-0.043599,51.54838,3,2,1,2015-11-12,5,November,16:40:00,16,1,1,30
201501GD10916,-0.080566,51.526779,3,2,1,2015-11-20,6,November,20:03:00,20,1,1,20
201501GD10917,-0.072986,51.566312,3,1,1,2015-11-07,7,November,06:03:00,6,1,1,30
201501GD10918,-0.102878,51.56572,3,2,2,2015-11-08,1,November,14:00:00,14,1,1,30
201501GD10919,-0.055676,51.556045,3,2,1,2015-11-23,2,November,15:25:00,15,1,1,20
201501GD10920,-0.055409,51.542012,3,2,1,2015-11-17,3,November,10:10:00,10,1,2,30
201501GD10921,-0.056685,51.539155,3,2,2,2015-11-07,7,November,01:20:00,1,1,1,30
201501GD10922,-0.050894,51.546433,3,1,1,2015-11-25,4,November,08:50:00,8,1,2,30
201501GD10923,-0.075528,51.550527,3,2,1,2015-11-24,3,November,20:05:00,20,1,2,30
201501GD10924,-0.076002,51.546128,3,1,1,2015-11-25,4,November,20:17:00,20,1,1,20
201501GD10925,-0.104509,51.564667,3,2,1,2015-11-17,3,November,08:51:00,8,2,2,30
201501GD10927,-0.059524,51.543609,3,2,1,2015-11-25,4,November,22:15:00,22,1,1,30
201501GD10929,-0.045924,51.547969,3,1,1,2015-11-27,6,November,20:44:00,20,1,1,20
201501GD10930,-0.073404,51.546175,2,2,1,2015-11-07,7,November,15:15:00,15,1,1,30
201501GD10931,-0.07908,51.562095,3,2,1,2015-11-28,7,November,13:10:00,13,1,2,30
201501GD10932,-0.095319,51.529088,3,2,1,2015-11-28,7,November,12:32:00,12,1,1,30
201501GD10934,-0.065286,51.570951,3,1,1,2015-11-24,3,November,07:33:00,7,1,1,30
201501GD10935,-0.083594,51.56109,3,2,1,2015-11-14,7,November,22:40:00,22,2,2,30
201501GD10936,-0.063471,51.545742,3,1,1,2015-11-25,4,November,16:25:00,16,1,1,20
201501GD10937,-0.079189,51.556072,3,2,1,2015-11-16,2,November,09:00:00,9,1,2,20
201501GD10938,-0.05693,51.560472,3,2,1,2015-11-19,5,November,09:15:00,9,1,1,30
201501GD10939,-0.075426,51.549536,2,1,1,2015-11-14,7,November,09:00:00,9,2,2,20
201501GD10940,-0.068245,51.555623,3,1,1,2015-11-29,1,November,14:30:00,14,1,1,30
201501GD10941,-0.077876,51.546159,3,1,1,2015-11-15,1,November,14:17:00,14,4,1,30
201501GD10942,-0.084246,51.555885,3,3,2,2015-11-26,5,November,03:08:00,3,1,1,20
201501GD10943,-0.070431,51.538033,3,2,1,2015-11-24,3,November,22:42:00,22,1,2,30
201501GD10945,-0.056208,51.553715,3,2,1,2015-11-07,7,November,19:30:00,19,1,2,30
201501GD10946,-0.056582,51.558488,3,1,2,2015-12-03,5,December,11:52:00,11,1,1,30
201501GD10947,-0.07767,51.527091,3,1,1,2015-10-30,6,October,01:35:00,1,1,1,30
201501GD10948,-0.08369,51.545085,3,2,1,2015-11-20,6,November,16:30:00,16,1,1,20
201501GD10949,-0.092568,51.563844,3,2,1,2015-12-03,5,December,06:22:00,6,1,1,20
201501GD10952,-0.059559,51.549544,3,1,1,2015-11-28,7,November,14:08:00,14,1,1,30
201501GD10953,-0.078018,51.522241,3,1,1,2015-12-04,6,December,03:47:00,3,1,1,30
201501GD10954,-0.075498,51.547828,3,1,1,2015-12-03,5,December,13:12:00,13,1,1,30
201501GD10955,-0.076598,51.542271,3,1,1,2015-11-27,6,November,19:40:00,19,5,2,30
201501GD10958,-0.078083,51.527548,3,2,1,2015-12-04,6,December,17:25:00,17,1,1,30
201501GD10961,-0.073085,51.567393,3,1,1,2015-12-04,6,December,08:10:00,8,1,1,30
201501GD10962,-0.080888,51.522558,3,1,1,2015-12-05,7,December,23:57:00,23,1,1,20
201501GD10963,-0.083061,51.525741,3,2,1,2015-11-27,6,November,15:04:00,15,2,2,30
201501GD10964,-0.064926,51.569237,3,2,1,2015-11-26,5,November,18:20:00,18,1,1,20
201501GD10965,-0.078068,51.527907,3,2,1,2015-12-03,5,December,19:25:00,19,2,2,20
201501GD10967,-0.082361,51.535531,3,2,1,2015-12-05,7,December,18:36:00,18,4,1,20
201501GD10968,-0.096305,51.571099,2,2,1,2015-11-29,1,November,06:35:00,6,1,1,30
201501GD10969,-0.073897,51.56183,3,2,1,2015-12-02,4,December,17:15:00,17,2,2,30
201501GD10970,-0.03108,51.551048,3,2,1,2015-12-03,5,December,22:00:00,22,5,2,20
201501GD10971,-0.101071,51.564072,3,2,1,2015-12-03,5,December,16:44:00,16,1,1,30
201501GD10972,-0.075464,51.548637,3,1,1,2015-12-04,6,December,11:28:00,11,1,1,30
201501GD10973,-0.086367,51.525975,2,3,1,2015-12-06,1,December,02:55:00,2,1,2,30
201501GD10975,-0.038569,51.544609,3,1,1,2015-12-07,2,December,09:50:00,9,1,1,30
201501GD10976,-0.060309,51.565833,3,2,1,2015-12-09,4,December,11:10:00,11,1,1,20
201501GD10977,-0.087804,51.526088,3,1,1,2015-10-30,6,October,00:01:00,0,2,2,30
201501GD10978,-0.080702,51.523544,3,2,1,2015-11-27,6,November,20:40:00,20,2,2,20
201501GD10979,-0.057232,51.536467,3,2,1,2015-12-11,6,December,12:20:00,12,2,2,30
201501GD10980,-0.04165,51.553473,3,2,1,2015-12-13,1,December,18:35:00,18,1,2,30
201501GD10981,-0.077033,51.535354,3,2,1,2015-12-12,7,December,04:45:00,4,1,1,30
201501GD10982,-0.087777,51.526717,3,2,1,2015-12-12,7,December,23:23:00,23,1,2,30
201501GD10983,-0.074318,51.55869,3,2,1,2015-12-12,7,December,10:21:00,10,1,2,30
201501GD10984,-0.059711,51.549367,3,1,1,2015-12-09,4,December,18:25:00,18,1,1,20
201501GD10985,-0.062455,51.545905,3,2,1,2015-11-30,2,November,10:30:00,10,1,2,30
201501GD10987,-0.05746,51.534492,3,2,1,2015-12-05,7,December,02:00:00,2,1,1,30
201501GD10988,-0.073404,51.546175,3,2,1,2015-12-05,7,December,22:10:00,22,1,1,20
201501GD10989,-0.055405,51.542102,3,2,1,2015-12-13,1,December,19:25:00,19,1,1,30
201501GD10990,-0.083315,51.526554,3,2,1,2015-12-05,7,December,06:30:00,6,1,1,30
201501GD10991,-0.080376,51.524438,3,2,2,2015-12-09,4,December,00:25:00,0,1,1,30
201501GD10992,-0.055992,51.545259,3,1,1,2015-12-05,7,December,15:50:00,15,1,1,20
201501GD10993,-0.076457,51.542179,3,3,2,2015-07-31,6,July,01:00:00,1,1,1,30
201501GD10994,-0.082477,51.546504,3,2,1,2015-12-08,3,December,17:10:00,17,1,1,30
201501GD10995,-0.055119,51.555586,3,2,1,2015-12-15,3,December,16:10:00,16,2,2,30
201501GD10997,-0.080252,51.53082,2,2,1,2015-12-17,5,December,08:50:00,8,1,1,30
201501GD10998,-0.084435,51.554809,3,2,1,2015-12-08,3,December,20:45:00,20,1,1,30
201501GD10999,-0.047135,51.54664,3,2,3,2015-12-05,7,December,10:14:00,10,1,1,30
201501GD11000,-0.082031,51.536515,3,2,1,2015-12-18,6,December,17:27:00,17,1,1,20
201501GD11001,-0.056537,51.539243,3,1,1,2015-12-19,7,December,06:50:00,6,1,1,30
201501GD11002,-0.096715,51.571645,3,2,2,2015-12-19,7,December,23:30:00,23,1,1,20
201501GD11003,-0.056643,51.540144,3,1,1,2015-12-20,1,December,13:11:00,13,1,1,20
201501GD11004,-0.055388,51.55604,2,2,1,2015-12-10,5,December,15:55:00,15,1,1,20
201501GD11005,-0.040989,51.548696,3,2,1,2015-12-14,2,December,11:38:00,11,1,1,30
201501GD11006,-0.081623,51.542803,2,2,2,2015-12-10,5,December,16:40:00,16,2,2,20
201501GD11007,-0.080384,51.524258,3,2,1,2015-12-09,4,December,12:30:00,12,1,1,30
201501GD11008,-0.07063,51.560608,3,2,1,2015-12-21,2,December,13:55:00,13,2,2,20
201501GD11009,-0.07698,51.536612,3,2,1,2015-12-21,2,December,09:30:00,9,1,1,30
201501GD11010,-0.073062,51.567932,3,2,5,2015-12-22,3,December,19:05:00,19,2,2,30
201501GD11011,-0.055405,51.542102,3,2,1,2015-12-14,2,December,17:50:00,17,1,1,30
201501GD11012,-0.075031,51.552047,3,2,1,2015-12-22,3,December,09:55:00,9,1,1,30
201501GD11014,-0.076639,51.534448,3,2,1,2015-12-23,4,December,17:23:00,17,1,1,30
201501GD11015,-0.075669,51.547202,3,2,2,2015-12-23,4,December,19:55:00,19,1,1,30
201501GD11017,-0.057457,51.561649,3,1,1,2015-12-22,3,December,21:45:00,21,2,2,30
201501GD11018,-0.06347,51.562738,3,2,2,2015-12-26,7,December,14:20:00,14,1,1,20
201501GD11019,-0.036076,51.545556,2,2,1,2015-12-24,5,December,13:51:00,13,1,1,30
201501GD11021,-0.102882,51.56563,3,2,1,2015-12-23,4,December,17:40:00,17,1,1,30
201501GD11022,-0.069642,51.546473,3,2,1,2015-12-24,5,December,13:59:00,13,1,2,30
201501GD11023,-0.072955,51.570448,3,2,1,2015-12-28,2,December,13:08:00,13,1,1,20
201501GD11025,-0.075198,51.548093,3,2,1,2015-12-26,7,December,02:05:00,2,1,1,20
201501GD11026,-0.063004,51.560122,3,2,1,2015-12-15,3,December,18:30:00,18,2,2,30
201501GD11027,-0.05604,51.557669,3,2,1,2015-12-25,6,December,08:00:00,8,1,1,30
201501GD11028,-0.071011,51.548204,3,1,1,2015-12-28,2,December,16:00:00,16,1,1,30
201501GD11029,-0.067382,51.562353,3,1,1,2015-12-27,1,December,09:15:00,9,1,2,20
201501GD11031,-0.074644,51.544127,3,2,1,2015-12-17,5,December,03:15:00,3,1,1,20
201501GD11032,-0.044427,51.55262,3,2,1,2015-11-30,2,November,20:38:00,20,2,2,20
201501GD11033,-0.081059,51.521931,2,1,1,2015-12-15,3,December,20:02:00,20,2,2,30
201501GD11034,-0.050894,51.559922,3,3,1,2015-12-17,5,December,18:33:00,18,2,2,20
201501GD11036,-0.087244,51.573829,2,1,1,2015-12-25,6,December,19:05:00,19,1,1,30
201501GD11040,-0.054207,51.549905,3,2,1,2015-12-30,4,December,17:45:00,17,1,1,30
201501GD11041,-0.051163,51.546887,3,2,2,2015-12-15,3,December,16:10:00,16,2,2,20
201501GD11047,-0.060176,51.565561,2,1,1,2015-11-24,3,November,19:03:00,19,1,1,30
201501GD11049,-0.099757,51.567917,3,1,1,2015-12-07,2,December,19:00:00,19,1,1,30
201501GD11050,-0.079959,51.524071,3,1,1,2015-11-27,6,November,17:18:00,17,1,1,30
201501GD11054,-0.067355,51.545986,3,1,1,2015-12-17,5,December,10:43:00,10,1,1,20
201501GD11056,-0.048332,51.548998,3,2,1,2015-12-21,2,December,15:36:00,15,1,1,30
201501GD11057,-0.066518,51.558921,3,2,2,2015-12-21,2,December,17:30:00,17,1,2,20
201501GD11062,-0.055438,51.54471,3,2,1,2015-12-02,4,December,09:24:00,9,1,1,30
201501GD11063,-0.039977,51.548769,3,3,1,2015-12-27,1,December,19:40:00,19,1,1,30
201501GD11066,-0.058997,51.562754,3,2,1,2015-12-30,4,December,06:03:00,6,4,2,30
201501GD11068,-0.069719,51.531007,3,2,1,2015-12-30,4,December,16:00:00,16,1,1,30
201501GD11074,-0.085491,51.52623,3,2,1,2015-12-24,5,December,21:56:00,21,1,1,30
201501GD11079,-0.058819,51.56356,3,2,1,2015-11-01,1,November,20:23:00,20,1,1,30
201501GD19005,-0.09827,51.568972,3,2,1,2015-11-19,5,November,20:25:00,20,1,1,30
201501GD19006,-0.070497,51.560336,3,2,2,2015-10-21,4,October,16:28:00,16,2,2,20
201501GD19024,-0.058128,51.56283,3,2,1,2015-12-24,5,December,17:15:00,17,2,2,30
201501GD19026,-0.059765,51.55827,3,1,1,2015-12-11,6,December,15:46:00,15,1,1,30
201501GD19107,-0.026385,51.539549,3,1,1,2015-12-28,2,December,06:45:00,6,1,1,50
201501GD19113,-0.073134,51.569641,3,2,1,2015-11-12,5,November,12:35:00,12,1,1,30
201501GD19175,-0.096708,51.571825,3,2,1,2015-09-26,7,September,19:15:00,19,1,1,30
201501GD19177,-0.072515,51.574038,3,2,1,2015-07-29,4,July,12:00:00,12,1,1,30
201501GD19178,-0.095895,51.570553,3,2,1,2015-07-22,4,July,18:00:00,18,1,1,30
201501GD19179,-0.057232,51.536467,3,2,1,2015-07-14,3,July,19:15:00,19,1,1,30
201501HT20002,-0.068494,51.508865,3,2,1,2015-01-07,4,January,10:00:00,10,1,1,30
201501HT20004,0.00044,51.513285,3,2,1,2015-01-05,2,January,22:30:00,22,1,1,30
201501HT20007,-0.02156,51.527777,3,2,1,2015-01-08,5,January,18:53:00,18,1,1,30
201501HT20011,-0.020078,51.488814,3,2,1,2015-01-09,6,January,01:50:00,1,2,2,30
201501HT20012,-0.072434,51.524757,3,1,1,2015-01-11,1,January,03:00:00,3,4,1,30
201501HT20013,-0.014936,51.511029,3,2,1,2015-01-09,6,January,21:33:00,21,1,2,30
201501HT20017,-0.035081,51.525127,3,1,1,2015-01-12,2,January,17:56:00,17,2,2,30
201501HT20019,-0.062459,51.528819,3,1,1,2015-01-10,7,January,18:10:00,18,1,1,30
201501HT20022,-0.061906,51.514692,3,2,1,2015-01-01,5,January,04:25:00,4,1,1,30
201501HT20023,-0.039227,51.512516,3,2,2,2015-01-05,2,January,01:30:00,1,1,1,30
201501HT20024,-0.010459,51.511223,3,2,1,2015-01-02,6,January,20:40:00,20,1,1,30
201501HT20025,-0.056461,51.520717,3,1,1,2015-01-01,5,January,23:50:00,23,1,2,30
201501HT20029,-0.025628,51.527036,3,2,1,2015-01-16,6,January,17:06:00,17,2,2,30
201501HT20030,-0.035233,51.524949,3,2,2,2015-01-16,6,January,16:45:00,16,1,1,30
201501HT20031,-0.016396,51.507276,3,3,1,2015-01-07,4,January,09:30:00,9,2,2,40
201501HT20033,-0.062614,51.518391,3,2,1,2015-01-15,5,January,07:20:00,7,1,1,30
201501HT20034,-0.074554,51.518947,3,1,1,2015-01-02,6,January,04:30:00,4,2,2,30
201501HT20035,-0.025729,51.511391,3,2,1,2015-01-09,6,January,17:04:00,17,1,2,30
201501HT20039,-0.048216,51.521389,3,2,1,2015-01-11,1,January,15:56:00,15,1,1,30
201501HT20040,-0.010312,51.51131,2,2,3,2015-01-12,2,January,19:39:00,19,2,2,30
201501HT20042,-0.057112,51.532508,3,2,1,2015-01-10,7,January,23:00:00,23,1,1,30
201501HT20046,-0.032166,51.512488,3,2,1,2015-01-18,1,January,22:50:00,22,1,1,30
201501HT20048,-0.034801,51.524942,3,2,1,2015-01-20,3,January,08:06:00,8,1,4,30
201501HT20049,-0.060927,51.517373,3,1,1,2015-01-12,2,January,09:00:00,9,1,1,30
201501HT20050,-0.07403,51.517679,3,2,1,2015-01-09,6,January,23:19:00,23,1,1,30
201501HT20052,-0.06493,51.514742,3,1,1,2015-01-12,2,January,17:10:00,17,4,2,30
201501HT20053,-0.003338,51.509303,3,2,1,2015-01-12,2,January,16:30:00,16,5,2,40
201501HT20054,-0.0745,51.516788,3,2,1,2015-01-18,1,January,04:20:00,4,2,2,30
201501HT20055,-0.074538,51.519306,3,2,1,2015-01-15,5,January,18:17:00,18,1,1,30
201501HT20056,-0.069826,51.521657,3,1,1,2015-01-14,4,January,23:45:00,23,5,2,30
201501HT20057,-0.061321,51.531858,3,2,1,2015-01-16,6,January,17:20:00,17,1,1,30
201501HT20059,-0.034801,51.524942,3,2,1,2015-01-21,4,January,08:20:00,8,1,1,30
201501HT20064,-0.075896,51.524724,3,2,2,2015-01-17,7,January,23:05:00,23,1,1,30
201501HT20065,-0.0706,51.513576,3,2,1,2015-01-07,4,January,12:04:00,12,1,1,30
201501HT20066,-0.034302,51.523135,2,2,1,2015-01-16,6,January,19:30:00,19,1,1,30
201501HT20068,-0.026113,51.499167,3,2,3,2015-01-18,1,January,21:18:00,21,1,2,30
201501HT20070,-0.01294,51.503891,3,1,1,2015-01-06,3,January,14:16:00,14,5,2,30
201501HT20073,-0.021412,51.527864,3,2,1,2015-01-20,3,January,17:10:00,17,1,1,30
201501HT20075,-0.066869,51.526824,3,1,1,2015-01-19,2,January,15:40:00,15,1,1,30
201501HT20076,-0.039932,51.52296,2,1,1,2015-01-19,2,January,19:19:00,19,1,1,30
201501HT20077,-0.058741,51.51455,3,1,1,2015-01-12,2,January,15:00:00,15,1,1,30
201501HT20078,-0.062902,51.518395,3,2,1,2015-01-26,2,January,18:40:00,18,1,1,30
201501HT20079,-0.067038,51.509201,3,2,1,2015-01-29,5,January,07:39:00,7,1,1,30
201501HT20082,-0.029298,51.51217,2,1,2,2015-01-28,4,January,16:30:00,16,1,1,30
201501HT20083,-0.067276,51.517208,2,1,1,2015-01-22,5,January,13:14:00,13,1,1,30
201501HT20084,-0.057519,51.519565,3,1,1,2015-01-19,2,January,07:35:00,7,1,2,30
201501HT20085,-0.023117,51.518451,2,2,1,2015-01-25,1,January,20:30:00,20,1,1,30
201501HT20086,-0.061177,51.531856,3,2,1,2015-01-22,5,January,19:50:00,19,1,1,30
201501HT20087,-0.025192,51.527119,3,1,1,2015-01-28,4,January,08:54:00,8,1,1,30
201501HT20088,-0.072264,51.515132,2,2,1,2015-01-22,5,January,07:40:00,7,1,2,30
201501HT20089,-0.070383,51.525533,3,2,3,2015-02-01,1,February,00:29:00,0,1,1,30
201501HT20090,-0.063049,51.518308,3,1,1,2015-01-22,5,January,23:20:00,23,1,1,30
201501HT20091,-0.044389,51.513142,3,2,1,2015-01-29,5,January,08:30:00,8,1,1,30
201501HT20094,-0.026557,51.505559,3,2,1,2015-02-04,4,February,07:27:00,7,8,1,30
201501HT20095,-0.071828,51.522049,3,1,1,2015-01-29,5,January,18:42:00,18,1,2,30
201501HT20096,-0.051123,51.520808,3,1,1,2015-02-05,5,February,18:40:00,18,1,1,30
201501HT20097,-0.034805,51.524852,3,1,1,2015-01-30,6,January,16:06:00,16,1,1,30
201501HT20099,-0.019103,51.521261,2,1,1,2015-02-02,2,February,13:21:00,13,1,1,30
201501HT20100,-0.008156,51.507856,3,2,1,2015-02-04,4,February,20:02:00,20,1,1,30
201501HT20101,-0.022393,51.508547,3,1,1,2015-02-05,5,February,01:08:00,1,1,2,40
201501HT20103,-0.058309,51.514542,3,2,1,2015-01-31,7,January,04:30:00,4,2,2,30
201501HT20104,-0.061065,51.510721,3,1,1,2015-01-31,7,January,11:15:00,11,1,1,30
201501HT20105,-0.069774,51.516081,2,2,1,2015-01-31,7,January,13:13:00,13,2,2,30
201501HT20106,-0.04212,51.522367,3,1,1,2015-02-04,4,February,09:55:00,9,1,1,30
201501HT20107,-0.062914,51.514709,3,2,1,2015-02-04,4,February,13:05:00,13,1,1,30
201501HT20108,-0.078386,51.520359,3,2,1,2015-02-03,3,February,09:25:00,9,1,2,30
201501HT20109,-0.025725,51.511481,3,1,1,2015-02-07,7,February,20:01:00,20,1,2,30
201501HT20110,-0.057248,51.53269,3,1,1,2015-01-31,7,January,02:15:00,2,1,1,30
201501HT20111,-0.065938,51.514758,3,1,1,2015-02-05,5,February,07:50:00,7,2,2,30
201501HT20112,-0.072867,51.511096,3,2,1,2015-01-22,5,January,08:35:00,8,1,2,30
201501HT20115,-0.067912,51.526032,3,1,1,2015-02-08,1,February,21:35:00,21,1,1,30
201501HT20117,-0.031469,51.528663,3,2,1,2015-01-30,6,January,08:22:00,8,1,1,30
201501HT20118,-0.032323,51.532274,3,2,2,2015-02-11,4,February,14:55:00,14,1,1,30
201501HT20119,-0.032173,51.525707,3,2,1,2015-02-15,1,February,13:20:00,13,1,1,40
201501HT20120,-0.070661,51.515556,3,2,1,2015-02-11,4,February,07:16:00,7,1,1,30
201501HT20121,-0.073053,51.510109,2,1,1,2015-02-16,2,February,19:14:00,19,2,2,30
201501HT20122,-0.058387,51.51949,3,1,1,2015-01-01,5,January,00:05:00,0,1,2,30
201501HT20123,-0.069774,51.516081,3,2,1,2015-02-12,5,February,19:52:00,19,1,1,30
201501HT20124,-0.072116,51.51522,3,2,1,2015-02-03,3,February,15:25:00,15,1,2,30
201501HT20125,-0.053427,51.514102,3,2,1,2015-02-20,6,February,23:55:00,23,1,1,30
201501HT20126,-0.062766,51.514796,3,2,1,2015-02-18,4,February,07:35:00,7,1,1,30
201501HT20127,-0.026787,51.510239,3,2,1,2015-02-12,5,February,07:30:00,7,1,1,50
201501HT20128,-0.046324,51.521807,3,2,1,2015-02-10,3,February,07:40:00,7,1,1,30
201501HT20130,-0.030739,51.518849,3,2,1,2015-02-07,7,February,13:05:00,13,1,1,30
201501HT20132,-0.075748,51.521394,3,2,1,2015-02-06,6,February,15:30:00,15,1,1,30
201501HT20133,-0.045452,51.521973,3,2,1,2015-02-11,4,February,09:15:00,9,1,1,30
201501HT20134,-0.066966,51.510909,3,2,1,2015-02-20,6,February,07:00:00,7,8,2,30
201501HT20135,-0.021124,51.52786,2,1,1,2015-02-16,2,February,01:00:00,1,7,2,30
201501HT20136,-0.072632,51.51325,3,2,1,2015-02-14,7,February,06:00:00,6,2,2,30
201501HT20137,-0.055008,51.514218,3,1,1,2015-02-07,7,February,20:20:00,20,1,1,30
201501HT20138,-0.029058,51.521069,3,2,1,2015-02-03,3,February,02:00:00,2,2,2,30
201501HT20139,-0.075645,51.520404,3,2,1,2015-02-21,7,February,12:54:00,12,1,1,30
201501HT20142,-0.055691,51.521873,3,2,1,2015-02-07,7,February,09:13:00,9,1,1,30
201501HT20143,-0.07472,51.525244,3,2,1,2015-02-07,7,February,23:55:00,23,1,1,30
201501HT20144,-0.054637,51.529679,3,2,1,2015-02-09,2,February,16:30:00,16,1,1,30
201501HT20145,-0.020163,51.513455,3,1,1,2015-02-10,3,February,22:33:00,22,1,1,30
201501HT20146,-0.037141,51.524172,3,3,1,2015-02-08,1,February,15:45:00,15,1,1,30
201501HT20148,-0.062898,51.518485,3,2,2,2015-02-12,5,February,22:49:00,22,1,1,30
201501HT20149,-0.013761,51.528095,3,2,1,2015-02-14,7,February,16:48:00,16,1,2,30
201501HT20150,-0.004516,51.512021,3,1,1,2015-02-15,1,February,22:12:00,22,2,2,40
201501HT20151,-0.042192,51.510588,3,2,1,2015-02-09,2,February,09:25:00,9,1,2,40
201501HT20152,-0.024249,51.508938,3,2,1,2015-02-13,6,February,17:25:00,17,2,2,40
201501HT20153,-0.040316,51.53079,3,2,1,2015-02-14,7,February,00:30:00,0,2,2,30
201501HT20154,-0.064945,51.5178,3,2,1,2015-02-10,3,February,22:20:00,22,1,1,30
201501HT20155,-0.075331,51.521028,3,2,1,2015-02-23,2,February,19:20:00,19,1,1,30
201501HT20156,-0.01654,51.507279,3,2,1,2015-02-16,2,February,09:50:00,9,1,2,50
201501HT20157,-0.008872,51.494739,3,2,1,2015-02-18,4,February,15:55:00,15,1,1,30
201501HT20158,-0.071536,51.5153,3,2,1,2015-03-02,2,March,09:00:00,9,1,1,30
201501HT20159,-0.009897,51.517508,3,1,1,2015-02-19,5,February,22:03:00,22,9,1,30
201501HT20160,-0.074436,51.518315,3,2,1,2015-02-26,5,February,10:30:00,10,2,2,30
201501HT20161,-0.011799,51.523475,3,2,1,2015-02-23,2,February,19:10:00,19,1,1,30
201501HT20163,-0.069338,51.516163,3,2,1,2015-02-16,2,February,11:50:00,11,1,1,30
201501HT20164,-0.059266,51.519145,3,1,1,2015-02-22,1,February,02:15:00,2,1,1,30
201501HT20165,-0.049209,51.52851,3,1,2,2015-02-17,3,February,16:25:00,16,1,1,30
201501HT20166,-0.006387,51.492269,3,3,2,2015-02-18,4,February,21:55:00,21,1,1,30
201501HT20168,-0.05572,51.51441,3,2,1,2015-02-26,5,February,12:45:00,12,2,2,30
201501HT20169,-0.027114,51.509346,3,1,1,2015-02-23,2,February,17:25:00,17,1,1,30
201501HT20171,-0.073439,51.511195,3,2,1,2015-03-01,1,March,03:13:00,3,1,1,30
201501HT20172,-0.005874,51.513932,3,2,1,2015-01-22,5,January,15:10:00,15,1,1,30
201501HT20173,-0.000012,51.512843,3,2,1,2015-03-04,4,March,07:45:00,7,1,1,40
201501HT20174,-0.055007,51.52438,3,2,1,2015-02-26,5,February,17:40:00,17,1,1,30
201501HT20175,-0.055824,51.528889,3,2,1,2015-02-19,5,February,21:10:00,21,1,2,30
201501HT20176,-0.046585,51.529186,3,1,1,2015-02-23,2,February,09:48:00,9,1,1,30
201501HT20177,-0.057651,51.509676,3,2,1,2015-02-17,3,February,17:30:00,17,1,2,30
201501HT20178,-0.058206,51.52713,3,1,1,2015-02-28,7,February,22:15:00,22,2,2,30
201501HT20179,-0.04099,51.53188,3,2,1,2015-03-03,3,March,07:00:00,7,1,1,30
201501HT20180,-0.046005,51.515777,3,1,1,2015-02-24,3,February,14:00:00,14,1,1,30
201501HT20181,-0.023194,51.500017,3,2,2,2015-02-26,5,February,23:00:00,23,1,1,30
201501HT20182,0.000708,51.512831,3,2,1,2015-02-24,3,February,13:50:00,13,1,1,50
201501HT20183,-0.071718,51.528073,3,1,1,2015-03-02,2,March,14:25:00,14,1,1,30
201501HT20184,-0.046464,51.5219,3,1,1,2015-01-27,3,January,17:00:00,17,1,1,30
201501HT20185,-0.066966,51.510909,3,2,1,2015-03-05,5,March,21:50:00,21,1,1,30
201501HT20186,-0.028249,51.526451,3,2,1,2015-03-04,4,March,17:20:00,17,1,1,30
201501HT20187,-0.016371,51.517797,3,2,1,2015-02-22,1,February,14:00:00,14,1,1,30
201501HT20188,-0.009396,51.499244,3,2,2,2015-03-03,3,March,17:30:00,17,1,1,30
201501HT20189,-0.044389,51.513142,3,2,1,2015-02-19,5,February,21:56:00,21,1,1,30
201501HT20190,-0.04265,51.51671,3,2,1,2015-03-07,7,March,21:30:00,21,1,1,30
201501HT20191,-0.02598,51.498895,3,1,1,2015-03-03,3,March,16:49:00,16,1,1,30
201501HT20192,-0.032026,51.512396,3,1,1,2015-03-10,3,March,11:30:00,11,1,1,30
201501HT20193,-0.040368,51.522877,3,2,1,2015-03-03,3,March,09:40:00,9,1,1,30
201501HT20195,-0.046117,51.513171,3,2,1,2015-01-25,1,January,13:00:00,13,1,1,30
201501HT20196,-0.031885,51.525702,3,2,1,2015-03-06,6,March,06:38:00,6,1,1,30
201501HT20197,-0.009269,51.508774,3,2,1,2015-03-08,1,March,22:30:00,22,1,1,30
201501HT20198,-0.024128,51.501742,3,2,1,2015-03-10,3,March,23:05:00,23,1,1,30
201501HT20199,-0.008454,51.514246,3,2,1,2015-03-01,1,March,14:25:00,14,1,1,50
201501HT20200,-0.036055,51.512553,3,3,1,2015-03-09,2,March,16:40:00,16,1,1,30
201501HT20201,-0.055457,51.527355,3,1,1,2015-03-09,2,March,08:45:00,8,1,1,30
201501HT20202,-0.070805,51.515558,3,2,1,2015-02-16,2,February,15:35:00,15,1,1,30
201501HT20203,-0.06133,51.514682,3,2,2,2015-03-01,1,March,14:30:00,14,1,1,30
201501HT20204,-0.019692,51.507692,3,2,1,2015-03-04,4,March,17:10:00,17,1,1,30
201501HT20205,-0.034797,51.525032,3,2,1,2015-03-16,2,March,05:35:00,5,2,2,30
201501HT20206,-0.056464,51.530788,3,2,1,2015-03-16,2,March,00:23:00,0,1,1,30
201501HT20207,-0.034306,51.523045,3,1,4,2015-03-13,6,March,08:28:00,8,1,1,30
201501HT20208,-0.073811,51.509223,2,2,1,2015-02-09,2,February,23:44:00,23,1,1,30
201501HT20209,-0.034435,51.523407,3,2,1,2015-03-13,6,March,17:32:00,17,1,1,30
201501HT20210,-0.062606,51.51857,3,2,1,2015-03-13,6,March,22:00:00,22,1,1,30
201501HT20211,-0.053056,51.522818,3,2,1,2015-03-13,6,March,17:05:00,17,1,1,30
201501HT20212,-0.040896,51.510566,2,2,1,2015-03-05,5,March,07:40:00,7,1,1,30
201501HT20213,-0.041968,51.522544,3,2,1,2015-02-23,2,February,12:55:00,12,1,1,30
201501HT20214,-0.015052,51.514987,3,1,1,2015-03-05,5,March,14:50:00,14,1,1,30
201501HT20216,-0.013636,51.511097,3,2,1,2015-03-10,3,March,10:40:00,10,1,1,30
201501HT20217,-0.019523,51.528192,3,1,1,2015-03-10,3,March,17:40:00,17,1,1,30
201501HT20218,-0.059222,51.526967,3,1,1,2015-03-01,1,March,01:30:00,1,1,1,30
201501HT20219,-0.008862,51.51812,2,1,1,2015-02-27,6,February,09:00:00,9,1,1,30
201501HT20220,-0.021144,51.510774,3,2,1,2015-03-12,5,March,16:23:00,16,1,1,30
201501HT20221,-0.04574,51.521977,3,2,1,2015-03-15,1,March,13:20:00,13,1,1,30
201501HT20222,-0.032602,51.512405,3,2,1,2015-03-21,7,March,13:49:00,13,1,1,30
201501HT20223,-0.020346,51.509232,3,1,1,2015-03-17,3,March,15:11:00,15,1,1,30
201501HT20224,-0.0664,51.517464,3,2,1,2015-02-08,1,February,00:08:00,0,1,1,30
201501HT20225,-0.062466,51.518478,3,2,2,2015-03-20,6,March,08:00:00,8,1,1,30
201501HT20226,-0.008559,51.515147,3,2,1,2015-03-06,6,March,07:00:00,7,1,1,30
201501HT20228,-0.017802,51.531311,3,4,3,2015-03-13,6,March,16:25:00,16,1,1,50
201501HT20230,-0.031742,51.532355,3,1,1,2015-03-19,5,March,07:15:00,7,1,1,30
201501HT20231,-0.073955,51.509225,3,2,1,2015-03-18,4,March,21:30:00,21,1,1,30
201501HT20232,-0.062843,51.526578,3,1,1,2015-03-18,4,March,14:11:00,14,1,2,30
201501HT20233,-0.042116,51.522457,3,1,1,2015-03-21,7,March,15:10:00,15,1,1,30
201501HT20235,-0.019504,51.531969,3,2,1,2015-03-03,3,March,07:57:00,7,1,1,40
201501HT20236,-0.076665,51.523568,3,1,1,2015-03-19,5,March,07:00:00,7,1,1,30
201501HT20237,-0.041789,51.533422,3,1,1,2015-03-19,5,March,07:30:00,7,1,1,30
201501HT20238,-0.025188,51.527209,3,2,1,2015-03-17,3,March,16:14:00,16,1,1,30
201501HT20239,-0.029509,51.517299,3,2,1,2015-03-26,5,March,10:38:00,10,1,1,30
201501HT20240,-0.059725,51.532101,3,2,1,2015-03-05,5,March,23:00:00,23,1,1,30
201501HT20241,-0.042192,51.510588,3,1,1,2015-02-09,2,February,11:45:00,11,1,1,30
201501HT20242,-0.05522,51.522764,2,2,1,2015-03-09,2,March,11:30:00,11,1,1,30
201501HT20243,-0.037495,51.512577,3,2,1,2015-03-27,6,March,16:57:00,16,1,1,30
201501HT20244,-0.011001,51.508714,3,2,1,2015-03-27,6,March,11:52:00,11,1,1,30
201501HT20245,-0.042948,51.513118,3,2,1,2015-03-27,6,March,19:42:00,19,1,1,30
201501HT20246,-0.065915,51.518715,3,2,1,2015-03-20,6,March,13:05:00,13,1,1,30
201501HT20247,-0.0387,51.518083,3,1,1,2015-03-25,4,March,16:30:00,16,1,1,30
201501HT20248,-0.049524,51.521141,2,2,1,2015-03-18,4,March,08:40:00,8,1,1,30
201501HT20249,-0.014129,51.512993,3,1,1,2015-03-09,2,March,09:25:00,9,1,1,30
201501HT20250,-0.065723,51.530042,3,1,1,2015-03-15,1,March,12:41:00,12,1,1,30
201501HT20251,-0.03595,51.511652,3,2,1,2015-02-26,5,February,06:30:00,6,1,1,50
201501HT20252,-0.029018,51.511986,3,2,1,2015-03-20,6,March,19:43:00,19,1,1,30
201501HT20255,-0.047605,51.528933,3,2,1,2015-03-27,6,March,09:00:00,9,1,1,30
201501HT20257,-0.053191,51.516256,3,2,1,2015-03-30,2,March,21:52:00,21,5,2,30
201501HT20258,-0.073659,51.5094,2,1,1,2015-03-26,5,March,23:41:00,23,1,1,30
201501HT20259,-0.009605,51.517593,2,2,4,2015-04-07,3,April,00:14:00,0,1,1,40
201501HT20260,-0.007581,51.504519,3,2,1,2015-03-26,5,March,21:35:00,21,1,1,30
201501HT20261,-0.045182,51.511447,3,2,1,2015-03-24,3,March,13:30:00,13,1,1,30
201501HT20263,-0.039072,51.512784,3,1,1,2015-03-02,2,March,22:10:00,22,4,1,30
201501HT20264,-0.047753,51.522101,3,1,1,2015-03-28,7,March,19:30:00,19,1,1,30
201501HT20265,-0.038124,51.541544,3,2,2,2015-03-25,4,March,14:15:00,14,1,1,30
201501HT20266,-0.047979,51.516799,3,2,1,2015-01-27,3,January,16:30:00,16,1,1,30
201501HT20267,-0.064985,51.527063,3,2,1,2015-03-27,6,March,17:30:00,17,1,1,30
201501HT20268,-0.025729,51.511391,2,1,1,2015-04-11,7,April,21:53:00,21,1,1,30
201501HT20269,-0.053424,51.514192,3,2,1,2015-04-01,4,April,17:45:00,17,1,1,30
201501HT20270,-0.010168,51.511308,3,2,1,2015-04-01,4,April,18:10:00,18,1,1,30
201501HT20271,-0.010671,51.50637,3,1,1,2015-04-01,4,April,09:32:00,9,1,1,30
201501HT20272,-0.031673,51.517246,3,3,2,2015-04-07,3,April,13:20:00,13,1,1,30
201501HT20273,-0.030281,51.526125,3,3,1,2015-04-07,3,April,14:20:00,14,1,1,30
201501HT20274,-0.06205,51.514694,3,2,1,2015-04-12,1,April,22:24:00,22,1,1,30
201501HT20275,-0.025992,51.501953,3,2,1,2015-03-31,3,March,10:55:00,10,1,1,30
201501HT20276,-0.019291,51.51362,3,2,2,2015-04-11,7,April,14:19:00,14,1,1,30
201501HT20277,-0.041472,51.510576,3,2,1,2015-03-10,3,March,11:57:00,11,1,1,30
201501HT20279,-0.04827,51.513387,3,2,1,2015-03-25,4,March,17:30:00,17,1,1,30
201501HT20280,-0.073341,51.516949,3,2,1,2015-04-11,7,April,01:15:00,1,1,1,30
201501HT20283,-0.021914,51.516272,3,2,1,2015-04-11,7,April,11:05:00,11,1,1,30
201501HT20284,-0.059889,51.514659,3,2,1,2015-04-14,3,April,11:38:00,11,1,1,30
201501HT20285,-0.027809,51.526623,3,2,1,2015-04-14,3,April,22:30:00,22,1,1,30
201501HT20286,-0.045744,51.521888,3,2,2,2015-02-07,7,February,20:45:00,20,9,1,30
201501HT20288,-0.075202,51.520666,3,2,1,2015-03-15,1,March,12:15:00,12,1,1,30
201501HT20289,-0.063046,51.518398,3,2,1,2015-04-10,6,April,08:35:00,8,1,1,30
201501HT20290,-0.041217,51.533323,3,2,1,2015-04-03,6,April,20:30:00,20,1,1,30
201501HT20291,-0.031977,51.520219,3,2,2,2015-04-14,3,April,17:50:00,17,1,1,30
201501HT20294,-0.028344,51.514222,3,1,1,2015-04-18,7,April,14:00:00,14,2,2,30
201501HT20295,-0.043813,51.513133,3,1,2,2015-04-14,3,April,09:10:00,9,1,1,30
201501HT20296,-0.010312,51.51131,3,2,1,2015-04-12,1,April,21:15:00,21,1,1,30
201501HT20297,-0.039072,51.512784,2,1,1,2015-04-10,6,April,04:18:00,4,1,1,30
201501HT20298,-0.06684,51.517291,3,2,1,2015-04-13,2,April,17:15:00,17,1,1,30
201501HT20299,-0.014915,51.514805,3,1,1,2015-04-08,4,April,20:59:00,20,1,1,30
201501HT20300,-0.066106,51.531218,3,2,1,2015-04-14,3,April,08:15:00,8,1,1,30
201501HT20301,-0.068451,51.516688,3,2,1,2015-04-16,5,April,12:30:00,12,1,1,30
201501HT20302,-0.025805,51.496284,3,2,1,2015-04-15,4,April,18:40:00,18,1,1,30
201501HT20303,-0.053619,51.509609,2,2,1,2015-04-16,5,April,06:44:00,6,1,1,30
201501HT20304,-0.041948,51.512922,3,2,1,2015-04-19,1,April,01:44:00,1,1,1,30
201501HT20305,-0.021708,51.52769,3,1,1,2015-04-16,5,April,13:45:00,13,1,1,30
201501HT20306,-0.07375,51.517495,3,2,1,2015-04-19,1,April,12:30:00,12,1,1,30
201501HT20307,-0.014167,51.495548,3,1,1,2015-04-18,7,April,20:00:00,20,1,1,30
201501HT20308,-0.040316,51.53079,3,2,1,2015-04-19,1,April,11:50:00,11,1,1,30
201501HT20309,-0.060835,51.509369,3,2,1,2015-04-16,5,April,16:40:00,16,1,1,30
201501HT20310,-0.057347,51.533771,2,1,1,2015-04-16,5,April,11:50:00,11,1,1,30
201501HT20311,-0.056465,51.520627,3,2,2,2015-04-11,7,April,20:35:00,20,1,1,30
201501HT20313,-0.044677,51.513147,2,1,1,2015-04-25,7,April,02:25:00,2,2,2,30
201501HT20314,-0.07574,51.528409,3,1,1,2015-04-24,6,April,09:00:00,9,1,1,30
201501HT20315,-0.036993,51.524259,3,1,1,2015-04-07,3,April,14:00:00,14,1,1,30
201501HT20316,-0.055496,51.516294,3,2,1,2015-03-27,6,March,15:00:00,15,1,1,30
201501HT20317,-0.072852,51.514872,3,2,1,2015-04-15,4,April,09:10:00,9,1,1,30
201501HT20318,-0.057472,51.534222,3,2,1,2015-04-20,2,April,09:09:00,9,1,1,30
201501HT20319,-0.043092,51.51312,3,2,1,2015-04-15,4,April,17:35:00,17,1,1,30
201501HT20321,-0.041232,51.51282,3,1,1,2015-04-28,3,April,18:01:00,18,1,1,30
201501HT20322,-0.012308,51.52834,3,2,1,2015-04-12,1,April,23:04:00,23,1,1,40
201501HT20323,-0.030577,51.52595,3,2,1,2015-04-28,3,April,11:30:00,11,1,1,30
201501HT20324,0.000144,51.513111,3,2,1,2015-04-23,5,April,08:00:00,8,1,1,30
201501HT20325,-0.067231,51.51487,2,2,1,2015-04-01,4,April,14:50:00,14,1,2,30
201501HT20326,-0.014134,51.52945,3,3,3,2015-04-13,2,April,11:35:00,11,1,1,30
201501HT20327,-0.056012,51.514325,3,1,1,2015-04-25,7,April,14:19:00,14,1,1,30
201501HT20328,-0.058206,51.52713,3,1,2,2015-04-09,5,April,18:00:00,18,1,1,30
201501HT20330,-0.06173,51.518826,3,1,1,2015-04-29,4,April,15:08:00,15,1,1,30
201501HT20331,-0.010627,51.510686,3,2,1,2015-05-01,6,May,18:40:00,18,1,1,30
201501HT20332,-0.012192,51.511162,3,2,1,2015-04-23,5,April,15:00:00,15,1,1,30
201501HT20333,-0.018507,51.528355,3,2,1,2015-05-05,3,May,18:20:00,18,1,1,40
201501HT20334,-0.05682,51.532593,3,1,1,2015-05-10,1,May,17:40:00,17,1,1,30
201501HT20335,-0.071533,51.51539,3,2,2,2015-04-26,1,April,05:44:00,5,1,1,30
201501HT20336,-0.016023,51.529122,3,1,7,2015-05-12,3,May,12:39:00,12,1,1,30
201501HT20337,-0.064222,51.511043,3,2,1,2015-05-08,6,May,08:55:00,8,1,1,30
201501HT20338,-0.010674,51.522827,3,2,1,2015-04-26,1,April,14:15:00,14,1,1,50
201501HT20339,-0.055724,51.51432,3,2,1,2015-05-01,6,May,16:09:00,16,1,1,30
201501HT20340,-0.011176,51.524544,3,2,1,2015-04-20,2,April,17:30:00,17,1,1,40
201501HT20342,-0.054854,51.511068,3,1,1,2015-05-01,6,May,15:20:00,15,1,1,30
201501HT20343,-0.013445,51.508845,3,2,1,2015-05-02,7,May,12:19:00,12,1,1,30
201501HT20344,-0.072518,51.515946,3,2,1,2015-05-09,7,May,02:29:00,2,1,1,30
201501HT20345,-0.071825,51.515305,3,2,1,2015-05-08,6,May,22:06:00,22,1,1,40
201501HT20347,-0.029801,51.517214,3,2,1,2015-04-26,1,April,16:30:00,16,1,1,30
201501HT20348,-0.021766,51.51636,3,1,1,2015-04-26,1,April,15:00:00,15,1,1,30
201501HT20349,-0.067132,51.517206,3,2,1,2015-04-30,5,April,11:22:00,11,1,1,30
201501HT20350,-0.016232,51.511051,3,1,1,2015-05-01,6,May,16:28:00,16,1,1,30
201501HT20351,-0.060547,51.509364,3,2,1,2015-05-04,2,May,23:15:00,23,2,2,30
201501HT20352,-0.064478,51.522018,3,2,1,2015-05-04,2,May,16:12:00,16,1,1,30
201501HT20353,-0.074508,51.520025,3,1,1,2015-05-06,4,May,13:25:00,13,1,1,30
201501HT20354,-0.040076,51.522962,3,2,1,2015-04-22,4,April,09:45:00,9,1,1,30
201501HT20355,-0.033648,51.521595,3,2,1,2015-04-29,4,April,09:55:00,9,1,1,30
201501HT20356,-0.063645,51.531447,3,2,1,2015-04-27,2,April,09:20:00,9,1,1,30
201501HT20357,-0.021848,51.527782,3,2,1,2015-04-29,4,April,14:40:00,14,1,2,30
201501HT20358,-0.071536,51.5153,3,2,1,2015-04-27,2,April,23:40:00,23,1,1,30
201501HT20359,-0.03925,51.511977,3,2,1,2015-05-13,4,May,13:50:00,13,1,1,30
201501HT20360,-0.041948,51.512922,3,2,1,2015-05-15,6,May,23:12:00,23,1,1,30
201501HT20362,-0.043082,51.516717,3,1,1,2015-04-20,2,April,16:25:00,16,1,1,30
201501HT20363,-0.055949,51.529341,3,2,1,2015-04-21,3,April,09:40:00,9,1,1,30
201501HT20364,-0.014099,51.507058,3,2,1,2015-04-21,3,April,19:40:00,19,1,1,40
201501HT20365,-0.021642,51.509253,3,1,1,2015-04-07,3,April,07:30:00,7,1,1,30
201501HT20366,-0.064931,51.528321,3,3,1,2015-04-22,4,April,15:00:00,15,1,1,30
201501HT20367,-0.039932,51.52296,2,2,1,2015-05-03,1,May,00:40:00,0,1,1,30
201501HT20368,-0.056449,51.520986,3,2,2,2015-05-10,1,May,20:00:00,20,1,1,30
201501HT20369,-0.067254,51.510913,3,1,1,2015-04-15,4,April,15:30:00,15,1,1,30
201501HT20370,-0.025336,51.527121,3,1,1,2015-04-28,3,April,14:25:00,14,1,1,30
201501HT20371,-0.045066,51.520887,3,2,1,2015-05-01,6,May,00:25:00,0,1,1,30
201501HT20372,-0.042446,51.521473,3,1,1,2015-05-03,1,May,21:27:00,21,1,1,30
201501HT20373,-0.009647,51.506712,3,1,1,2015-04-20,2,April,12:24:00,12,1,1,30
201501HT20374,-0.071809,51.519082,3,1,1,2015-05-10,1,May,18:16:00,18,1,1,30
201501HT20375,-0.010456,51.511312,3,2,1,2015-04-21,3,April,16:04:00,16,1,1,30
201501HT20376,-0.038424,51.531208,3,1,1,2015-04-27,2,April,16:35:00,16,1,1,30
201501HT20377,-0.007491,51.493367,2,1,1,2015-04-22,4,April,16:35:00,16,1,1,30
201501HT20378,-0.025918,51.497006,3,1,1,2015-05-09,7,May,11:20:00,11,1,1,30
201501HT20379,-0.041044,51.530622,2,1,1,2015-05-05,3,May,15:20:00,15,1,1,30
201501HT20380,-0.034213,51.525202,3,2,1,2015-05-11,2,May,17:50:00,17,1,1,30
201501HT20381,-0.07212,51.51513,3,2,4,2015-04-24,6,April,12:40:00,12,1,1,30
201501HT20382,-0.069225,51.508608,3,2,1,2015-04-27,2,April,08:30:00,8,1,1,30
201501HT20383,-0.056608,51.530791,3,2,1,2015-05-01,6,May,08:00:00,8,1,1,30
201501HT20384,-0.038268,51.518076,3,1,1,2015-05-08,6,May,16:05:00,16,1,1,30
201501HT20386,-0.050731,51.509741,3,2,1,2015-05-13,4,May,07:45:00,7,1,1,30
201501HT20388,-0.056639,51.51991,3,1,1,2015-05-17,1,May,02:50:00,2,1,1,30
201501HT20389,-0.035206,51.525578,3,2,1,2015-05-06,4,May,22:51:00,22,1,1,30
201501HT20390,-0.046324,51.521807,3,2,1,2015-05-06,4,May,14:17:00,14,1,1,30
201501HT20391,-0.034657,51.52494,3,2,3,2015-05-14,5,May,00:30:00,0,1,1,30
201501HT20392,-0.067766,51.509033,3,2,1,2015-05-16,7,May,18:40:00,18,1,1,30
201501HT20393,-0.023117,51.518451,3,2,1,2015-05-11,2,May,13:50:00,13,1,1,30
201501HT20394,-0.057017,51.514431,3,1,3,2015-05-16,7,May,18:00:00,18,1,1,30
201501HT20395,-0.066515,51.514768,3,2,1,2015-03-21,7,March,13:20:00,13,4,1,30
201501HT20396,-0.025773,51.527039,3,2,1,2015-05-17,1,May,16:10:00,16,1,1,30
201501HT20397,-0.018792,51.521795,3,1,1,2015-05-05,3,May,17:49:00,17,1,1,30
201501HT20398,-0.073811,51.509223,3,2,4,2015-04-06,2,April,01:25:00,1,1,1,30
201501HT20399,-0.078386,51.520359,3,2,1,2015-05-15,6,May,08:10:00,8,1,1,30
201501HT20401,-0.029726,51.535648,3,2,1,2015-04-09,5,April,21:45:00,21,1,1,30
201501HT20403,-0.044959,51.516659,2,1,1,2015-04-17,6,April,13:00:00,13,1,1,30
201501HT20404,-0.014278,51.529452,3,2,1,2015-04-24,6,April,07:50:00,7,1,1,30
201501HT20406,-0.026012,51.501504,3,2,1,2015-04-27,2,April,12:10:00,12,1,1,30
201501HT20407,-0.030334,51.518213,3,1,1,2015-05-01,6,May,02:55:00,2,1,1,30
201501HT20408,-0.030698,51.529819,3,2,1,2015-05-19,3,May,15:00:00,15,1,1,30
201501HT20409,-0.057632,51.530448,3,3,1,2015-05-18,2,May,10:38:00,10,1,2,30
201501HT20410,-0.011324,51.511237,2,1,1,2015-05-08,6,May,21:30:00,21,1,1,30
201501HT20411,-0.048506,51.511232,3,2,1,2015-05-06,4,May,05:59:00,5,2,2,30
201501HT20412,-0.063498,51.511121,3,2,1,2015-05-16,7,May,18:20:00,18,1,1,30
201501HT20413,-0.050251,51.520973,3,2,1,2015-05-04,2,May,17:30:00,17,1,1,30
201501HT20414,-0.065085,51.517892,3,2,1,2015-05-21,5,May,01:10:00,1,1,1,30
201501HT20415,-0.025275,51.538541,3,2,1,2015-05-05,3,May,17:00:00,17,1,1,30
201501HT20416,-0.074178,51.524426,3,2,1,2015-05-21,5,May,01:40:00,1,1,1,30
201501HT20417,0.000436,51.513195,3,4,3,2015-05-06,4,May,23:08:00,23,4,1,30
201501HT20418,-0.048189,51.528763,3,2,1,2015-05-15,6,May,08:45:00,8,1,1,30
201501HT20419,-0.031465,51.528753,3,2,1,2015-05-15,6,May,22:15:00,22,1,1,30
201501HT20420,-0.012624,51.511169,3,1,1,2015-05-07,5,May,18:45:00,18,1,1,30
201501HT20421,-0.051707,51.520638,3,2,1,2015-05-10,1,May,15:10:00,15,1,1,30
201501HT20422,-0.028709,51.535811,3,1,1,2015-05-08,6,May,08:40:00,8,1,1,30
201501HT20423,-0.067046,51.512439,3,2,1,2015-05-12,3,May,07:40:00,7,1,1,30
201501HT20424,-0.024831,51.538803,3,2,1,2015-05-17,1,May,01:30:00,1,1,1,20
201501HT20426,-0.014956,51.507252,3,2,1,2015-04-16,5,April,13:45:00,13,1,1,30
201501HT20427,-0.034793,51.525122,3,1,1,2015-05-22,6,May,08:05:00,8,1,1,30
201501HT20428,-0.032606,51.512316,3,2,1,2015-05-25,2,May,19:47:00,19,1,1,30
201501HT20429,-0.071836,51.515035,3,1,2,2015-05-27,4,May,09:27:00,9,1,1,30
201501HT20431,-0.015233,51.524073,3,2,1,2015-05-18,2,May,23:00:00,23,1,1,30
201501HT20432,-0.037495,51.512577,3,2,1,2015-05-28,5,May,11:29:00,11,1,1,30
201501HT20433,-0.01912,51.51092,3,2,1,2015-05-27,4,May,19:10:00,19,1,1,30
201501HT20434,-0.039561,51.511443,3,2,2,2015-05-30,7,May,19:53:00,19,1,1,30
201501HT20435,-0.02031,51.520022,3,1,1,2015-05-28,5,May,13:35:00,13,1,1,30
201501HT20436,-0.049211,51.525093,3,2,1,2015-05-19,3,May,16:30:00,16,1,1,30
201501HT20437,-0.07574,51.528409,3,1,1,2015-05-27,4,May,17:51:00,17,1,1,30
201501HT20438,-0.023261,51.518453,3,2,2,2015-04-30,5,April,18:20:00,18,1,1,30
201501HT20439,-0.068747,51.516513,3,1,1,2015-05-24,1,May,01:30:00,1,1,1,30
201501HT20440,-0.061827,51.526741,2,1,1,2015-05-13,4,May,15:30:00,15,4,1,30
201501HT20441,-0.0233,51.527537,3,2,1,2015-05-30,7,May,01:50:00,1,1,1,30
201501HT20442,-0.062049,51.53169,3,2,1,2015-05-30,7,May,14:27:00,14,1,1,30
201501HT20443,-0.075433,51.528853,3,2,1,2015-05-30,7,May,19:10:00,19,1,1,30
201501HT20444,0.011086,51.571735,3,2,1,2015-05-18,2,May,10:40:00,10,1,1,50
201501HT20445,-0.071646,51.522946,3,1,1,2015-05-17,1,May,16:45:00,16,1,1,30
201501HT20446,-0.044249,51.529866,3,2,1,2015-06-01,2,June,12:45:00,12,4,1,30
201501HT20447,-0.031454,51.512296,3,2,1,2015-05-21,5,May,13:30:00,13,1,1,30
201501HT20448,-0.012796,51.507215,3,2,3,2015-05-31,1,May,00:16:00,0,1,1,40
201501HT20449,-0.035233,51.524949,3,2,1,2015-05-11,2,May,13:30:00,13,1,1,30
201501HT20450,-0.013344,51.511182,3,1,1,2015-05-14,5,May,21:30:00,21,1,1,30
201501HT20452,-0.043525,51.513128,3,1,1,2015-05-16,7,May,14:20:00,14,1,1,30
201501HT20454,-0.027907,51.531031,3,2,1,2015-05-24,1,May,16:30:00,16,1,1,30
201501HT20455,-0.003064,51.512266,3,3,2,2015-06-01,2,June,22:10:00,22,5,2,30
201501HT20456,-0.055832,51.52871,3,1,1,2015-05-20,4,May,15:35:00,15,1,1,30
201501HT20457,-0.048702,51.513394,3,2,1,2015-05-21,5,May,08:30:00,8,1,1,30
201501HT20458,-0.057042,51.527381,3,2,1,2015-05-22,6,May,22:00:00,22,1,1,30
201501HT20459,-0.037988,51.53129,3,1,1,2015-05-23,7,May,02:30:00,2,1,1,30
201501HT20460,-0.034953,51.524765,3,1,1,2015-06-06,7,June,17:30:00,17,1,1,30
201501HT20461,-0.066315,51.526275,3,2,1,2015-06-03,4,June,20:50:00,20,1,1,30
201501HT20462,-0.048702,51.513394,3,2,1,2015-05-21,5,May,07:53:00,7,1,1,30
201501HT20463,-0.025729,51.511391,3,2,2,2015-06-01,2,June,08:20:00,8,1,1,30
201501HT20464,-0.067766,51.509033,3,2,1,2015-06-04,5,June,19:00:00,19,1,1,30
201501HT20466,-0.043806,51.51664,3,2,1,2015-06-04,5,June,09:15:00,9,1,1,30
201501HT20467,-0.038525,51.528871,2,2,1,2015-06-02,3,June,17:50:00,17,1,1,30
201501HT20468,-0.061762,51.514689,3,2,1,2015-05-29,6,May,13:00:00,13,1,1,30
201501HT20469,-0.055625,51.506495,3,2,1,2015-06-02,3,June,17:15:00,17,1,1,30
201501HT20470,-0.062902,51.518395,3,2,1,2015-06-03,4,June,17:37:00,17,1,1,30
201501HT20471,-0.067043,51.526107,3,2,1,2015-06-04,5,June,16:50:00,16,1,1,30
201501HT20472,-0.02272,51.527617,3,1,1,2015-06-03,4,June,09:26:00,9,1,1,30
201501HT20473,-0.009269,51.508774,3,2,1,2015-05-18,2,May,23:00:00,23,1,1,30
201501HT20474,-0.072002,51.52475,3,2,1,2015-06-01,2,June,13:00:00,13,1,1,30
201501HT20475,-0.012947,51.507038,3,2,1,2015-05-20,4,May,06:57:00,6,1,1,40
201501HT20476,-0.00818,51.494098,3,2,1,2015-05-21,5,May,08:49:00,8,1,1,30
201501HT20477,-0.014899,51.495291,3,2,1,2015-06-04,5,June,17:27:00,17,1,1,30
201501HT20478,-0.068058,51.508948,3,1,1,2015-06-03,4,June,18:44:00,18,1,1,30
201501HT20479,-0.0732,51.516856,3,2,1,2015-06-03,4,June,07:40:00,7,1,1,30
201501HT20480,-0.041808,51.512829,3,2,1,2015-05-31,1,May,21:40:00,21,1,1,30
201501HT20481,-0.033355,51.535079,2,1,1,2015-06-07,1,June,15:56:00,15,1,1,30
201501HT20483,-0.025729,51.511391,3,2,1,2015-06-09,3,June,08:40:00,8,1,1,30
201501HT20484,-0.010667,51.523006,3,2,1,2015-06-09,3,June,16:45:00,16,1,1,40
201501HT20485,-0.010181,51.517603,3,2,1,2015-05-20,4,May,15:20:00,15,1,1,30
201501HT20487,-0.033921,51.525287,3,1,1,2015-06-09,3,June,17:30:00,17,1,1,30
201501HT20488,-0.014129,51.512993,3,2,3,2015-06-06,7,June,19:47:00,19,1,1,30
201501HT20489,-0.055953,51.51909,3,2,1,2015-06-12,6,June,18:30:00,18,1,1,30
201501HT20490,-0.02156,51.527777,3,2,1,2015-05-29,6,May,15:20:00,15,1,1,30
201501HT20491,-0.056991,51.531966,3,2,1,2015-06-05,6,June,13:40:00,13,1,1,30
201501HT20492,-0.032757,51.525537,3,2,1,2015-05-29,6,May,21:27:00,21,1,1,30
201501HT20493,-0.026013,51.511485,3,2,1,2015-05-31,1,May,13:00:00,13,2,2,30
201501HT20494,-0.06447,51.522198,3,3,1,2015-06-15,2,June,16:53:00,16,1,1,30
201501HT20496,-0.008624,51.507055,3,2,1,2015-06-07,1,June,18:00:00,18,1,1,30
201501HT20498,-0.029546,51.533127,3,2,1,2015-06-02,3,June,19:30:00,19,1,1,30
201501HT20499,-0.030577,51.52595,3,2,1,2015-06-09,3,June,08:43:00,8,1,1,30
201501HT20500,-0.027729,51.511784,3,2,1,2015-06-10,4,June,18:36:00,18,1,1,30
201501HT20501,-0.059074,51.527055,3,1,1,2015-06-09,3,June,08:25:00,8,1,1,30
201501HT20502,-0.065673,51.517632,3,2,1,2015-06-12,6,June,10:45:00,10,1,1,30
201501HT20503,-0.052125,51.527749,2,1,1,2015-06-07,1,June,02:29:00,2,1,1,30
201501HT20504,-0.060712,51.515661,3,2,1,2015-06-13,7,June,09:50:00,9,1,1,30
201501HT20505,-0.026074,51.500066,3,1,1,2015-06-12,6,June,13:45:00,13,1,1,30
201501HT20507,-0.028901,51.538062,3,2,1,2015-06-09,3,June,21:14:00,21,1,1,30
201501HT20508,-0.009749,51.517595,3,2,1,2015-06-11,5,June,12:45:00,12,1,1,30
201501HT20509,-0.046693,51.513181,3,2,1,2015-06-03,4,June,11:54:00,11,1,1,30
201501HT20510,-0.051991,51.513988,3,2,1,2015-06-07,1,June,12:20:00,12,1,1,30
201501HT20511,-0.056499,51.519818,3,2,1,2015-06-11,5,June,18:10:00,18,1,1,30
201501HT20512,-0.068159,51.516773,3,1,1,2015-06-13,7,June,13:00:00,13,1,1,30
201501HT20513,-0.068451,51.516688,3,2,1,2015-06-15,2,June,09:15:00,9,1,1,30
201501HT20514,-0.055317,51.527262,3,2,1,2015-04-20,2,April,20:00:00,20,1,1,30
201501HT20515,-0.034792,51.518467,3,1,1,2015-05-06,4,May,08:40:00,8,1,1,30
201501HT20516,-0.026492,51.520396,3,1,1,2015-06-07,1,June,18:00:00,18,1,1,30
201501HT20517,-0.060321,51.514666,3,2,1,2015-06-18,5,June,08:35:00,8,1,1,30
201501HT20518,-0.069981,51.528224,3,2,1,2015-04-26,1,April,20:00:00,20,1,1,30
201501HT20519,-0.04996,51.521058,3,1,1,2015-06-19,6,June,01:05:00,1,1,1,30
201501HT20521,-0.008204,51.503451,2,2,1,2015-06-09,3,June,18:33:00,18,1,1,30
201501HT20522,-0.06315,51.526133,3,1,1,2015-06-16,3,June,19:00:00,19,1,1,30
201501HT20523,-0.075516,51.516625,3,2,1,2015-06-14,1,June,01:24:00,1,1,1,30
201501HT20524,-0.068747,51.516513,3,1,1,2015-06-18,5,June,10:00:00,10,1,1,30
201501HT20525,-0.062263,51.526658,3,2,1,2015-06-15,2,June,16:00:00,16,1,1,30
201501HT20526,-0.042752,51.517701,3,2,1,2015-06-24,4,June,21:57:00,21,1,1,30
201501HT20527,-0.074163,51.517951,3,2,1,2015-06-20,7,June,01:10:00,1,1,1,30
201501HT20528,-0.061321,51.531858,3,2,1,2015-06-24,4,June,18:18:00,18,1,1,30
201501HT20529,-0.068275,51.531073,3,2,1,2015-06-18,5,June,18:50:00,18,1,1,30
201501HT20530,-0.066822,51.510906,3,2,1,2015-06-09,3,June,13:20:00,13,1,1,30
201501HT20531,-0.057192,51.530621,3,2,1,2015-06-21,1,June,13:30:00,13,1,1,30
201501HT20532,-0.009521,51.499696,3,2,1,2015-06-18,5,June,07:30:00,7,1,1,30
201501HT20533,-0.026766,51.53407,3,2,2,2015-06-24,4,June,22:40:00,22,1,1,30
201501HT20535,-0.050104,51.521061,3,2,1,2015-06-25,5,June,09:35:00,9,1,1,30
201501HT20536,-0.02458,51.511281,3,1,1,2015-05-04,2,May,17:01:00,17,1,1,30
201501HT20538,-0.00753,51.505687,3,1,1,2015-07-01,4,July,08:40:00,8,1,1,30
201501HT20539,-0.055238,51.525732,3,2,1,2015-06-18,5,June,17:51:00,17,1,1,30
201501HT20540,-0.032299,51.529486,3,2,1,2015-06-29,2,June,15:57:00,15,1,1,30
201501HT20541,-0.027586,51.515109,3,2,1,2015-06-30,3,June,15:35:00,15,1,1,30
201501HT20542,-0.02973,51.512177,3,2,1,2015-05-24,1,May,21:32:00,21,1,1,30
201501HT20543,-0.044389,51.513142,3,2,1,2015-06-04,5,June,11:43:00,11,1,1,30
201501HT20544,-0.051252,51.527914,3,2,2,2015-06-15,2,June,21:49:00,21,1,1,30
201501HT20545,-0.064224,51.521205,3,2,1,2015-06-04,5,June,23:00:00,23,1,1,30
201501HT20546,-0.011651,51.523563,3,2,1,2015-06-22,2,June,14:08:00,14,1,1,30
201501HT20547,-0.018943,51.528272,3,2,2,2015-06-28,1,June,01:15:00,1,1,1,30
201501HT20548,-0.018505,51.505154,3,2,1,2015-06-28,1,June,22:20:00,22,1,1,30
201501HT20549,-0.068053,51.51929,3,2,2,2015-06-05,6,June,11:15:00,11,1,1,30
201501HT20550,-0.073481,51.517041,3,2,1,2015-06-15,2,June,18:15:00,18,1,1,30
201501HT20551,-0.01055,51.522375,2,2,1,2015-07-06,2,July,17:04:00,17,1,1,40
201501HT20552,-0.05862,51.52417,3,2,3,2015-06-16,3,June,15:12:00,15,1,1,30
201501HT20554,-0.025773,51.527039,3,2,1,2015-06-25,5,June,07:25:00,7,1,1,30
201501HT20556,-0.056363,51.519636,3,2,1,2015-06-24,4,June,09:48:00,9,1,1,30
201501HT20557,-0.028277,51.535804,3,2,2,2015-06-20,7,June,19:45:00,19,2,2,30
201501HT20561,-0.06461,51.525707,3,1,1,2015-06-23,3,June,15:40:00,15,1,1,30
201501HT20562,-0.064731,51.509253,3,2,1,2015-06-30,3,June,07:00:00,7,1,1,30
201501HT20564,-0.021,51.50079,3,2,1,2015-07-03,6,July,09:35:00,9,1,1,30
201501HT20566,-0.008675,51.502559,3,2,1,2015-06-12,6,June,13:18:00,13,1,1,30
201501HT20567,-0.059326,51.521124,3,1,1,2015-06-08,2,June,16:27:00,16,1,1,30
201501HT20569,-0.03838,51.528869,3,2,2,2015-07-06,2,July,22:40:00,22,1,1,30
201501HT20570,-0.00612,51.511598,3,4,4,2015-07-04,7,July,18:05:00,18,1,1,30
201501HT20571,-0.030137,51.526123,3,1,1,2015-07-06,2,July,09:25:00,9,1,1,30
201501HT20572,-0.070589,51.517263,2,2,1,2015-07-06,2,July,17:26:00,17,1,1,30
201501HT20573,-0.05862,51.52417,3,2,1,2015-07-10,6,July,17:50:00,17,1,1,30
201501HT20574,-0.016252,51.507274,3,1,1,2015-07-01,4,July,11:35:00,11,1,1,30
201501HT20575,-0.075194,51.520846,3,2,1,2015-07-01,4,July,09:55:00,9,1,1,30
201501HT20576,-0.076188,51.528056,3,2,1,2015-07-13,2,July,19:32:00,19,1,1,30
201501HT20577,-0.020716,51.500695,3,2,1,2015-07-02,5,July,20:14:00,20,1,1,30
201501HT20578,-0.063645,51.531447,3,2,1,2015-07-03,6,July,13:35:00,13,1,1,30
201501HT20579,-0.021144,51.510774,3,2,1,2015-07-02,5,July,18:13:00,18,1,1,30
201501HT20580,-0.028459,51.528253,3,2,1,2015-06-29,2,June,15:29:00,15,1,1,30
201501HT20581,-0.051102,51.511186,3,1,2,2015-07-05,1,July,00:34:00,0,1,1,30
201501HT20582,-0.029578,51.535735,3,1,1,2015-07-08,4,July,15:48:00,15,2,2,30
201501HT20583,-0.043092,51.51312,3,1,1,2015-06-29,2,June,07:52:00,7,1,1,30
201501HT20584,-0.031886,51.512303,3,1,1,2015-06-26,6,June,21:50:00,21,1,1,30
201501HT20585,-0.057579,51.511383,3,3,1,2015-06-16,3,June,12:00:00,12,1,1,30
201501HT20586,-0.021836,51.50476,3,1,1,2015-05-22,6,May,14:30:00,14,1,1,30
201501HT20587,-0.066457,51.516116,3,2,1,2015-06-30,3,June,15:00:00,15,1,1,30
201501HT20588,-0.066544,51.517466,3,1,1,2015-07-11,7,July,04:15:00,4,1,1,30
201501HT20589,-0.048068,51.521477,3,2,1,2015-07-15,4,July,01:17:00,1,1,1,30
201501HT20590,-0.062049,51.53169,3,2,1,2015-07-09,5,July,11:08:00,11,1,1,30
201501HT20591,-0.021704,51.527779,3,2,1,2015-06-25,5,June,17:50:00,17,1,1,30
201501HT20592,-0.064443,51.509248,3,2,1,2015-07-02,5,July,11:50:00,11,1,1,30
201501HT20593,-0.027803,51.513404,3,2,1,2015-07-03,6,July,01:35:00,1,1,1,30
201501HT20594,-0.063855,51.526504,3,2,1,2015-07-12,1,July,03:00:00,3,1,1,30
201501HT20596,-0.063058,51.514711,3,2,1,2015-07-13,2,July,10:35:00,10,1,1,30
201501HT20597,-0.057248,51.53269,3,2,1,2015-07-04,7,July,23:32:00,23,1,1,30
201501HT20598,-0.053427,51.514102,3,2,1,2015-07-04,7,July,21:25:00,21,1,1,30
201501HT20599,-0.063653,51.531267,3,1,1,2015-06-06,7,June,18:36:00,18,1,1,30
201501HT20600,-0.060399,51.509451,3,2,1,2015-07-01,4,July,20:31:00,20,1,1,30
201501HT20602,-0.02302,51.527352,3,1,1,2015-07-01,4,July,09:15:00,9,1,1,30
201501HT20603,-0.042052,51.510495,3,2,1,2015-07-03,6,July,13:15:00,13,1,1,30
201501HT20604,-0.062843,51.526578,3,2,1,2015-07-01,4,July,14:34:00,14,1,1,30
201501HT20605,-0.063143,51.509317,3,2,1,2015-07-07,3,July,10:07:00,10,1,1,30
201501HT20606,-0.007556,51.511713,3,1,1,2015-07-05,1,July,15:15:00,15,1,1,30
201501HT20607,-0.014463,51.495373,3,1,3,2015-07-02,5,July,05:17:00,5,1,1,30
201501HT20608,-0.032602,51.512405,3,2,1,2015-07-10,6,July,20:42:00,20,1,1,30
201501HT20609,-0.059972,51.529678,3,2,1,2015-07-04,7,July,00:45:00,0,1,1,30
201501HT20610,-0.048525,51.524272,3,2,1,2015-07-03,6,July,18:10:00,18,1,1,30
201501HT20611,-0.07508,51.509873,2,2,1,2015-07-01,4,July,17:30:00,17,1,1,30
201501HT20612,-0.05054,51.520978,3,2,1,2015-07-08,4,July,14:55:00,14,1,1,30
201501HT20613,-0.046324,51.521807,3,2,1,2015-07-09,5,July,16:15:00,16,1,1,30
201501HT20614,-0.072324,51.527363,3,2,2,2015-06-25,5,June,12:38:00,12,1,1,30
201501HT20615,-0.072032,51.530866,3,2,1,2015-07-06,2,July,15:55:00,15,1,1,30
201501HT20616,-0.023156,51.527534,3,2,1,2015-07-07,3,July,19:10:00,19,1,1,30
201501HT20617,-0.008444,51.507861,3,2,2,2015-07-09,5,July,23:19:00,23,1,1,30
201501HT20618,-0.016824,51.507374,3,1,1,2015-07-13,2,July,08:58:00,8,2,2,30
201501HT20619,-0.073765,51.52397,3,2,2,2015-07-05,1,July,07:38:00,7,1,1,30
201501HT20620,-0.061186,51.51468,3,2,1,2015-07-08,4,July,23:00:00,23,1,1,30
201501HT20621,-0.064848,51.52688,3,1,1,2015-07-07,3,July,16:00:00,16,1,1,30
201501HT20622,-0.028441,51.511976,3,2,1,2015-07-11,7,July,06:00:00,6,1,1,30
201501HT20623,-0.051991,51.513988,3,3,2,2015-07-17,6,July,20:00:00,20,1,1,30
201501HT20624,-0.04999,51.52034,3,2,1,2015-07-12,1,July,00:05:00,0,2,2,30
201501HT20626,-0.04265,51.51671,3,2,1,2015-06-19,6,June,12:35:00,12,1,1,30
201501HT20628,-0.022576,51.510978,3,2,1,2015-07-20,2,July,14:55:00,14,1,1,30
201501HT20629,-0.070589,51.517263,3,2,1,2015-07-23,5,July,03:15:00,3,1,1,30
201501HT20630,-0.066171,51.526273,3,2,1,2015-07-06,2,July,17:00:00,17,1,1,30
201501HT20631,-0.067622,51.509031,3,2,1,2015-07-23,5,July,06:39:00,6,1,1,30
201501HT20632,-0.055286,51.511075,3,2,1,2015-07-22,4,July,18:22:00,18,1,1,30
201501HT20633,-0.014704,51.522985,3,1,1,2015-07-22,4,July,15:10:00,15,1,1,30
201501HT20634,-0.008964,51.515783,3,3,2,2015-07-10,6,July,14:36:00,14,1,1,40
201501HT20635,-0.0732,51.516856,3,2,1,2015-07-20,2,July,08:40:00,8,2,2,30
201501HT20636,-0.055113,51.525281,2,2,1,2015-07-06,2,July,19:45:00,19,1,1,30
201501HT20637,-0.036581,51.52713,3,2,1,2015-06-12,6,June,14:30:00,14,1,1,30
201501HT20638,-0.032993,51.533455,2,1,2,2015-07-14,3,July,16:00:00,16,1,1,30
201501HT20639,-0.056491,51.519998,3,1,1,2015-07-22,4,July,19:00:00,19,1,1,30
201501HT20640,-0.033466,51.51242,3,1,1,2015-07-13,2,July,22:27:00,22,1,1,30
201501HT20641,-0.055716,51.514499,3,2,1,2015-07-14,3,July,11:20:00,11,1,1,30
201501HT20642,-0.064354,51.514732,3,2,1,2015-07-23,5,July,16:50:00,16,1,1,30
201501HT20643,-0.050847,51.527278,3,2,1,2015-07-23,5,July,07:25:00,7,1,1,30
201501HT20644,-0.024963,51.532421,3,2,1,2015-07-16,5,July,11:50:00,11,1,1,30
201501HT20645,-0.031505,51.531182,3,1,3,2015-07-17,6,July,19:15:00,19,1,1,30
201501HT20646,-0.018688,51.510912,3,1,1,2015-07-22,4,July,01:58:00,1,1,1,30
201501HT20647,0.000318,51.5105,2,2,1,2015-07-23,5,July,11:56:00,11,1,1,30
201501HT20648,-0.022253,51.508454,3,2,1,2015-07-26,1,July,18:00:00,18,1,1,30
201501HT20649,-0.063921,51.518142,3,1,1,2015-07-15,4,July,14:37:00,14,1,1,30
201501HT20651,-0.022183,51.533363,3,2,1,2015-07-24,6,July,23:55:00,23,1,1,30
201501HT20653,-0.009269,51.508774,3,2,1,2015-07-22,4,July,07:30:00,7,1,1,30
201501HT20654,-0.04252,51.513021,3,1,1,2015-07-01,4,July,16:15:00,16,1,1,30
201501HT20655,-0.064078,51.511041,3,2,1,2015-07-22,4,July,17:00:00,17,1,1,30
201501HT20656,-0.046472,51.52172,3,1,1,2015-07-28,3,July,14:35:00,14,1,1,30
201501HT20657,-0.070677,51.508362,3,2,1,2015-07-26,1,July,11:20:00,11,1,1,30
201501HT20658,-0.057487,51.533863,3,2,1,2015-07-28,3,July,18:00:00,18,1,1,30
201501HT20659,-0.041805,51.533063,3,2,1,2015-07-21,3,July,08:05:00,8,1,1,30
201501HT20660,-0.023261,51.518453,3,2,1,2015-07-27,2,July,00:15:00,0,1,1,30
201501HT20661,-0.075194,51.520846,3,1,1,2015-07-15,4,July,09:57:00,9,1,1,30
201501HT20662,-0.030721,51.525953,3,2,1,2015-07-27,2,July,18:55:00,18,1,1,30
201501HT20663,-0.0151,51.530456,3,2,2,2015-07-19,1,July,14:14:00,14,1,1,30
201501HT20664,-0.037639,51.51258,3,2,2,2015-07-25,7,July,14:50:00,14,1,1,30
201501HT20665,-0.075861,51.522116,3,2,1,2015-07-23,5,July,19:30:00,19,1,1,30
201501HT20666,-0.055294,51.51764,3,2,1,2015-07-17,6,July,17:27:00,17,1,1,30
201501HT20667,-0.051991,51.513988,3,2,1,2015-07-26,1,July,12:09:00,12,1,1,30
201501HT20668,-0.031737,51.52579,3,1,1,2015-07-31,6,July,16:45:00,16,1,1,30
201501HT20669,-0.073341,51.516949,2,2,1,2015-07-28,3,July,09:30:00,9,1,1,30
201501HT20670,-0.035148,51.526926,3,1,1,2015-08-02,1,August,10:40:00,10,1,1,30
201501HT20671,-0.064443,51.509248,3,2,1,2015-07-23,5,July,20:05:00,20,1,1,30
201501HT20672,-0.060556,51.529507,3,1,1,2015-08-05,4,August,23:05:00,23,1,1,30
201501HT20673,-0.015964,51.53047,3,1,1,2015-07-04,7,July,02:25:00,2,2,2,50
201501HT20674,-0.021894,51.533358,3,2,1,2015-06-30,3,June,08:38:00,8,1,1,40
201501HT20675,-0.057002,51.531697,3,2,1,2015-05-18,2,May,18:14:00,18,1,1,30
201501HT20676,-0.073621,51.523967,3,2,1,2015-07-24,6,July,20:15:00,20,2,2,30
201501HT20677,-0.018944,51.521618,3,2,1,2015-08-02,1,August,19:30:00,19,1,1,30
201501HT20679,-0.034306,51.523045,3,2,1,2015-08-01,7,August,15:10:00,15,1,1,30
201501HT20680,-0.0448,51.510271,3,2,1,2015-07-22,4,July,23:19:00,23,1,1,30
201501HT20681,-0.062261,51.533492,3,1,1,2015-06-02,3,June,12:25:00,12,1,1,20
201501HT20682,-0.078788,51.521085,3,2,1,2015-07-11,7,July,11:20:00,11,1,1,30
201501HT20683,-0.023565,51.538062,3,2,1,2015-08-02,1,August,17:50:00,17,1,1,30
201501HT20684,-0.0564,51.511993,3,1,1,2015-07-29,4,July,10:44:00,10,1,1,30
201501HT20685,-0.039531,51.522233,3,2,2,2015-08-01,7,August,15:25:00,15,1,1,30
201501HT20686,-0.06469,51.52382,3,1,1,2015-08-01,7,August,01:10:00,1,1,1,30
201501HT20687,-0.053865,51.527508,3,2,1,2015-08-01,7,August,19:55:00,19,1,1,30
201501HT20688,-0.058375,51.509598,3,2,1,2015-08-02,1,August,16:30:00,16,1,1,30
201501HT20689,-0.066836,51.517381,3,2,1,2015-08-02,1,August,14:05:00,14,1,1,30
201501HT20691,-0.04552,51.510283,3,2,1,2015-08-04,3,August,20:15:00,20,1,1,30
201501HT20692,-0.063969,51.523808,3,2,1,2015-08-08,7,August,12:00:00,12,1,1,30
201501HT20693,-0.049506,51.524918,3,2,1,2015-07-15,4,July,23:55:00,23,1,2,30
201501HT20694,-0.039437,51.510991,3,2,1,2015-08-06,5,August,20:10:00,20,1,1,20
201501HT20695,-0.004376,51.511929,3,2,1,2015-08-02,1,August,07:10:00,7,1,1,30
201501HT20696,-0.060835,51.509369,3,2,6,2015-08-09,1,August,03:25:00,3,1,1,30
201501HT20697,-0.014551,51.529817,3,3,3,2015-07-31,6,July,21:42:00,21,1,1,50
201501HT20698,-0.01095,51.509882,3,2,2,2015-07-30,5,July,23:19:00,23,1,1,30
201501HT20699,-0.047665,51.510679,3,2,1,2015-08-07,6,August,14:02:00,14,1,1,30
201501HT20700,-0.065451,51.509265,3,2,2,2015-08-11,3,August,08:30:00,8,1,1,30
201501HT20701,-0.061827,51.526741,3,2,1,2015-08-08,7,August,23:10:00,23,1,1,30
201501HT20702,-0.009601,51.517683,3,2,1,2015-08-13,5,August,10:05:00,10,1,1,40
201501HT20703,-0.061271,51.509286,3,2,1,2015-08-11,3,August,22:10:00,22,2,2,30
201501HT20705,-0.034302,51.523135,2,2,1,2015-08-03,2,August,15:30:00,15,1,1,30
201501HT20706,-0.009753,51.517505,3,2,1,2015-08-11,3,August,12:07:00,12,1,1,40
201501HT20707,-0.057248,51.53269,3,3,1,2015-08-07,6,August,10:38:00,10,1,1,30
201501HT20708,-0.030262,51.529902,3,2,1,2015-08-14,6,August,17:40:00,17,2,2,30
201501HT20709,-0.073477,51.517131,3,2,1,2015-08-05,4,August,13:25:00,13,1,1,30
201501HT20710,-0.031885,51.525702,3,2,1,2015-08-07,6,August,08:50:00,8,1,1,30
201501HT20711,-0.056256,51.51199,3,2,1,2015-08-06,5,August,19:48:00,19,1,1,30
201501HT20713,-0.012072,51.507293,2,1,1,2015-08-18,3,August,00:13:00,0,1,1,40
201501HT20716,-0.01834,51.522237,3,2,1,2015-08-02,1,August,12:00:00,12,1,1,30
201501HT20717,-0.067231,51.51487,3,2,1,2015-08-06,5,August,19:45:00,19,1,1,30
201501HT20718,-0.040017,51.510911,3,3,1,2015-08-01,7,August,15:55:00,15,1,1,20
201501HT20719,-0.045888,51.52189,3,2,1,2015-08-13,5,August,18:02:00,18,1,1,30
201501HT20720,-0.063346,51.514716,3,2,1,2015-08-17,2,August,10:03:00,10,1,1,30
201501HT20721,-0.04215,51.511576,3,2,1,2015-08-13,5,August,20:23:00,20,9,2,20
201501HT20722,-0.052125,51.527749,3,2,2,2015-08-12,4,August,16:30:00,16,1,1,30
201501HT20723,-0.017554,51.517098,3,2,1,2015-07-19,1,July,15:30:00,15,1,1,20
201501HT20724,-0.022619,51.53328,3,2,1,2015-08-14,6,August,12:44:00,12,1,1,30
201501HT20725,-0.048506,51.511232,3,2,1,2015-08-05,4,August,19:00:00,19,1,1,30
201501HT20726,-0.055543,51.52196,3,1,1,2015-08-16,1,August,02:45:00,2,1,1,30
201501HT20727,-0.054349,51.529674,3,1,1,2015-08-15,7,August,17:25:00,17,1,1,30
201501HT20728,-0.056309,51.520894,3,2,1,2015-08-17,2,August,18:30:00,18,1,1,30
201501HT20730,-0.0093,51.511383,3,2,1,2015-08-20,5,August,15:21:00,15,1,1,40
201501HT20732,-0.069225,51.512025,3,1,2,2015-08-13,5,August,13:40:00,13,2,2,20
201501HT20733,-0.05997,51.512771,3,1,1,2015-06-17,4,June,13:00:00,13,1,1,30
201501HT20734,-0.075573,51.522111,3,1,1,2015-08-14,6,August,22:20:00,22,1,1,30
201501HT20735,-0.025773,51.527039,3,2,1,2015-08-14,6,August,07:10:00,7,1,1,30
201501HT20736,-0.014403,51.529904,3,2,2,2015-08-14,6,August,15:28:00,15,2,2,40
201501HT20737,-0.036553,51.524432,3,2,1,2015-08-23,1,August,00:05:00,0,1,1,30
201501HT20738,-0.057345,51.516865,3,1,1,2015-08-25,3,August,13:10:00,13,1,1,30
201501HT20739,-0.023156,51.527534,3,2,1,2015-08-18,3,August,19:41:00,19,1,1,30
201501HT20740,-0.055945,51.529431,3,1,1,2015-08-09,1,August,11:10:00,11,1,1,30
201501HT20741,-0.030137,51.526123,3,2,1,2015-08-23,1,August,18:02:00,18,1,1,30
201501HT20742,-0.073894,51.517497,3,1,1,2015-08-18,3,August,14:50:00,14,1,1,30
201501HT20743,-0.072655,51.516128,3,2,1,2015-07-14,3,July,20:01:00,20,1,1,30
201501HT20744,-0.056211,51.519813,3,2,1,2015-08-19,4,August,18:55:00,18,2,2,30
201501HT20745,-0.01926,51.507685,3,2,1,2015-08-19,4,August,15:54:00,15,1,1,30
201501HT20746,-0.051908,51.512548,3,2,2,2015-08-19,4,August,12:23:00,12,1,1,20
201501HT20747,-0.069719,51.531007,3,2,1,2015-08-22,7,August,14:11:00,14,1,1,30
201501HT20748,-0.02697,51.509343,3,2,1,2015-08-21,6,August,09:25:00,9,1,1,30
201501HT20749,-0.013556,51.499675,3,2,1,2015-08-19,4,August,19:01:00,19,1,1,30
201501HT20751,-0.058974,51.51923,3,1,1,2015-08-09,1,August,19:55:00,19,1,1,30
201501HT20752,-0.071256,51.508281,3,2,1,2015-08-18,3,August,09:08:00,9,1,1,30
201501HT20753,-0.008673,51.512541,3,1,1,2015-08-26,4,August,08:30:00,8,1,1,30
201501HT20754,-0.021704,51.527779,3,2,1,2015-07-02,5,July,19:37:00,19,1,1,30
201501HT20755,-0.055692,51.528617,3,2,2,2015-08-26,4,August,15:40:00,15,2,2,30
201501HT20756,-0.046612,51.521812,3,2,1,2015-07-31,6,July,23:00:00,23,1,1,30
201501HT20757,-0.073674,51.509041,3,2,1,2015-08-04,3,August,08:30:00,8,1,1,30
201501HT20758,-0.073951,51.509315,3,2,1,2015-08-09,1,August,07:00:00,7,1,1,30
201501HT20759,-0.009609,51.517503,3,3,1,2015-08-09,1,August,19:10:00,19,1,1,40
201501HT20762,-0.07375,51.517495,3,2,1,2015-08-21,6,August,07:58:00,7,1,1,30
201501HT20763,-0.016824,51.507374,3,3,1,2015-08-21,6,August,11:30:00,11,1,1,30
201501HT20764,-0.000884,51.512678,3,2,1,2015-08-25,3,August,06:25:00,6,1,1,30
201501HT20765,-0.056643,51.51982,3,1,1,2015-09-02,4,September,10:00:00,10,1,1,30
201501HT20766,-0.050037,51.53275,3,2,1,2015-08-27,5,August,17:35:00,17,1,1,30
201501HT20768,-0.027009,51.508445,3,1,1,2015-09-01,3,September,11:00:00,11,2,2,30
201501HT20770,-0.053283,51.514099,3,2,1,2015-08-29,7,August,10:51:00,10,1,1,30
201501HT20771,-0.003186,51.50948,3,2,1,2015-08-29,7,August,10:24:00,10,1,1,40
201501HT20772,-0.071415,51.52501,3,1,1,2015-08-18,3,August,13:30:00,13,1,1,30
201501HT20773,-0.025715,51.495024,3,1,1,2015-08-15,7,August,01:40:00,1,1,2,30
201501HT20775,-0.043348,51.510517,3,2,1,2015-08-23,1,August,14:18:00,14,1,1,30
201501HT20776,-0.019116,51.511009,3,1,1,2015-08-30,1,August,15:25:00,15,1,1,20
201501HT20777,-0.0132,51.511179,3,2,1,2015-09-03,5,September,21:10:00,21,1,1,30
201501HT20778,-0.033837,51.513865,3,1,1,2015-09-04,6,September,19:46:00,19,1,1,20
201501HT20779,-0.020637,51.515801,2,1,1,2015-09-08,3,September,17:28:00,17,1,1,30
201501HT20780,-0.036989,51.524349,3,2,1,2015-09-11,6,September,20:44:00,20,1,1,30
201501HT20781,-0.027957,51.526536,3,2,1,2015-08-21,6,August,21:00:00,21,1,1,30
201501HT20782,-0.046904,51.521727,3,1,1,2015-08-24,2,August,07:45:00,7,1,2,30
201501HT20784,-0.01294,51.507218,3,2,1,2015-08-27,5,August,22:42:00,22,1,1,40
201501HT20785,-0.047979,51.516799,3,1,1,2015-08-28,6,August,17:00:00,17,1,1,30
201501HT20786,-0.052287,51.520558,3,2,1,2015-08-29,7,August,18:45:00,18,2,2,30
201501HT20787,-0.02114,51.510864,3,2,2,2015-09-11,6,September,21:15:00,21,1,1,30
201501HT20788,-0.035191,51.512539,3,1,1,2015-09-06,1,September,10:12:00,10,1,1,30
201501HT20789,-0.032859,51.513129,3,2,1,2015-09-07,2,September,15:00:00,15,1,1,20
201501HT20790,-0.039936,51.52287,3,2,1,2015-09-08,3,September,09:20:00,9,1,1,30
201501HT20791,-0.031469,51.528663,3,2,1,2015-08-21,6,August,18:50:00,18,1,1,30
201501HT20792,-0.013506,51.517389,3,2,1,2015-08-24,2,August,16:30:00,16,2,2,30
201501HT20793,-0.046019,51.518835,3,2,1,2015-08-24,2,August,08:50:00,8,2,2,30
201501HT20794,-0.02732,51.50791,3,2,1,2015-08-24,2,August,12:50:00,12,2,2,30
201501HT20795,-0.033919,51.532031,3,1,1,2015-09-06,1,September,16:59:00,16,1,1,30
201501HT20796,-0.068492,51.525951,3,1,1,2015-09-12,7,September,13:13:00,13,1,1,30
201501HT20797,-0.063973,51.523719,3,2,1,2015-08-25,3,August,12:51:00,12,1,1,30
201501HT20798,-0.053378,51.522014,3,2,1,2015-08-28,6,August,07:20:00,7,1,1,30
201501HT20799,-0.033921,51.525287,3,1,1,2015-08-30,1,August,14:45:00,14,1,1,30
201501HT20800,-0.027373,51.526706,3,2,1,2015-08-28,6,August,23:27:00,23,1,1,30
201501HT20801,-0.028449,51.511796,3,2,1,2015-08-28,6,August,02:00:00,2,1,1,30
201501HT20802,-0.064354,51.514732,3,2,1,2015-09-01,3,September,06:30:00,6,1,2,30
201501HT20803,-0.055824,51.528889,3,1,1,2015-09-10,5,September,11:47:00,11,1,1,30
201501HT20804,-0.053153,51.517155,3,2,2,2015-09-12,7,September,16:05:00,16,1,1,30
201501HT20805,-0.071452,51.530946,3,2,1,2015-09-02,4,September,18:00:00,18,1,1,30
201501HT20806,-0.040172,51.530787,3,1,1,2015-09-15,3,September,10:30:00,10,1,1,30
201501HT20807,-0.05862,51.52417,3,2,1,2015-08-26,4,August,12:51:00,12,2,2,30
201501HT20808,-0.0257,51.495383,3,2,1,2015-08-24,2,August,17:25:00,17,2,2,30
201501HT20809,-0.050274,51.51369,3,2,1,2015-09-03,5,September,18:45:00,18,1,1,30
201501HT20811,-0.00889,51.500944,3,2,1,2015-09-08,3,September,18:20:00,18,1,1,30
201501HT20813,-0.018548,51.507493,3,2,1,2015-09-09,4,September,13:21:00,13,1,1,40
201501HT20814,-0.063911,51.528574,3,2,1,2015-09-02,4,September,21:49:00,21,2,2,30
201501HT20815,-0.028829,51.526371,3,2,3,2015-08-30,1,August,01:07:00,1,1,2,30
201501HT20816,-0.055724,51.51432,3,2,1,2015-09-09,4,September,19:00:00,19,1,1,30
201501HT20817,-0.064723,51.526429,3,2,2,2015-08-25,3,August,15:26:00,15,2,2,30
201501HT20818,-0.007783,51.506501,3,1,1,2015-08-28,6,August,20:15:00,20,1,1,30
201501HT20819,-0.0448,51.510271,3,2,1,2015-09-08,3,September,17:50:00,17,1,1,30
201501HT20820,-0.065673,51.517632,3,1,1,2015-06-04,5,June,10:30:00,10,1,1,30
201501HT20821,-0.071972,51.515217,3,2,1,2015-09-08,3,September,22:05:00,22,1,1,30
201501HT20822,-0.067132,51.517206,3,2,1,2015-09-02,4,September,07:08:00,7,1,1,30
201501HT20823,-0.055298,51.51755,3,2,2,2015-09-12,7,September,23:00:00,23,1,1,30
201501HT20824,-0.051123,51.520808,3,2,1,2015-09-12,7,September,07:50:00,7,1,1,30
201501HT20825,-0.076188,51.528056,3,2,1,2015-09-17,5,September,07:25:00,7,1,2,30
201501HT20826,-0.010367,51.506725,3,2,2,2015-09-19,7,September,16:30:00,16,1,1,30
201501HT20827,-0.053656,51.512127,3,2,1,2015-09-19,7,September,16:00:00,16,1,1,30
201501HT20828,-0.011204,51.507368,3,3,2,2015-08-29,7,August,00:21:00,0,1,1,40
201501HT20829,-0.022428,51.527702,3,2,1,2015-09-14,2,September,17:33:00,17,2,2,30
201501HT20830,-0.016329,51.512131,3,2,1,2015-09-15,3,September,12:55:00,12,1,1,30
201501HT20831,-0.01668,51.507371,3,3,1,2015-09-14,2,September,17:30:00,17,1,1,40
201501HT20832,-0.04632,51.521897,3,2,1,2015-09-17,5,September,20:45:00,20,1,1,30
201501HT20833,-0.050443,51.509736,3,3,3,2015-09-19,7,September,22:40:00,22,1,1,30
201501HT20835,-0.070589,51.517263,3,2,1,2015-09-07,2,September,01:10:00,1,1,1,30
201501HT20836,-0.0083,51.507859,3,2,1,2015-06-16,3,June,20:05:00,20,1,1,30
201501HT20837,-0.045624,51.531418,3,2,1,2015-08-31,2,August,11:30:00,11,2,2,30
201501HT20838,-0.068868,51.520472,3,2,1,2015-08-30,1,August,20:00:00,20,1,1,30
201501HT20839,-0.000592,51.512763,3,3,1,2015-09-06,1,September,21:30:00,21,1,1,30
201501HT20840,-0.021124,51.52786,3,2,1,2015-09-09,4,September,15:30:00,15,1,1,30
201501HT20841,-0.048698,51.513484,3,2,1,2015-08-31,2,August,12:00:00,12,2,2,30
201501HT20842,-0.057371,51.519653,2,1,1,2015-09-19,7,September,14:10:00,14,1,1,30
201501HT20843,-0.071389,51.515388,3,2,1,2015-09-07,2,September,18:04:00,18,1,1,30
201501HT20844,-0.061906,51.514692,2,2,1,2015-09-02,4,September,14:15:00,14,1,1,30
201501HT20845,-0.059972,51.529678,3,2,1,2015-09-12,7,September,13:36:00,13,1,1,30
201501HT20846,-0.056012,51.514325,3,1,1,2015-09-14,2,September,08:10:00,8,1,1,30
201501HT20848,-0.066457,51.516116,3,2,1,2015-09-14,2,September,13:50:00,13,1,1,30
201501HT20849,-0.013748,51.511818,3,2,1,2015-09-21,2,September,01:29:00,1,1,1,30
201501HT20850,-0.053276,51.514279,3,2,1,2015-09-20,1,September,04:50:00,4,1,1,30
201501HT20851,-0.047132,51.526497,3,2,1,2015-09-16,4,September,15:50:00,15,2,2,30
201501HT20852,-0.008624,51.507055,3,2,1,2015-09-17,5,September,09:20:00,9,1,1,30
201501HT20853,-0.038521,51.528961,3,1,1,2015-09-18,6,September,22:35:00,22,1,1,20
201501HT20854,-0.013511,51.487444,3,2,1,2015-09-15,3,September,17:20:00,17,1,1,30
201501HT20856,-0.072852,51.514872,3,3,1,2015-09-08,3,September,17:55:00,17,1,1,30
201501HT20857,-0.053283,51.514099,3,2,1,2015-09-22,3,September,17:18:00,17,2,2,30
201501HT20859,-0.037002,51.527407,3,2,1,2015-09-25,6,September,08:35:00,8,1,1,30
201501HT20860,-0.056211,51.519813,3,2,1,2015-09-18,6,September,19:45:00,19,1,1,30
201501HT20861,-0.057331,51.53413,3,1,1,2015-09-15,3,September,18:45:00,18,1,1,30
201501HT20862,-0.073962,51.509045,3,2,1,2015-08-25,3,August,09:40:00,9,1,1,30
201501HT20863,-0.045524,51.510193,3,2,1,2015-09-11,6,September,17:20:00,17,1,1,30
201501HT20864,-0.000592,51.512763,3,2,1,2015-09-26,7,September,00:11:00,0,1,1,30
201501HT20865,-0.047457,51.52902,3,2,1,2015-09-24,5,September,18:45:00,18,1,1,30
201501HT20867,-0.056211,51.519813,3,2,1,2015-08-18,3,August,21:02:00,21,1,1,30
201501HT20868,-0.061177,51.531856,3,2,1,2015-09-23,4,September,08:35:00,8,1,1,30
201501HT20869,-0.047052,51.52164,3,2,1,2015-09-23,4,September,09:20:00,9,1,1,30
201501HT20871,-0.063064,51.534944,3,2,1,2015-09-26,7,September,19:55:00,19,1,1,30
201501HT20872,-0.053168,51.516795,3,2,4,2015-08-11,3,August,18:33:00,18,1,1,30
201501HT20873,-0.042464,51.517696,3,2,1,2015-09-29,3,September,12:38:00,12,1,1,30
201501HT20874,-0.056643,51.51982,3,2,1,2015-09-25,6,September,11:07:00,11,1,1,30
201501HT20875,-0.061177,51.531856,2,2,1,2015-09-19,7,September,15:11:00,15,1,1,30
201501HT20876,-0.018951,51.521438,3,1,1,2015-09-21,2,September,16:18:00,16,1,2,30
201501HT20877,-0.010515,51.506637,2,2,1,2015-08-30,1,August,17:17:00,17,1,1,20
201501HT20878,-0.047013,51.522538,3,2,2,2015-09-23,4,September,16:30:00,16,1,1,20
201501HT20879,-0.064372,51.521117,2,1,1,2015-09-08,3,September,20:44:00,20,1,1,30
201501HT20881,-0.024223,51.532858,3,2,5,2015-09-26,7,September,15:20:00,15,1,1,30
201501HT20882,-0.055724,51.51432,3,1,1,2015-09-29,3,September,18:34:00,18,1,1,30
201501HT20883,-0.019407,51.520906,3,2,1,2015-09-27,1,September,19:45:00,19,1,1,20
201501HT20884,-0.055246,51.525553,3,2,2,2015-09-28,2,September,21:00:00,21,1,1,30
201501HT20885,-0.046598,51.532243,3,1,1,2015-09-23,4,September,00:05:00,0,1,1,30
201501HT20886,-0.040005,51.51118,3,2,2,2015-09-14,2,September,00:17:00,0,1,1,20
201501HT20888,-0.05572,51.51441,3,2,2,2015-09-12,7,September,01:30:00,1,1,1,30
201501HT20889,-0.069426,51.510679,3,2,1,2015-09-29,3,September,08:50:00,8,1,1,30
201501HT20890,-0.078788,51.521085,3,2,1,2015-09-26,7,September,17:00:00,17,1,1,30
201501HT20891,-0.038935,51.512601,3,2,2,2015-09-29,3,September,06:28:00,6,1,1,30
201501HT20892,-0.059858,51.505216,3,2,1,2015-09-28,2,September,11:30:00,11,1,1,30
201501HT20893,-0.034061,51.522052,3,2,2,2015-10-03,7,October,12:45:00,12,1,1,30
201501HT20894,-0.035479,51.512544,3,2,1,2015-09-29,3,September,10:15:00,10,1,1,30
201501HT20895,-0.065595,51.509267,3,2,1,2015-09-27,1,September,20:50:00,20,1,1,30
201501HT20896,-0.020688,51.527942,3,2,1,2015-10-01,5,October,08:05:00,8,1,1,30
201501HT20897,-0.045452,51.521973,3,1,1,2015-09-28,2,September,20:51:00,20,1,1,30
201501HT20900,-0.057233,51.533049,3,2,1,2015-09-21,2,September,19:15:00,19,2,2,30
201501HT20901,-0.055313,51.527352,3,2,1,2015-10-04,1,October,23:10:00,23,1,1,30
201501HT20902,-0.073966,51.508955,3,2,1,2015-10-02,6,October,15:05:00,15,1,1,30
201501HT20903,-0.044389,51.513142,3,2,1,2015-10-01,5,October,07:30:00,7,1,1,30
201501HT20904,-0.051707,51.520638,3,2,1,2015-09-21,2,September,07:50:00,7,1,1,30
201501HT20905,-0.01378,51.511099,3,3,2,2015-07-11,7,July,15:30:00,15,1,1,30
201501HT20906,-0.009265,51.508864,3,4,1,2015-09-23,4,September,09:00:00,9,1,1,30
201501HT20907,-0.071544,51.518538,3,1,1,2015-09-28,2,September,15:30:00,15,1,1,30
201501HT20908,-0.022237,51.518796,3,1,2,2015-10-01,5,October,12:44:00,12,1,1,30
201501HT20909,-0.057219,51.509668,3,1,1,2015-10-05,2,October,23:56:00,23,2,2,30
201501HT20910,-0.018803,51.52818,3,2,1,2015-10-05,2,October,22:30:00,22,2,2,30
201501HT20911,-0.063563,51.526589,3,2,1,2015-10-02,6,October,19:20:00,19,1,1,30
201501HT20913,-0.016536,51.507369,3,2,1,2015-08-25,3,August,10:15:00,10,1,1,40
201501HT20914,-0.008296,51.507948,3,2,1,2015-10-02,6,October,07:13:00,7,1,1,20
201501HT20915,-0.068451,51.516688,3,2,1,2015-10-09,6,October,21:20:00,21,1,1,20
201501HT20916,-0.010168,51.511308,3,2,1,2015-10-12,2,October,05:45:00,5,1,1,30
201501HT20917,-0.063159,51.519119,3,2,1,2015-10-07,4,October,14:58:00,14,1,1,30
201501HT20918,-0.052723,51.520475,3,2,1,2015-10-02,6,October,08:15:00,8,1,1,30
201501HT20919,-0.011756,51.511245,3,3,1,2015-10-11,1,October,21:15:00,21,1,1,30
201501HT20920,-0.061743,51.515139,3,1,1,2015-10-10,7,October,22:00:00,22,1,1,20
201501HT20921,-0.052707,51.51409,3,2,3,2015-08-11,3,August,10:00:00,10,1,1,30
201501HT20922,-0.0335,51.521683,3,1,1,2015-10-03,7,October,13:30:00,13,1,1,30
201501HT20923,-0.047048,51.521729,3,2,1,2015-10-12,2,October,09:10:00,9,1,1,30
201501HT20924,-0.076585,51.522038,3,2,1,2015-10-11,1,October,19:30:00,19,1,1,30
201501HT20925,-0.064723,51.526429,3,2,1,2015-10-13,3,October,20:20:00,20,1,1,30
201501HT20927,-0.028465,51.514764,3,2,1,2015-09-05,7,September,13:40:00,13,1,1,30
201501HT20928,-0.013846,51.529445,3,2,1,2015-09-15,3,September,07:30:00,7,2,2,40
201501HT20929,-0.076233,51.523561,3,1,1,2015-09-30,4,September,16:00:00,16,1,1,30
201501HT20930,-0.052723,51.520475,3,1,1,2015-10-17,7,October,20:07:00,20,1,1,30
201501HT20931,-0.044245,51.51314,2,2,1,2015-10-10,7,October,07:50:00,7,1,1,30
201501HT20932,-0.01582,51.507267,3,2,1,2015-10-02,6,October,16:40:00,16,1,1,40
201501HT20933,-0.064723,51.526429,3,2,2,2015-10-18,1,October,06:39:00,6,1,1,30
201501HT20935,-0.073405,51.515421,3,2,1,2015-10-01,5,October,11:55:00,11,1,1,20
201501HT20937,-0.040575,51.514697,3,2,1,2015-10-07,4,October,15:57:00,15,1,1,30
201501HT20938,-0.068348,51.525949,3,1,1,2015-09-05,7,September,04:35:00,4,1,1,30
201501HT20941,-0.062914,51.514709,3,2,1,2015-10-02,6,October,05:15:00,5,1,1,30
201501HT20942,-0.033485,51.52537,3,2,1,2015-10-10,7,October,17:15:00,17,1,1,30
201501HT20944,-0.060321,51.514666,3,1,1,2015-10-19,2,October,08:54:00,8,1,1,30
201501HT20945,-0.02272,51.51098,3,2,1,2015-10-19,2,October,18:30:00,18,1,1,30
201501HT20947,-0.074933,51.523629,3,2,1,2015-10-15,5,October,13:00:00,13,1,1,30
201501HT20950,-0.06684,51.517291,3,2,1,2015-10-09,6,October,18:50:00,18,1,1,30
201501HT20951,-0.054611,51.520146,3,2,1,2015-10-20,3,October,09:00:00,9,1,1,30
201501HT20952,-0.068058,51.508948,3,3,1,2015-10-23,6,October,15:39:00,15,1,1,30
201501HT20953,-0.056873,51.514429,2,1,1,2015-10-22,5,October,14:12:00,14,1,1,20
201501HT20954,-0.05871,51.515268,3,2,1,2015-10-15,5,October,17:31:00,17,1,1,30
201501HT20955,-0.064078,51.511041,3,2,1,2015-06-24,4,June,08:10:00,8,1,1,30
201501HT20956,-0.04458,51.522138,3,1,1,2015-10-25,1,October,22:52:00,22,1,1,30
201501HT20959,-0.040368,51.522877,3,1,1,2015-10-13,3,October,07:30:00,7,1,1,30
201501HT20960,-0.02537,51.509676,3,1,1,2015-10-06,3,October,15:55:00,15,1,1,20
201501HT20961,-0.055227,51.532746,3,2,1,2015-10-17,7,October,17:00:00,17,1,1,20
201501HT20962,-0.038359,51.512592,3,2,2,2015-10-25,1,October,21:50:00,21,4,1,30
201501HT20963,-0.06684,51.517291,3,2,1,2015-10-18,1,October,17:21:00,17,1,1,30
201501HT20964,-0.065673,51.517632,3,1,1,2015-10-19,2,October,15:10:00,15,1,1,30
201501HT20965,-0.067231,51.51487,3,2,1,2015-10-02,6,October,21:00:00,21,1,1,30
201501HT20966,-0.075073,51.523721,3,2,1,2015-10-07,4,October,15:18:00,15,1,1,20
201501HT20968,-0.026697,51.508979,3,2,2,2015-10-09,6,October,21:15:00,21,1,1,30
201501HT20969,-0.072401,51.50848,3,3,1,2015-10-22,5,October,08:30:00,8,1,1,30
201501HT20970,-0.072109,51.5154,3,1,1,2015-10-20,3,October,16:25:00,16,1,1,30
201501HT20971,-0.011904,51.527704,3,2,1,2015-10-25,1,October,18:34:00,18,1,1,30
201501HT20972,-0.055688,51.518546,3,2,1,2015-10-12,2,October,17:15:00,17,1,1,20
201501HT20974,-0.039663,51.522505,2,2,1,2015-10-20,3,October,07:15:00,7,1,1,20
201501HT20975,-0.066966,51.510909,3,2,1,2015-10-21,4,October,08:53:00,8,2,2,20
201501HT20977,-0.031885,51.525702,3,2,1,2015-10-23,6,October,09:20:00,9,1,1,30
201501HT20978,-0.041953,51.532975,2,2,1,2015-10-25,1,October,07:39:00,7,1,2,20
201501HT20981,-0.00988,51.511303,3,3,1,2015-10-10,7,October,00:53:00,0,1,1,30
201501HT20984,-0.061321,51.531858,3,2,1,2015-10-26,2,October,20:55:00,20,1,1,30
201501HT20985,-0.061321,51.531858,3,2,1,2015-10-06,3,October,15:57:00,15,1,1,20
201501HT20986,-0.006231,51.515647,3,2,1,2015-10-11,1,October,16:35:00,16,1,1,30
201501HT20987,-0.008876,51.507868,3,2,1,2015-10-08,5,October,21:38:00,21,1,1,30
201501HT20988,-0.017388,51.51098,3,1,1,2015-09-16,4,September,15:20:00,15,1,1,30
201501HT20990,-0.017256,51.507381,3,2,1,2015-11-03,3,November,21:10:00,21,1,1,40
201501HT20991,-0.072048,51.520255,3,1,1,2015-10-30,6,October,19:45:00,19,1,1,20
201501HT20992,-0.055724,51.51432,3,2,1,2015-10-29,5,October,16:50:00,16,1,1,20
201501HT20993,-0.00755,51.505238,3,1,1,2015-08-25,3,August,00:01:00,0,1,2,30
201501HT20994,-0.050251,51.520973,3,1,1,2015-11-07,7,November,21:00:00,21,1,2,30
201501HT20995,-0.073,51.514785,3,2,1,2015-10-27,3,October,10:32:00,10,1,1,30
201501HT20996,-0.062338,51.514699,3,1,1,2015-10-29,5,October,19:58:00,19,1,1,30
201501HT20998,-0.024608,51.527289,3,2,4,2015-11-01,1,November,16:45:00,16,7,2,30
201501HT20999,-0.066106,51.531218,3,2,1,2015-10-27,3,October,17:38:00,17,1,1,30
201501HT21000,-0.07126,51.508192,3,2,1,2015-11-03,3,November,08:10:00,8,1,1,30
201501HT21001,-0.076449,51.521856,3,1,1,2015-10-09,6,October,12:50:00,12,1,1,30
201501HT21002,-0.037581,51.523999,3,1,1,2015-10-13,3,October,11:55:00,11,1,1,30
201501HT21003,-0.061177,51.531856,3,2,1,2015-10-23,6,October,09:35:00,9,1,1,30
201501HT21004,-0.056086,51.519362,3,2,1,2015-10-29,5,October,20:10:00,20,2,2,30
201501HT21005,-0.047734,51.515806,2,2,2,2015-10-01,5,October,09:50:00,9,1,1,30
201501HT21006,-0.066988,51.517204,3,2,1,2015-11-03,3,November,11:30:00,11,1,1,30
201501HT21007,-0.039231,51.512427,3,2,1,2015-10-15,5,October,09:05:00,9,1,1,30
201501HT21008,-0.020778,51.515893,3,2,1,2015-10-16,6,October,21:27:00,21,1,1,30
201501HT21011,-0.057544,51.532515,3,1,1,2015-11-04,4,November,23:00:00,23,1,1,20
201501HT21012,-0.04162,51.510488,3,2,1,2015-11-03,3,November,15:55:00,15,1,1,30
201501HT21013,-0.029805,51.517125,3,2,1,2015-11-01,1,November,16:45:00,16,7,2,30
201501HT21016,-0.056499,51.519818,3,2,1,2015-10-07,4,October,00:29:00,0,1,1,30
201501HT21017,-0.042196,51.510498,3,2,1,2015-10-26,2,October,17:45:00,17,1,1,30
201501HT21018,-0.051901,51.512728,3,1,1,2015-11-05,5,November,18:35:00,18,1,2,30
201501HT21019,-0.025666,51.509501,3,2,1,2015-11-14,7,November,21:05:00,21,1,2,30
201501HT21020,-0.023148,51.511077,3,2,1,2015-11-08,1,November,05:45:00,5,1,1,20
201501HT21022,-0.027542,51.506116,3,2,1,2015-11-05,5,November,07:35:00,7,1,1,30
201501HT21023,-0.056466,51.527371,3,1,1,2015-11-05,5,November,12:05:00,12,1,2,30
201501HT21024,-0.011327,51.511147,3,2,1,2015-10-25,1,October,17:50:00,17,2,2,30
201501HT21025,-0.001172,51.512683,3,2,1,2015-10-30,6,October,17:30:00,17,1,1,30
201501HT21026,-0.03286,51.533183,3,2,1,2015-11-12,5,November,10:36:00,10,1,1,30
201501HT21027,-0.016536,51.507369,3,2,1,2015-11-13,6,November,17:20:00,17,1,1,40
201501HT21028,-0.047804,51.531004,3,2,1,2015-10-17,7,October,13:10:00,13,1,1,20
201501HT21029,-0.072412,51.515045,3,2,1,2015-11-06,6,November,10:02:00,10,2,2,20
201501HT21030,-0.057157,51.514523,3,2,1,2015-10-20,3,October,17:30:00,17,1,1,30
201501HT21031,-0.039075,51.512694,3,2,1,2015-11-06,6,November,06:15:00,6,2,2,30
201501HT21032,-0.017032,51.519157,3,2,1,2015-09-30,4,September,08:47:00,8,1,1,30
201501HT21033,-0.000312,51.512579,3,2,1,2015-11-16,2,November,08:20:00,8,2,2,30
201501HT21034,-0.063485,51.518225,3,2,1,2015-11-10,3,November,11:36:00,11,1,1,30
201501HT21035,-0.004232,51.511926,3,3,3,2015-10-11,1,October,18:45:00,18,1,1,30
201501HT21036,-0.045834,51.523148,3,2,4,2015-10-31,7,October,13:08:00,13,1,1,30
201501HT21037,-0.076449,51.521856,3,1,1,2015-10-27,3,October,17:35:00,17,1,1,30
201501HT21039,-0.011584,51.511871,3,2,1,2015-10-14,4,October,10:30:00,10,1,1,30
201501HT21040,-0.05719,51.527293,3,1,1,2015-11-04,4,November,19:20:00,19,1,2,30
201501HT21041,-0.048248,51.523998,3,1,1,2015-11-25,4,November,10:30:00,10,1,1,30
201501HT21042,-0.023012,51.527532,3,2,1,2015-11-09,2,November,16:15:00,16,1,1,30
201501HT21043,-0.022615,51.53337,3,2,1,2015-11-01,1,November,06:54:00,6,7,2,30
201501HT21045,-0.053427,51.514102,3,2,1,2015-11-25,4,November,19:10:00,19,1,1,30
201501HT21046,-0.065303,51.526348,3,2,1,2015-11-19,5,November,18:35:00,18,1,1,30
201501HT21048,-0.050875,51.509743,3,2,1,2015-11-04,4,November,17:37:00,17,2,2,30
201501HT21049,-0.025628,51.527036,3,2,1,2015-11-20,6,November,16:58:00,16,1,1,30
201501HT21050,-0.033939,51.534909,3,2,2,2015-11-10,3,November,20:15:00,20,1,1,20
201501HT21051,-0.014156,51.495818,3,1,1,2015-11-09,2,November,12:20:00,12,1,1,20
201501HT21052,-0.057955,51.519482,3,1,1,2015-11-04,4,November,20:53:00,20,1,1,30
201501HT21053,-0.056199,51.530245,3,1,1,2015-10-31,7,October,16:51:00,16,1,1,30
201501HT21054,-0.059725,51.532101,3,2,1,2015-11-04,4,November,14:40:00,14,1,1,30
201501HT21055,-0.016376,51.511053,3,2,1,2015-10-02,6,October,14:47:00,14,1,1,30
201501HT21056,-0.024872,51.507869,3,2,1,2015-11-05,5,November,18:39:00,18,2,2,20
201501HT21057,-0.063485,51.518225,3,2,2,2015-11-14,7,November,00:05:00,0,1,2,30
201501HT21058,-0.060465,51.514668,3,2,1,2015-11-15,1,November,13:30:00,13,1,1,30
201501HT21059,-0.055886,51.527452,3,2,1,2015-10-28,4,October,09:30:00,9,2,2,30
201501HT21060,-0.060835,51.509369,3,2,1,2015-11-07,7,November,15:23:00,15,1,2,30
201501HT21061,-0.035821,51.524689,3,2,2,2015-11-11,4,November,19:00:00,19,1,1,30
201501HT21062,-0.047271,51.509773,3,2,1,2015-10-18,1,October,10:00:00,10,1,1,30
201501HT21063,-0.056112,51.511988,3,1,1,2015-11-16,2,November,16:20:00,16,1,1,30
201501HT21064,-0.068599,51.516601,3,1,1,2015-11-05,5,November,03:55:00,3,1,2,30
201501HT21065,-0.067766,51.509033,3,2,1,2015-11-11,4,November,17:05:00,17,1,1,30
201501HT21066,-0.018733,51.523143,3,1,1,2015-11-09,2,November,12:52:00,12,1,1,20
201501HT21067,-0.023261,51.518453,3,2,1,2015-11-09,2,November,08:15:00,8,1,1,20
201501HT21068,-0.019486,51.509127,3,2,1,2015-11-06,6,November,18:20:00,18,1,2,30
201501HT21069,-0.035028,51.516313,3,2,2,2015-11-10,3,November,22:59:00,22,1,1,20
201501HT21070,-0.057362,51.533411,3,1,1,2015-11-14,7,November,14:59:00,14,2,2,30
201501HT21071,-0.068747,51.516513,3,2,1,2015-11-14,7,November,23:25:00,23,1,2,30
201501HT21072,-0.021144,51.510774,3,2,1,2015-11-19,5,November,19:04:00,19,1,1,30
201501HT21073,-0.032029,51.525705,3,2,1,2015-11-19,5,November,15:50:00,15,1,2,30
201501HT21074,-0.05328,51.514189,3,2,1,2015-11-04,4,November,08:55:00,8,1,1,30
201501HT21075,-0.066515,51.514768,3,2,1,2015-11-14,7,November,23:18:00,23,1,1,30
201501HT21076,-0.02353,51.51558,3,2,2,2015-11-08,1,November,13:54:00,13,1,1,20
201501HT21077,-0.009389,51.496097,3,1,1,2015-11-12,5,November,18:20:00,18,1,1,20
201501HT21078,-0.042879,51.514736,3,2,2,2015-11-21,7,November,22:05:00,22,1,1,20
201501HT21079,-0.011223,51.523466,3,2,1,2015-11-25,4,November,12:55:00,12,1,1,30
201501HT21080,-0.028297,51.511973,3,2,1,2015-11-15,1,November,22:30:00,22,2,2,30
201501HT21081,-0.075058,51.520664,3,2,1,2015-11-24,3,November,07:00:00,7,2,2,30
201501HT21082,-0.065208,51.528595,3,2,2,2015-11-19,5,November,00:15:00,0,1,1,30
201501HT21083,-0.030788,51.527752,3,1,1,2015-11-21,7,November,15:00:00,15,1,1,30
201501HT21084,-0.055601,51.527357,3,2,1,2015-11-19,5,November,22:35:00,22,1,1,20
201501HT21085,-0.036096,51.531708,3,2,1,2015-11-29,1,November,02:16:00,2,1,1,30
201501HT21086,-0.065703,51.516913,2,1,1,2015-11-09,2,November,09:15:00,9,1,1,20
201501HT21087,-0.072825,51.508667,3,2,1,2015-11-18,4,November,05:57:00,5,1,1,30
201501HT21088,-0.025832,51.495655,3,2,1,2015-11-21,7,November,20:33:00,20,1,1,30
201501HT21089,-0.067038,51.509201,3,2,1,2015-11-09,2,November,18:50:00,18,1,1,30
201501HT21090,-0.056968,51.532505,3,2,1,2015-11-24,3,November,09:28:00,9,2,2,30
201501HT21091,-0.022109,51.518434,3,2,1,2015-11-29,1,November,23:05:00,23,2,2,20
201501HT21092,-0.071006,51.514212,3,1,1,2015-11-19,5,November,23:20:00,23,1,1,30
201501HT21096,-0.063338,51.518313,3,2,1,2015-11-18,4,November,14:15:00,14,5,2,30
201501HT21097,-0.00918,51.507514,3,2,1,2015-12-01,3,December,16:55:00,16,4,1,40
201501HT21098,-0.03289,51.51241,3,2,1,2015-11-20,6,November,22:55:00,22,2,2,30
201501HT21100,-0.032455,51.532546,3,2,1,2015-12-03,5,December,23:00:00,23,1,1,30
201501HT21102,-0.032173,51.525707,3,2,1,2015-11-27,6,November,18:30:00,18,1,2,30
201501HT21103,-0.02987,51.51227,3,2,1,2015-09-30,4,September,08:55:00,8,1,1,30
201501HT21104,-0.070319,51.520226,3,2,1,2015-10-31,7,October,23:55:00,23,1,1,30
201501HT21105,-0.056643,51.51982,3,2,1,2015-12-08,3,December,18:05:00,18,1,1,30
201501HT21106,-0.073617,51.524057,3,1,1,2015-11-30,2,November,14:15:00,14,1,1,30
201501HT21108,-0.072867,51.511096,3,2,1,2015-12-10,5,December,18:10:00,18,1,1,30
201501HT21109,-0.055638,51.512969,3,2,2,2015-12-05,7,December,09:30:00,9,1,1,20
201501HT21111,-0.029797,51.517304,3,2,2,2015-11-13,6,November,14:50:00,14,1,1,30
201501HT21112,-0.060937,51.523938,2,1,1,2015-12-16,4,December,00:21:00,0,2,2,30
201501HT21113,-0.053587,51.520489,3,2,2,2015-12-13,1,December,22:10:00,22,2,2,20
201501HT21114,-0.017935,51.528255,3,1,1,2015-12-11,6,December,06:29:00,6,1,2,30
201501HT21116,-0.058099,51.519485,2,2,1,2015-11-14,7,November,22:50:00,22,2,2,20
201501HT21117,-0.003038,51.509568,3,2,2,2015-10-26,2,October,18:25:00,18,1,1,30
201501HT21118,-0.027877,51.511697,3,2,1,2015-11-14,7,November,18:15:00,18,1,1,30
201501HT21119,-0.01369,51.529712,3,2,1,2015-11-29,1,November,12:20:00,12,1,1,40
201501HT21120,-0.060741,51.531938,3,1,1,2015-12-21,2,December,12:30:00,12,2,2,30
201501HT21121,-0.019079,51.531782,3,2,1,2015-11-30,2,November,21:10:00,21,1,1,40
201501HT21122,-0.070876,51.530936,3,1,1,2015-10-26,2,October,15:00:00,15,1,1,30
201501HT21123,-0.070513,51.515643,3,2,1,2015-12-18,6,December,09:55:00,9,1,1,30
201501HT21124,-0.04152,51.512824,3,2,1,2015-11-13,6,November,18:45:00,18,1,1,30
201501HT21125,-0.014866,51.529193,3,1,2,2015-12-17,5,December,20:09:00,20,1,2,30
201501HT21126,-0.024105,51.508935,2,2,1,2015-12-16,4,December,19:35:00,19,1,1,20
201501HT21127,-0.041804,51.512919,3,2,2,2015-12-12,7,December,17:25:00,17,1,1,30
201501HT21129,-0.028245,51.526541,3,2,2,2015-12-29,3,December,22:19:00,22,1,1,30
201501HT21131,-0.010499,51.510324,3,2,1,2015-12-14,2,December,17:20:00,17,1,2,20
201501HT21132,-0.026013,51.511485,3,2,1,2015-10-12,2,October,16:35:00,16,1,1,30
201501HT21133,-0.014659,51.514081,3,1,1,2015-11-28,7,November,19:50:00,19,2,2,30
201501HT21134,-0.038233,51.528956,3,1,1,2015-10-28,4,October,13:30:00,13,1,1,20
201501HT21135,-0.050816,51.527997,3,1,1,2015-11-12,5,November,17:32:00,17,1,1,20
201501HT21136,-0.048225,51.531281,3,2,1,2015-11-19,5,November,23:10:00,23,1,1,20
201501HT21137,-0.045994,51.516047,3,1,2,2015-11-19,5,November,15:10:00,15,1,1,30
201501HT21138,-0.008919,51.50688,3,1,1,2015-11-24,3,November,14:20:00,14,1,1,30
201501HT21139,-0.053283,51.514099,3,1,1,2015-11-28,7,November,19:00:00,19,2,2,30
201501HT21140,-0.048698,51.513484,3,2,1,2015-12-01,3,December,17:12:00,17,1,1,30
201501HT21141,-0.040368,51.522877,3,1,1,2015-12-01,3,December,11:53:00,11,1,1,20
201501HT21142,-0.074178,51.524426,3,1,1,2015-12-03,5,December,23:35:00,23,2,2,20
201501HT21143,-0.025628,51.527036,3,2,1,2015-12-04,6,December,16:30:00,16,4,1,30
201501HT21144,-0.06791,51.509036,3,2,1,2015-12-05,7,December,10:24:00,10,1,1,30
201501HT21145,-0.062939,51.534493,3,2,1,2015-12-07,2,December,21:15:00,21,1,1,30
201501HT21146,-0.068451,51.516688,3,2,1,2015-12-07,2,December,07:05:00,7,1,2,30
201501HT21147,-0.040084,51.512711,3,1,1,2015-12-08,3,December,13:58:00,13,1,2,30
201501HT21148,-0.026634,51.533798,3,2,1,2015-12-19,7,December,17:35:00,17,1,1,30
201501HT21149,-0.055775,51.519896,3,2,1,2015-12-13,1,December,06:20:00,6,2,2,20
201501HT21150,-0.068159,51.516773,3,2,1,2015-12-09,4,December,20:59:00,20,1,1,30
201501HT21151,-0.064213,51.518057,3,1,1,2015-12-21,2,December,15:35:00,15,2,2,30
201501HT21152,-0.031741,51.5257,3,2,1,2015-12-21,2,December,15:39:00,15,2,2,30
201501HT21153,-0.057161,51.514433,3,2,1,2015-12-24,5,December,13:00:00,13,1,1,30
201501HT21154,-0.033405,51.533911,3,2,1,2015-12-26,7,December,19:41:00,19,1,1,20
201501HT21155,-0.021202,51.519408,3,1,1,2015-12-26,7,December,13:25:00,13,1,1,20
201501HT21156,-0.028297,51.511973,3,2,1,2015-12-26,7,December,22:20:00,22,1,1,20
201501HT21157,-0.034431,51.523497,3,2,1,2015-12-28,2,December,13:56:00,13,1,1,30
201501HT21161,-0.05414,51.514293,3,1,1,2015-10-07,4,October,13:25:00,13,2,2,30
201501HT21162,0.000436,51.513195,3,3,1,2015-12-11,6,December,21:30:00,21,2,2,30
201501HT21163,-0.016684,51.507281,3,3,3,2015-11-14,7,November,18:49:00,18,1,1,30
201501HT21164,-0.073439,51.514612,3,2,1,2015-09-11,6,September,16:21:00,16,1,1,30
201501HT21167,-0.051397,51.527917,3,2,1,2015-12-29,3,December,17:30:00,17,1,1,20
201501HT21168,-0.018943,51.528272,3,1,1,2015-11-28,7,November,15:00:00,15,1,1,30
201501HT21169,-0.027627,51.507466,3,2,1,2015-12-01,3,December,15:06:00,15,1,1,20
201501HT21170,-0.026012,51.501504,3,2,1,2015-12-02,4,December,17:00:00,17,1,1,30
201501HT21171,-0.059126,51.529214,3,2,1,2015-12-17,5,December,18:25:00,18,1,1,20
201501HT21172,-0.033142,51.523296,3,2,1,2015-11-30,2,November,22:30:00,22,1,2,20
201501HT21173,-0.040372,51.512715,3,2,2,2015-12-09,4,December,09:05:00,9,1,1,30
201501HT21176,-0.044368,51.510264,3,2,3,2015-12-31,5,December,20:53:00,20,1,1,30
201501HT21183,-0.068603,51.516511,3,2,1,2015-11-24,3,November,21:21:00,21,1,1,20
201501HT21184,-0.034657,51.52494,3,1,1,2015-11-26,5,November,14:30:00,14,1,1,30
201501HT21185,-0.067622,51.509031,3,2,1,2015-11-26,5,November,10:18:00,10,4,1,30
201501HT21186,-0.035183,51.512718,3,2,1,2015-11-28,7,November,16:08:00,16,2,2,20
201501HT21187,-0.002044,51.512518,2,1,1,2015-12-04,6,December,09:05:00,9,1,1,30
201501HT21188,-0.068451,51.516688,3,2,1,2015-11-30,2,November,18:55:00,18,1,1,30
201501HT21189,-0.063711,51.526502,3,2,1,2015-12-03,5,December,23:50:00,23,2,2,20
201501HT21190,-0.007893,51.503985,3,2,5,2015-12-03,5,December,16:10:00,16,1,1,20
201501HT21191,-0.055246,51.525553,3,2,1,2015-12-06,1,December,09:30:00,9,1,1,20
201501HT21192,-0.058165,51.51454,3,3,1,2015-12-06,1,December,14:30:00,14,1,1,20
201501HT21194,-0.056643,51.51982,3,2,1,2015-12-09,4,December,17:45:00,17,1,1,30
201501HT21195,-0.070779,51.505935,2,1,1,2015-12-09,4,December,13:00:00,13,1,1,30
201501HT21196,-0.055886,51.527452,3,1,1,2015-12-10,5,December,19:05:00,19,2,2,30
201501HT21197,-0.063832,51.527044,3,1,1,2015-12-14,2,December,18:15:00,18,1,2,30
201501HT21198,-0.055,51.524559,3,2,1,2015-12-14,2,December,08:50:00,8,1,1,30
201501HT21199,-0.053283,51.514099,3,2,1,2015-12-22,3,December,20:56:00,20,2,2,30
201501HT21200,-0.048068,51.521477,3,2,1,2015-12-26,7,December,12:57:00,12,1,1,30
201501HT21201,-0.062659,51.517312,3,2,1,2015-12-27,1,December,20:18:00,20,1,1,20
201501HT21202,-0.008205,51.513343,3,2,1,2015-12-28,2,December,13:25:00,13,1,1,50
201501HT21203,-0.014956,51.507252,3,1,3,2015-12-30,4,December,23:15:00,23,1,1,30
201501HT21206,-0.035081,51.525127,3,1,1,2015-12-19,7,December,15:44:00,15,1,1,20
201501HT21207,-0.035233,51.524949,3,2,1,2015-12-19,7,December,18:57:00,18,1,1,30
201501HT21208,-0.065336,51.515378,3,2,2,2015-11-19,5,November,15:10:00,15,1,1,30
201501HT21209,-0.025628,51.527036,3,2,1,2015-12-22,3,December,21:49:00,21,2,2,30
201501HT21210,-0.026209,51.526956,3,2,1,2015-12-23,4,December,17:10:00,17,1,1,30
201501HT21211,-0.049088,51.521224,3,2,1,2015-12-23,4,December,17:30:00,17,1,1,30
201501HT21212,-0.034653,51.525029,3,1,1,2015-12-23,4,December,21:00:00,21,1,1,30
201501HT21213,-0.021708,51.52769,3,1,1,2015-12-30,4,December,17:22:00,17,2,2,30
201501HT21214,-0.052305,51.53027,3,2,1,2015-11-24,3,November,17:20:00,17,2,2,20
201501HT21215,-0.057836,51.53243,3,1,1,2015-11-27,6,November,06:00:00,6,1,2,30
201501HT21216,-0.073341,51.516949,3,2,1,2015-11-26,5,November,19:27:00,19,1,1,20
201501HT21217,-0.048632,51.515011,2,2,2,2015-11-27,6,November,22:02:00,22,1,2,30
201501HT21218,-0.07007,51.515906,3,2,1,2015-12-03,5,December,07:20:00,7,1,1,20
201501HT21219,-0.041968,51.522544,3,2,1,2015-12-04,6,December,20:20:00,20,1,1,30
201501HT21220,-0.01023,51.50987,3,2,3,2015-12-08,3,December,20:00:00,20,1,1,30
201501HT21222,-0.020711,51.510767,3,2,1,2015-12-09,4,December,10:13:00,10,1,1,30
201501HT21223,-0.05159,51.526751,3,2,1,2015-12-09,4,December,15:35:00,15,1,1,20
201501HT21224,-0.010391,51.519405,3,2,1,2015-12-15,3,December,16:10:00,16,2,2,40
201501HT21225,-0.074554,51.518947,3,1,1,2015-12-11,6,December,19:55:00,19,1,1,30
201501HT21226,-0.047048,51.521729,3,2,1,2015-12-16,4,December,09:29:00,9,1,1,30
201501HT21227,-0.01638,51.510963,3,2,1,2015-12-04,6,December,22:50:00,22,1,1,30
201501HT21228,-0.055227,51.532746,3,2,1,2015-12-17,5,December,08:30:00,8,1,1,20
201501HT21229,-0.019003,51.513615,3,1,1,2015-12-17,5,December,09:10:00,9,1,1,20
201501HT21230,-0.07154,51.51521,3,3,2,2015-12-18,6,December,10:40:00,10,1,1,30
201501HT21231,-0.008716,51.511553,2,2,1,2015-12-20,1,December,19:10:00,19,2,2,30
201501HT21232,-0.011715,51.518798,3,2,1,2015-12-06,1,December,15:15:00,15,1,1,20
201501HT21233,-0.044389,51.513142,3,2,2,2015-12-09,4,December,09:00:00,9,1,1,30
201501HT21234,-0.057984,51.532342,3,1,1,2015-12-01,3,December,12:55:00,12,1,1,30
201501HT21235,-0.039609,51.533835,3,1,1,2015-12-09,4,December,18:45:00,18,1,1,30
201501HT21236,-0.055817,51.529069,3,1,1,2015-12-11,6,December,19:23:00,19,1,1,20
201501HT21237,-0.048529,51.530926,3,1,1,2015-12-16,4,December,20:33:00,20,1,1,30
201501HT21238,-0.05472,51.514213,3,2,1,2015-11-19,5,November,12:10:00,12,1,1,30
201501HT21239,-0.054962,51.532202,3,2,1,2015-12-15,3,December,09:50:00,9,1,1,20
201501HT21241,-0.009209,51.50023,3,1,1,2015-11-28,7,November,19:22:00,19,1,2,30
201501HT21242,-0.042937,51.530204,3,2,1,2015-11-04,4,November,09:32:00,9,1,1,30
201501HT29006,-0.017824,51.510898,3,1,1,2015-12-24,5,December,22:58:00,22,1,1,30
201501HT29021,-0.008368,51.503004,3,2,3,2015-12-31,5,December,14:33:00,14,1,1,30
201501HT29025,-0.01362,51.511456,3,2,1,2015-12-24,5,December,17:32:00,17,1,1,30
201501HT29029,-0.061042,51.514678,3,2,1,2015-12-24,5,December,13:10:00,13,1,2,30
201501HT29033,-0.061062,51.510811,3,2,1,2015-12-28,2,December,18:57:00,18,1,1,20
201501HT29122,-0.064649,51.517974,3,2,1,2015-12-23,4,December,16:00:00,16,1,1,30
201501HT29193,-0.055136,51.524741,3,2,2,2015-12-26,7,December,14:15:00,14,1,1,20
201501HT29292,-0.05472,51.514213,3,2,1,2015-11-30,2,November,15:07:00,15,1,1,30
201501ID60001,-0.414914,51.471705,3,2,2,2015-01-13,3,January,13:50:00,13,2,2,30
201501ID60002,-0.492999,51.483435,3,3,1,2015-01-12,2,January,16:10:00,16,2,2,50
201501ID60003,-0.422662,51.468303,3,1,1,2015-01-13,3,January,09:43:00,9,1,2,30
201501ID60006,-0.439212,51.460071,3,2,1,2015-02-06,6,February,12:05:00,12,1,1,40
201501ID60008,-0.477271,51.479995,3,2,1,2015-02-15,1,February,05:31:00,5,1,2,30
201501ID60010,-0.452856,51.482283,3,3,3,2015-02-02,2,February,22:38:00,22,1,2,50
201501ID60012,-0.472377,51.479931,3,2,1,2015-03-05,5,March,13:08:00,13,1,1,30
201501ID60013,-0.4234,51.476136,3,2,1,2015-03-04,4,March,15:22:00,15,1,1,30
201501ID60016,-0.456414,51.47073,2,1,2,2015-01-23,6,January,07:10:00,7,1,1,30
201501ID60020,-0.427325,51.479246,3,1,2,2015-03-18,4,March,13:19:00,13,1,1,30
201501ID60024,-0.426893,51.47924,3,1,1,2015-04-02,5,April,07:40:00,7,5,2,30
201501ID60027,-0.451615,51.480648,3,2,2,2015-04-29,4,April,13:19:00,13,1,2,30
201501ID60031,-0.423162,51.466331,3,3,2,2015-05-12,3,May,15:00:00,15,1,1,50
201501ID60032,-0.421999,51.466675,3,2,2,2015-05-16,7,May,20:45:00,20,1,1,50
201501ID60033,-0.443827,51.476768,3,2,1,2015-05-30,7,May,12:16:00,12,1,1,30
201501ID60034,-0.435959,51.479451,3,2,1,2015-05-29,6,May,11:26:00,11,2,2,40
201501ID60035,-0.489246,51.461896,3,2,1,2015-06-03,4,June,20:03:00,20,1,1,30
201501ID60036,-0.440409,51.458738,3,3,1,2015-05-19,3,May,14:40:00,14,2,2,40
201501ID60040,-0.44964,51.479453,3,2,1,2015-06-18,5,June,14:00:00,14,1,1,30
201501ID60042,-0.418522,51.47562,3,1,1,2015-06-18,5,June,14:35:00,14,1,1,30
201501ID60045,-0.424157,51.466704,3,1,1,2015-06-29,2,June,19:30:00,19,1,1,30
201501ID60047,-0.426689,51.476809,3,2,2,2015-07-04,7,July,11:56:00,11,1,1,30
201501ID60048,-0.472812,51.479847,3,1,1,2015-07-15,4,July,15:07:00,15,1,1,30
201501ID60050,-0.439557,51.479499,3,2,1,2015-07-21,3,July,09:35:00,9,1,1,30
201501ID60052,-0.493195,51.464374,3,2,1,2015-07-16,5,July,11:05:00,11,2,2,50
201501ID60054,-0.468493,51.458299,3,2,1,2015-07-31,6,July,09:15:00,9,1,1,40
201501ID60057,-0.455589,51.456781,3,1,1,2015-08-13,5,August,14:05:00,14,2,2,40
201501ID60058,-0.459682,51.480575,3,1,1,2015-08-14,6,August,23:00:00,23,1,1,30
201501ID60061,-0.479577,51.479935,3,2,1,2015-09-03,5,September,06:09:00,6,1,1,30
201501ID60062,-0.458516,51.481009,3,2,1,2015-09-02,4,September,17:35:00,17,1,1,50
201501ID60063,-0.414917,51.471615,3,2,1,2015-09-15,3,September,16:32:00,16,2,2,30
201501ID60065,-0.42229,51.466589,3,2,1,2015-09-10,5,September,22:19:00,22,1,1,30
201501ID60066,-0.433083,51.479323,3,1,1,2015-08-24,2,August,16:55:00,16,1,1,30
201501ID60068,-0.452923,51.480306,3,3,1,2015-05-31,1,May,08:30:00,8,1,1,30
201501ID60070,-0.433496,51.479868,3,2,1,2015-09-08,3,September,08:24:00,8,1,1,30
201501ID60072,-0.507036,51.468148,3,2,1,2015-08-07,6,August,16:55:00,16,1,1,70
201501ID60073,-0.429337,51.479363,3,2,1,2015-10-14,4,October,14:32:00,14,9,2,30
201501ID60074,-0.467428,51.481485,3,2,1,2015-10-22,5,October,19:00:00,19,1,2,50
201501ID60075,-0.477271,51.479995,3,2,1,2015-10-23,6,October,06:40:00,6,1,1,30
201501ID60078,-0.457248,51.47164,3,1,1,2015-11-05,5,November,14:10:00,14,2,2,30
201501ID60079,-0.454396,51.470793,3,2,3,2015-10-25,1,October,15:05:00,15,1,1,30
201501ID60082,-0.489102,51.461894,3,2,1,2015-11-19,5,November,17:41:00,17,2,2,30
201501ID60083,-0.495169,51.474381,3,2,1,2015-09-14,2,September,00:15:00,0,1,1,30
201501ID60084,-0.453003,51.482195,3,1,1,2015-11-13,6,November,13:45:00,13,5,2,50
201501ID60086,-0.422577,51.466593,3,3,1,2015-11-15,1,November,05:57:00,5,4,1,50
201501ID60087,-0.466865,51.481118,3,2,4,2015-12-01,3,December,20:43:00,20,1,1,30
201501ID60088,-0.493078,51.463564,3,2,1,2015-02-24,3,February,17:45:00,17,1,1,30
201501ID60089,-0.508369,51.466996,3,2,1,2015-05-21,5,May,15:30:00,15,1,1,30
201501ID60090,-0.459272,51.47994,3,2,1,2015-12-10,5,December,11:15:00,11,1,1,30
201501ID60092,-0.434201,51.480327,3,1,1,2015-12-17,5,December,18:00:00,18,2,2,30
201501ID60094,-0.422825,51.476128,3,2,1,2015-12-22,3,December,19:20:00,19,5,2,30
201501ID60095,-0.452492,51.471757,3,3,1,2015-12-28,2,December,10:18:00,10,1,1,30
201501JC03041,-0.013077,51.590132,3,2,1,2015-01-29,5,January,12:30:00,12,1,1,40
201501JC30001,-0.035417,51.587631,3,2,1,2015-01-12,2,January,20:20:00,20,1,2,30
201501JC30002,-0.033299,51.546409,3,2,1,2015-01-08,5,January,17:15:00,17,1,1,50
201501JC30003,-0.025671,51.59601,3,2,2,2015-01-12,2,January,14:51:00,14,2,2,30
201501JC30004,0.009779,51.627152,3,2,2,2015-01-10,7,January,11:00:00,11,1,1,30
201501JC30005,-0.011732,51.574642,3,2,1,2015-01-11,1,January,16:25:00,16,1,1,30
201501JC30006,-0.027823,51.589661,3,2,1,2015-01-10,7,January,18:25:00,18,1,1,30
201501JC30007,-0.017621,51.578609,3,2,1,2015-01-07,4,January,08:55:00,8,1,1,30
201501JC30008,-0.021535,51.57157,3,2,1,2015-01-11,1,January,22:10:00,22,1,2,30
201501JC30009,0.017648,51.553727,3,1,1,2015-01-13,3,January,11:00:00,11,1,1,30
201501JC30010,-0.017455,51.618892,3,2,2,2015-01-08,5,January,20:30:00,20,1,1,30
201501JC30011,-0.01178,51.557017,3,1,1,2015-01-14,4,January,17:38:00,17,4,2,30
201501JC30012,-0.012622,51.600556,3,1,2,2015-01-14,4,January,20:30:00,20,2,2,30
201501JC30013,-0.030475,51.568394,2,2,1,2015-01-06,3,January,06:25:00,6,1,1,30
201501JC30014,-0.027287,51.572027,3,2,1,2015-01-16,6,January,07:00:00,7,1,1,30
201501JC30015,-0.007789,51.559198,3,1,1,2015-01-10,7,January,11:45:00,11,1,1,30
201501JC30016,-0.016849,51.602965,3,2,1,2015-01-08,5,January,15:26:00,15,1,1,30
201501JC30017,-0.008779,51.559664,3,2,1,2015-01-18,1,January,17:25:00,17,1,2,30
201501JC30018,-0.026533,51.606096,3,3,1,2015-01-17,7,January,08:30:00,8,1,2,50
201501JC30020,-0.017397,51.563857,3,2,1,2015-01-19,2,January,08:30:00,8,1,2,30
201501JC30021,-0.009893,51.573802,3,2,3,2015-01-20,3,January,15:50:00,15,1,1,30
201501JC30022,-0.031635,51.611667,3,2,2,2015-01-21,4,January,22:40:00,22,1,1,30
201501JC30023,-0.021531,51.57166,3,1,1,2015-01-22,5,January,12:45:00,12,1,1,30
201501JC30025,-0.033113,51.567449,3,2,1,2015-01-23,6,January,22:00:00,22,2,2,30
201501JC30026,-0.011658,51.573022,3,1,1,2015-01-23,6,January,17:00:00,17,1,1,30
201501JC30028,-0.035318,51.566496,3,2,1,2015-01-26,2,January,09:55:00,9,1,2,30
201501JC30029,-0.040634,51.587178,3,2,1,2015-01-28,4,January,05:05:00,5,1,1,30
201501JC30031,-0.009831,51.558693,3,2,1,2015-01-20,3,January,09:40:00,9,1,2,30
201501JC30032,-0.002863,51.61235,3,1,1,2015-01-27,3,January,09:53:00,9,1,1,30
201501JC30033,-0.015508,51.597277,3,2,1,2015-01-27,3,January,16:55:00,16,1,1,30
201501JC30034,-0.012124,51.565656,2,2,1,2015-01-27,3,January,16:07:00,16,1,2,30
201501JC30035,-0.015384,51.573625,3,2,1,2015-01-19,2,January,19:30:00,19,1,1,30
201501JC30036,0.005992,51.583873,3,4,2,2015-01-28,4,January,15:36:00,15,1,2,30
201501JC30038,0.012267,51.572345,3,2,1,2015-01-23,6,January,11:42:00,11,1,2,40
201501JC30039,-0.025226,51.599599,3,2,1,2015-01-29,5,January,08:10:00,8,1,1,30
201501JC30042,-0.002343,51.574842,3,2,1,2015-01-28,4,January,15:20:00,15,1,1,30
201501JC30043,-0.007245,51.61782,3,2,1,2015-01-31,7,January,15:02:00,15,2,2,30
201501JC30045,-0.012999,51.575383,3,2,1,2015-01-31,7,January,16:20:00,16,2,2,30
201501JC30047,-0.011561,51.641364,3,2,1,2015-02-03,3,February,08:55:00,8,2,2,30
201501JC30048,-0.040778,51.587181,3,2,1,2015-02-02,2,February,07:20:00,7,1,1,30
201501JC30049,-0.0158,51.60052,3,2,4,2015-01-22,5,January,13:40:00,13,1,1,30
201501JC30050,-0.000849,51.592442,3,2,1,2015-02-04,4,February,17:15:00,17,1,2,30
201501JC30052,-0.003444,51.569466,3,1,1,2015-02-05,5,February,19:00:00,19,1,1,30
201501JC30053,0.009448,51.570594,3,2,1,2015-02-05,5,February,17:15:00,17,1,1,50
201501JC30054,-0.002488,51.60443,3,1,1,2015-02-05,5,February,08:41:00,8,8,2,30
201501JC30055,-0.011061,51.576789,3,2,1,2015-02-06,6,February,18:13:00,18,1,1,30
201501JC30057,0.000405,51.58154,3,2,1,2015-01-27,3,January,19:49:00,19,1,1,30
201501JC30058,-0.012898,51.571065,3,2,3,2015-02-07,7,February,14:20:00,14,1,1,30
201501JC30059,-0.032983,51.580486,3,3,1,2015-02-08,1,February,22:20:00,22,1,1,30
201501JC30060,-0.011124,51.641446,3,1,1,2015-02-09,2,February,08:45:00,8,1,1,30
201501JC30061,-0.034788,51.582135,3,2,2,2015-02-10,3,February,08:48:00,8,1,2,30
201501JC30064,-0.03192,51.611762,3,2,1,2015-02-07,7,February,18:20:00,18,1,1,30
201501JC30066,-0.000654,51.583716,3,2,1,2015-02-15,1,February,19:30:00,19,1,1,30
201501JC30067,0.001107,51.630358,2,2,1,2015-02-08,1,February,02:07:00,2,1,1,30
201501JC30069,-0.006021,51.55674,3,2,1,2015-02-16,2,February,07:50:00,7,1,1,30
201501JC30070,-0.017826,51.613683,3,1,1,2015-02-16,2,February,12:24:00,12,1,1,30
201501JC30072,-0.022996,51.571145,3,2,1,2015-02-15,1,February,14:05:00,14,1,1,30
201501JC30074,-0.004845,51.573716,3,2,4,2015-02-16,2,February,17:49:00,17,2,2,30
201501JC30077,-0.027252,51.569509,2,1,1,2015-01-23,6,January,11:30:00,11,1,1,30
201501JC30079,-0.001645,51.574291,3,1,1,2015-02-19,5,February,18:26:00,18,2,2,30
201501JC30080,-0.022902,51.59992,3,3,1,2015-01-06,3,January,17:30:00,17,8,2,30
201501JC30081,-0.014199,51.574324,3,2,1,2015-01-06,3,January,09:00:00,9,1,1,30
201501JC30082,0.004961,51.593242,3,2,1,2015-01-06,3,January,12:04:00,12,5,2,30
201501JC30083,0.000405,51.58154,3,2,1,2015-01-06,3,January,06:40:00,6,1,1,30
201501JC30084,0.011678,51.634134,3,2,1,2015-01-08,5,January,19:48:00,19,1,1,30
201501JC30085,0.003242,51.580412,3,2,2,2015-01-08,5,January,11:15:00,11,2,2,30
201501JC30086,-0.000032,51.581457,3,2,1,2015-01-08,5,January,15:35:00,15,1,1,30
201501JC30087,-0.011444,51.640732,3,2,1,2015-01-08,5,January,17:20:00,17,1,1,30
201501JC30088,-0.004597,51.562921,3,2,4,2015-01-01,5,January,17:00:00,17,1,1,30
201501JC30090,-0.040634,51.587178,2,2,1,2015-02-13,6,February,09:15:00,9,1,1,30
201501JC30091,0.008921,51.568445,3,1,1,2015-02-21,7,February,16:02:00,16,1,1,30
201501JC30093,-0.006804,51.578425,3,2,2,2015-02-27,6,February,04:57:00,4,5,2,30
201501JC30097,0.004338,51.569243,2,1,1,2015-02-28,7,February,12:07:00,12,1,1,30
201501JC30098,-0.008498,51.572699,3,2,3,2015-02-27,6,February,21:30:00,21,1,1,30
201501JC30099,-0.010042,51.557168,3,2,1,2015-03-02,2,March,21:48:00,21,1,1,30
201501JC30100,0.015528,51.57103,3,2,1,2015-02-27,6,February,22:24:00,22,1,1,30
201501JC30101,-0.016125,51.573188,3,2,1,2015-03-03,3,March,20:15:00,20,1,2,30
201501JC30102,-0.010526,51.579118,3,1,1,2015-03-04,4,March,17:15:00,17,1,1,30
201501JC30103,0.013595,51.556675,3,2,1,2015-02-04,4,February,17:20:00,17,1,1,30
201501JC30104,-0.017263,51.570239,3,2,1,2015-03-04,4,March,07:30:00,7,1,1,30
201501JC30106,-0.034504,51.58204,3,2,1,2015-03-04,4,March,19:30:00,19,1,1,30
201501JC30107,-0.024898,51.570548,3,1,1,2015-03-04,4,March,09:10:00,9,1,1,30
201501JC30108,-0.035105,51.584838,3,2,1,2015-03-01,1,March,04:20:00,4,1,1,30
201501JC30110,-0.017975,51.610268,3,1,1,2015-02-23,2,February,15:45:00,15,1,1,30
201501JC30111,0.008156,51.632935,3,1,1,2015-03-05,5,March,10:10:00,10,1,1,30
201501JC30112,-0.013566,51.631866,3,1,1,2015-03-06,6,March,08:08:00,8,1,1,30
201501JC30113,-0.033067,51.591908,3,1,2,2015-03-06,6,March,10:30:00,10,1,1,30
201501JC30114,-0.015401,51.589812,3,4,3,2015-03-06,6,March,14:46:00,14,1,1,30
201501JC30115,-0.016136,51.576245,3,2,2,2015-02-21,7,February,10:30:00,10,1,1,30
201501JC30116,0.006685,51.632331,3,2,2,2015-03-11,4,March,14:00:00,14,1,1,30
201501JC30117,-0.01166,51.582914,3,1,1,2015-03-12,5,March,08:40:00,8,1,1,30
201501JC30118,-0.012999,51.575383,3,2,1,2015-03-12,5,March,16:40:00,16,1,1,30
201501JC30119,-0.002748,51.608391,3,2,1,2015-03-04,4,March,18:20:00,18,1,1,30
201501JC30121,0.010287,51.566713,3,2,4,2015-03-07,7,March,20:30:00,20,1,1,30
201501JC30123,-0.013788,51.600306,3,2,1,2015-03-15,1,March,23:00:00,23,1,1,50
201501JC30124,0.015985,51.571561,3,1,1,2015-03-13,6,March,12:50:00,12,1,1,30
201501JC30125,-0.034746,51.58645,3,5,1,2015-03-03,3,March,16:50:00,16,1,1,30
201501JC30126,-0.016923,51.601258,3,2,1,2015-03-17,3,March,11:50:00,11,1,1,30
201501JC30134,-0.014792,51.573975,3,2,1,2015-03-17,3,March,07:55:00,7,1,1,30
201501JC30135,-0.017662,51.617457,3,1,1,2015-03-18,4,March,08:43:00,8,1,1,30
201501JC30137,-0.017409,51.590115,3,2,1,2015-03-21,7,March,02:45:00,2,1,1,30
201501JC30138,0.008195,51.57817,2,1,1,2015-03-21,7,March,02:29:00,2,1,1,30
201501JC30139,-0.025671,51.59601,3,2,5,2015-03-23,2,March,17:34:00,17,1,1,30
201501JC30140,-0.018053,51.611798,3,1,1,2015-03-23,2,March,07:54:00,7,1,1,30
201501JC30142,-0.001706,51.609093,3,2,1,2015-03-10,3,March,07:30:00,7,1,1,30
201501JC30143,-0.017685,51.616918,2,1,1,2015-03-21,7,March,11:35:00,11,1,1,30
201501JC30144,0.002082,51.57045,3,1,1,2015-03-23,2,March,20:50:00,20,1,1,30
201501JC30145,-0.019012,51.583128,3,1,2,2015-03-23,2,March,08:17:00,8,1,1,30
201501JC30147,-0.013947,51.636368,2,2,1,2015-03-14,7,March,17:28:00,17,1,1,30
201501JC30150,-0.033701,51.567189,3,2,1,2015-03-25,4,March,08:46:00,8,1,1,30
201501JC30151,-0.021679,51.571573,3,2,1,2015-03-25,4,March,17:15:00,17,1,1,30
201501JC30152,0.009898,51.593877,3,2,1,2015-03-24,3,March,23:01:00,23,1,1,30
201501JC30154,-0.001196,51.584535,3,2,1,2015-03-26,5,March,15:43:00,15,1,1,30
201501JC30156,-0.017401,51.590295,3,1,1,2015-03-24,3,March,12:15:00,12,1,1,30
201501JC30157,-0.000926,51.630122,2,2,1,2015-03-19,5,March,16:30:00,16,1,1,30
201501JC30158,-0.037883,51.567259,3,2,2,2015-03-27,6,March,17:30:00,17,1,1,30
201501JC30159,-0.025651,51.58315,3,1,1,2015-03-27,6,March,19:15:00,19,1,1,30
201501JC30160,-0.020723,51.586934,3,2,1,2015-03-27,6,March,21:05:00,21,1,1,30
201501JC30162,-0.040489,51.587176,3,1,1,2015-03-28,7,March,13:15:00,13,1,1,30
201501JC30163,0.017091,51.557424,3,1,1,2015-03-30,2,March,15:00:00,15,2,2,30
201501JC30164,-0.01775,51.575643,3,2,2,2015-03-29,1,March,16:42:00,16,4,2,30
201501JC30167,-0.026223,51.569941,3,2,1,2015-03-28,7,March,11:58:00,11,1,1,30
201501JC30168,0.014739,51.572752,3,2,1,2015-04-01,4,April,21:00:00,21,1,1,30
201501JC30169,-0.040345,51.587173,3,2,2,2015-04-04,7,April,12:15:00,12,1,1,30
201501JC30170,0.01122,51.6238,3,1,1,2015-04-05,1,April,13:30:00,13,1,1,30
201501JC30172,0.013864,51.55622,3,2,2,2015-04-05,1,April,09:26:00,9,1,1,30
201501JC30173,0.010131,51.566446,3,1,1,2015-04-06,2,April,18:50:00,18,1,1,30
201501JC30174,-0.007706,51.62709,3,2,2,2015-04-07,3,April,07:15:00,7,1,1,30
201501JC30175,-0.029126,51.599575,3,2,2,2015-04-07,3,April,14:05:00,14,1,1,30
201501JC30176,0.001095,51.630088,3,2,1,2015-03-02,2,March,18:52:00,18,1,1,30
201501JC30177,-0.011535,51.635338,3,3,1,2015-04-08,4,April,21:40:00,21,1,1,30
201501JC30178,-0.016378,51.577329,3,2,1,2015-04-08,4,April,21:30:00,21,1,1,30
201501JC30179,-0.010626,51.646204,3,2,1,2015-04-07,3,April,09:47:00,9,1,1,30
201501JC30180,-0.000032,51.581457,3,2,1,2015-04-08,4,April,06:50:00,6,1,1,30
201501JC30181,0.0111,51.594936,3,2,1,2015-04-09,5,April,03:42:00,3,1,1,30
201501JC30182,-0.035798,51.598878,3,1,1,2015-04-09,5,April,16:30:00,16,1,1,30
201501JC30183,-0.024384,51.619009,3,1,2,2015-04-09,5,April,21:16:00,21,8,1,30
201501JC30184,-0.039812,51.589503,3,3,1,2015-03-31,3,March,13:10:00,13,4,1,30
201501JC30185,-0.014792,51.573975,3,3,1,2015-03-10,3,March,06:30:00,6,1,1,30
201501JC30186,0.005128,51.554392,2,1,1,2015-04-11,7,April,12:09:00,12,1,1,30
201501JC30187,0.015484,51.573279,3,2,1,2015-04-10,6,April,15:27:00,15,1,1,30
201501JC30188,-0.015741,51.56212,3,2,2,2015-04-10,6,April,08:20:00,8,1,1,30
201501JC30190,-0.018247,51.617287,3,1,1,2015-04-10,6,April,20:30:00,20,1,1,30
201501JC30193,-0.011063,51.556915,3,2,1,2015-04-13,2,April,10:20:00,10,1,1,30
201501JC30194,-0.018759,51.582315,3,2,1,2015-04-13,2,April,17:20:00,17,1,1,30
201501JC30195,-0.000032,51.581457,3,2,1,2015-04-14,3,April,01:20:00,1,1,1,30
201501JC30196,-0.019733,51.58314,3,1,1,2015-04-13,2,April,16:10:00,16,1,1,30
201501JC30197,0.037163,51.577221,3,3,1,2015-03-30,2,March,18:35:00,18,1,2,50
201501JC30198,-0.017585,51.609273,3,2,1,2015-04-04,7,April,22:15:00,22,1,1,30
201501JC30199,-0.012722,51.575108,3,1,1,2015-03-23,2,March,18:18:00,18,1,1,30
201501JC30202,-0.00569,51.557723,3,2,2,2015-01-12,2,January,15:45:00,15,2,2,20
201501JC30203,-0.007933,51.5592,3,2,1,2015-04-15,4,April,18:20:00,18,1,1,30
201501JC30204,-0.020579,51.586932,3,2,1,2015-04-15,4,April,10:10:00,10,1,1,30
201501JC30205,-0.011596,51.557914,2,2,1,2015-04-07,3,April,09:35:00,9,1,1,30
201501JC30206,-0.022216,51.579136,3,2,1,2015-04-16,5,April,14:24:00,14,1,1,30
201501JC30207,-0.00051,51.560693,3,3,1,2015-04-11,7,April,14:31:00,14,1,1,30
201501JC30208,-0.018904,51.572335,3,2,1,2015-04-19,1,April,13:00:00,13,1,1,30
201501JC30209,-0.009304,51.574061,3,2,3,2015-04-17,6,April,07:50:00,7,1,1,30
201501JC30210,-0.008428,51.570989,2,1,1,2015-04-18,7,April,14:23:00,14,1,1,30
201501JC30211,-0.030475,51.568394,3,2,1,2015-04-18,7,April,17:41:00,17,1,1,30
201501JC30212,-0.01939,51.584394,3,2,5,2015-04-19,1,April,19:17:00,19,1,1,30
201501JC30214,-0.026515,51.569856,3,2,1,2015-04-19,1,April,15:30:00,15,1,1,30
201501JC30215,-0.026368,51.589907,3,1,1,2015-03-28,7,March,01:32:00,1,1,1,30
201501JC30216,-0.033621,51.592456,3,2,1,2015-04-01,4,April,18:55:00,18,1,1,30
201501JC30217,0.002995,51.564949,3,2,2,2015-04-05,1,April,01:00:00,1,1,1,30
201501JC30220,-0.022169,51.600177,3,3,2,2015-04-22,4,April,18:30:00,18,1,1,30
201501JC30221,-0.011889,51.627251,3,2,1,2015-04-22,4,April,09:15:00,9,1,1,30
201501JC30222,-0.013003,51.575293,2,1,3,2015-04-22,4,April,08:54:00,8,1,1,30
201501JC30224,0.00558,51.597458,3,4,1,2015-04-23,5,April,18:05:00,18,1,1,50
201501JC30226,-0.015504,51.600694,3,3,1,2015-04-24,6,April,23:16:00,23,1,1,50
201501JC30227,-0.000472,51.581285,3,2,1,2015-04-24,6,April,19:24:00,19,1,1,30
201501JC30228,-0.030082,51.57747,3,2,1,2015-04-21,3,April,13:31:00,13,1,1,30
201501JC30230,-0.004247,51.551134,3,2,1,2015-04-21,3,April,18:10:00,18,1,1,30
201501JC30231,0.013803,51.600555,3,2,2,2015-04-12,1,April,18:29:00,18,1,1,30
201501JC30232,-0.187548,51.649788,3,3,1,2015-04-27,2,April,08:10:00,8,1,1,30
201501JC30233,0.008598,51.633107,3,1,1,2015-03-21,7,March,13:00:00,13,1,1,30
201501JC30234,-0.040474,51.587535,3,1,1,2015-04-27,2,April,17:40:00,17,1,1,30
201501JC30235,-0.019752,51.586018,3,2,1,2015-04-28,3,April,18:37:00,18,1,1,30
201501JC30236,0.01052,51.56545,2,1,2,2015-04-28,3,April,16:48:00,16,1,1,30
201501JC30237,-0.00373,51.576125,3,2,1,2015-04-10,6,April,22:30:00,22,1,1,30
201501JC30238,-0.021823,51.571575,3,2,1,2015-03-25,4,March,18:10:00,18,1,1,30
201501JC30239,-0.01842,51.580151,3,3,1,2015-04-29,4,April,13:49:00,13,1,1,30
201501JC30240,-0.03285,51.580214,3,2,1,2015-04-30,5,April,22:25:00,22,1,1,30
201501JC30242,-0.008294,51.587263,3,1,1,2015-04-30,5,April,18:19:00,18,1,1,30
201501JC30244,-0.03565,51.598965,2,1,1,2015-04-30,5,April,20:17:00,20,1,1,30
201501JC30245,-0.023939,51.569363,3,4,1,2015-04-30,5,April,16:53:00,16,1,1,30
201501JC30246,0.006164,51.555003,3,2,1,2015-05-02,7,May,13:40:00,13,1,1,30
201501JC30247,-0.017502,51.614487,3,2,1,2015-05-02,7,May,20:14:00,20,1,1,30
201501JC30248,-0.019137,51.58358,3,2,1,2015-05-02,7,May,18:55:00,18,1,1,30
201501JC30249,-0.004317,51.589084,3,2,1,2015-05-01,6,May,16:03:00,16,1,1,30
201501JC30250,-0.004932,51.591523,3,2,1,2015-04-30,5,April,23:10:00,23,1,1,30
201501JC30251,-0.004928,51.591612,3,2,2,2015-05-02,7,May,22:09:00,22,1,1,30
201501JC30252,-0.003453,51.57585,3,1,1,2015-04-28,3,April,15:35:00,15,1,1,30
201501JC30254,-0.024789,51.599682,3,2,1,2015-05-04,2,May,15:30:00,15,1,1,30
201501JC30256,0.006244,51.632158,3,1,1,2015-05-05,3,May,15:16:00,15,1,1,30
201501JC30258,-0.025487,51.570288,3,2,1,2015-05-02,7,May,13:30:00,13,1,1,30
201501JC30259,-0.003712,51.579812,3,2,1,2015-04-28,3,April,07:55:00,7,1,1,30
201501JC30261,-0.015834,51.589819,3,2,1,2015-05-06,4,May,09:05:00,9,8,2,30
201501JC30262,-0.01765,51.617727,3,2,2,2015-05-07,5,May,20:25:00,20,1,1,30
201501JC30263,-0.026812,51.569681,3,2,1,2015-05-07,5,May,22:20:00,22,1,1,30
201501JC30264,-0.020942,51.57192,3,2,1,2015-05-02,7,May,14:25:00,14,1,1,30
201501JC30265,-0.030475,51.568394,3,2,1,2015-04-24,6,April,16:40:00,16,1,1,30
201501JC30269,-0.03194,51.567879,3,2,1,2015-05-10,1,May,12:48:00,12,1,1,30
201501JC30270,0.011596,51.596366,3,2,1,2015-05-11,2,May,07:45:00,7,1,1,30
201501JC30271,-0.019918,51.568935,3,2,1,2015-05-10,1,May,08:50:00,8,1,1,30
201501JC30272,-0.039679,51.589231,2,2,1,2015-05-11,2,May,20:30:00,20,9,1,30
201501JC30273,-0.016619,51.555211,3,2,1,2015-05-06,4,May,08:28:00,8,2,2,30
201501JC30274,-0.006793,51.565476,3,1,1,2015-05-10,1,May,17:02:00,17,1,1,30
201501JC30275,-0.021026,51.603216,3,2,1,2015-05-12,3,May,23:30:00,23,1,1,50
201501JC30276,-0.006747,51.586338,3,2,1,2015-05-12,3,May,15:02:00,15,8,1,30
201501JC30278,0.001115,51.630537,3,1,1,2015-05-13,4,May,15:30:00,15,1,1,30
201501JC30279,-0.017372,51.600906,3,2,1,2015-05-11,2,May,21:06:00,21,9,1,30
201501JC30280,-0.017463,51.618713,3,2,1,2015-04-16,5,April,14:30:00,14,1,1,30
201501JC30281,-0.03115,51.599519,3,2,1,2015-05-09,7,May,14:00:00,14,1,1,30
201501JC30282,-0.005931,51.568698,3,2,2,2015-05-14,5,May,09:55:00,9,2,2,30
201501JC30283,-0.014344,51.574327,3,1,1,2015-05-13,4,May,12:00:00,12,1,1,30
201501JC30284,-0.012952,51.635992,3,2,1,2015-05-15,6,May,18:27:00,18,1,1,30
201501JC30285,-0.012064,51.557112,3,2,1,2015-05-16,7,May,22:58:00,22,1,1,30
201501JC30286,-0.015909,51.581457,3,2,1,2015-05-15,6,May,21:29:00,21,9,1,30
201501JC30287,-0.033553,51.567276,3,1,1,2015-04-18,7,April,11:40:00,11,1,1,30
201501JC30288,0.0153,51.572382,3,1,2,2015-05-18,2,May,19:37:00,19,1,1,40
201501JC30292,-0.005072,51.591615,3,2,1,2015-05-20,4,May,09:30:00,9,1,1,30
201501JC30294,0.015742,51.628039,3,2,2,2015-04-25,7,April,18:30:00,18,1,1,30
201501JC30295,-0.010547,51.562122,3,2,1,2015-05-21,5,May,18:15:00,18,1,1,30
201501JC30297,-0.008351,51.569459,2,1,1,2015-05-25,2,May,14:53:00,14,1,1,30
201501JC30298,-0.003947,51.587639,3,2,1,2015-05-22,6,May,15:20:00,15,1,1,30
201501JC30300,-0.009015,51.577384,3,2,1,2015-05-21,5,May,21:38:00,21,1,1,30
201501JC30301,0.001451,51.556073,3,2,2,2015-05-23,7,May,17:14:00,17,1,1,30
201501JC30302,0.001858,51.552199,3,2,2,2015-05-23,7,May,13:30:00,13,1,1,30
201501JC30303,-0.008335,51.569818,3,2,1,2015-05-26,3,May,10:06:00,10,1,1,30
201501JC30304,0.012262,51.595096,2,1,1,2015-05-24,1,May,00:05:00,0,1,1,50
201501JC30305,0.007219,51.559302,3,2,2,2015-05-27,4,May,19:12:00,19,1,1,30
201501JC30310,-0.005399,51.554481,3,1,1,2015-05-27,4,May,16:20:00,16,1,1,30
201501JC30311,-0.012952,51.635992,3,2,1,2015-05-22,6,May,17:15:00,17,1,1,30
201501JC30312,-0.019659,51.584848,3,2,1,2015-05-28,5,May,17:45:00,17,1,1,30
201501JC30313,-0.034559,51.584109,3,2,1,2015-05-20,4,May,19:26:00,19,1,1,30
201501JC30314,-0.03208,51.54459,3,1,1,2015-05-28,5,May,18:30:00,18,1,1,50
201501JC30315,-0.031407,51.596916,3,1,1,2015-05-28,5,May,16:49:00,16,1,1,30
201501JC30316,0.006372,51.631796,3,1,1,2015-05-27,4,May,18:40:00,18,1,1,30
201501JC30317,-0.031207,51.568136,2,2,1,2015-05-19,3,May,19:30:00,19,1,1,30
201501JC30318,-0.015148,51.585671,3,2,1,2015-05-30,7,May,01:15:00,1,1,2,30
201501JC30319,-0.017363,51.558011,3,2,1,2015-06-01,2,June,12:30:00,12,1,1,30
201501JC30321,-0.020069,51.572085,2,1,1,2015-04-12,1,April,12:30:00,12,1,1,30
201501JC30322,0.001544,51.623875,3,2,1,2015-05-25,2,May,20:30:00,20,1,1,30
201501JC30324,0.000602,51.592597,3,3,2,2015-06-01,2,June,19:50:00,19,1,1,30
201501JC30326,-0.010482,51.556995,3,2,2,2015-05-23,7,May,09:25:00,9,1,1,30
201501JC30327,-0.003986,51.629545,3,1,1,2015-06-03,4,June,16:38:00,16,1,1,30
201501JC30331,-0.033849,51.567101,3,2,1,2015-06-02,3,June,18:00:00,18,1,1,30
201501JC30332,0.00293,51.606137,3,2,1,2015-06-05,6,June,16:30:00,16,1,1,30
201501JC30334,-0.017075,51.554679,3,2,1,2015-06-07,1,June,20:06:00,20,1,1,50
201501JC30338,-0.017064,51.578149,3,2,1,2015-06-08,2,June,09:15:00,9,1,1,30
201501JC30339,-0.02196,51.571757,3,1,1,2015-06-07,1,June,16:52:00,16,1,1,30
201501JC30340,0.002438,51.631054,3,2,1,2015-06-06,7,June,11:55:00,11,1,1,30
201501JC30341,-0.032088,51.567791,3,2,1,2015-06-07,1,June,17:50:00,17,1,1,30
201501JC30342,-0.008335,51.569818,3,2,1,2015-06-08,2,June,10:37:00,10,1,1,30
201501JC30343,-0.012956,51.635902,3,3,1,2015-06-04,5,June,10:26:00,10,1,1,30
201501JC30345,0.013754,51.570071,3,2,1,2015-05-28,5,May,00:16:00,0,1,1,30
201501JC30346,-0.018123,51.610181,3,1,1,2015-06-07,1,June,18:00:00,18,1,1,30
201501JC30348,0.009187,51.633367,3,2,1,2015-06-02,3,June,22:30:00,22,1,1,30
201501JC30349,0.021176,51.555195,3,2,1,2015-06-08,2,June,18:50:00,18,1,1,30
201501JC30350,0.006541,51.615967,2,2,1,2015-05-31,1,May,17:34:00,17,1,1,30
201501JC30351,-0.004171,51.582517,3,2,1,2015-06-10,4,June,18:55:00,18,1,1,30
201501JC30353,-0.01674,51.602154,3,2,1,2015-06-11,5,June,17:50:00,17,1,1,30
201501JC30354,-0.013599,51.574854,3,2,1,2015-06-05,6,June,16:30:00,16,1,1,30
201501JC30355,-0.017263,51.570239,3,2,1,2015-06-12,6,June,09:45:00,9,1,1,30
201501JC30357,-0.017228,51.600903,3,2,1,2015-06-13,7,June,14:02:00,14,1,1,30
201501JC30358,-0.001159,51.624821,3,2,1,2015-06-13,7,June,11:40:00,11,1,1,30
201501JC30359,0.013754,51.570071,3,2,2,2015-06-14,1,June,15:30:00,15,1,1,30
201501JC30360,-0.015941,51.600612,3,2,3,2015-06-14,1,June,19:00:00,19,1,1,50
201501JC30361,-0.025819,51.605904,3,3,1,2015-06-14,1,June,20:58:00,20,1,1,50
201501JC30362,-0.004685,51.557616,3,2,2,2015-06-13,7,June,17:10:00,17,1,1,50
201501JC30364,-0.010754,51.600344,3,3,1,2015-06-14,1,June,20:00:00,20,1,1,50
201501JC30365,-0.039557,51.598761,3,2,1,2015-06-16,3,June,11:33:00,11,1,1,30
201501JC30367,-0.019751,51.602655,3,2,1,2015-04-25,7,April,23:30:00,23,9,1,40
201501JC30368,-0.019659,51.584848,3,2,1,2015-06-17,4,June,14:30:00,14,1,1,30
201501JC30369,-0.0071,51.558467,3,1,1,2015-06-17,4,June,23:30:00,23,1,1,30
201501JC30370,-0.000121,51.618868,3,1,1,2015-06-18,5,June,08:40:00,8,1,1,30
201501JC30371,0.019208,51.608465,3,2,1,2015-06-18,5,June,18:40:00,18,1,1,30
201501JC30372,-0.013139,51.635006,3,2,2,2015-06-18,5,June,09:49:00,9,1,1,30
201501JC30373,-0.027104,51.569596,3,2,1,2015-06-18,5,June,21:45:00,21,1,1,30
201501JC30375,0.003044,51.582484,3,2,1,2015-05-30,7,May,14:00:00,14,1,1,30
201501JC30376,-0.010282,51.561578,3,2,2,2015-06-22,2,June,18:57:00,18,1,1,30
201501JC30377,0.012873,51.569726,3,1,1,2015-06-16,3,June,10:00:00,10,1,1,30
201501JC30378,-0.018173,51.592466,3,2,1,2015-06-08,2,June,12:55:00,12,1,1,30
201501JC30379,-0.008495,51.569461,3,2,1,2015-06-23,3,June,11:25:00,11,1,1,30
201501JC30380,-0.017854,51.609727,3,1,1,2015-06-23,3,June,17:20:00,17,1,1,30
201501JC30381,-0.01099,51.565187,3,2,3,2015-06-24,4,June,21:35:00,21,1,1,30
201501JC30382,-0.009081,51.589075,3,2,1,2015-06-16,3,June,15:20:00,15,1,1,30
201501JC30383,-0.000539,51.573193,2,1,1,2015-06-25,5,June,15:30:00,15,1,1,30
201501JC30384,-0.010036,51.59035,3,2,1,2015-06-10,4,June,08:55:00,8,1,1,40
201501JC30385,-0.003655,51.60418,3,2,1,2015-06-25,5,June,17:45:00,17,1,1,30
201501JC30386,-0.047935,51.578487,3,2,1,2015-06-26,6,June,08:35:00,8,1,1,30
201501JC30387,-0.029742,51.568651,3,2,1,2015-06-26,6,June,18:00:00,18,1,1,30
201501JC30388,-0.021026,51.603216,3,2,1,2015-06-26,6,June,12:45:00,12,1,1,50
201501JC30389,0.000458,51.5926,3,2,1,2015-06-26,6,June,10:00:00,10,1,1,30
201501JC30391,-0.001008,51.631563,3,2,2,2015-06-27,7,June,14:00:00,14,1,1,30
201501JC30393,-0.014124,51.632325,3,2,2,2015-06-27,7,June,14:30:00,14,1,1,30
201501JC30394,-0.013092,51.636084,3,4,1,2015-06-30,3,June,10:18:00,10,1,1,30
201501JC30395,-0.018153,51.589588,3,2,1,2015-06-30,3,June,13:23:00,13,1,1,30
201501JC30396,0.010282,51.596029,3,2,1,2015-06-30,3,June,18:26:00,18,1,1,50
201501JC30397,-0.033086,51.588131,2,2,1,2015-06-30,3,June,20:15:00,20,1,1,30
201501JC30398,-0.001874,51.585536,3,2,1,2015-06-30,3,June,15:00:00,15,1,1,30
201501JC30399,-0.022177,51.586689,3,1,1,2015-07-03,6,July,17:30:00,17,1,1,30
201501JC30400,-0.03585,51.587638,2,2,1,2015-06-17,4,June,08:45:00,8,1,1,30
201501JC30401,-0.032979,51.580576,3,2,1,2015-06-30,3,June,21:20:00,21,1,1,30
201501JC30402,-0.006952,51.578338,3,2,1,2015-07-01,4,July,17:00:00,17,8,1,30
201501JC30404,0.010631,51.567966,3,1,1,2015-06-12,6,June,00:15:00,0,1,2,30
201501JC30405,-0.015809,51.616886,3,2,1,2015-06-12,6,June,06:35:00,6,1,2,30
201501JC30406,0.006723,51.557871,3,2,1,2015-07-05,1,July,19:20:00,19,1,1,30
201501JC30407,-0.038884,51.600997,3,2,1,2015-07-03,6,July,13:10:00,13,1,1,30
201501JC30408,0.00491,51.62157,3,1,1,2015-07-03,6,July,08:59:00,8,1,1,30
201501JC30409,0.010463,51.56743,3,1,1,2015-07-06,2,July,19:30:00,19,1,1,30
201501JC30410,0.005467,51.555555,3,2,1,2015-07-07,3,July,20:20:00,20,1,1,30
201501JC30411,-0.00574,51.579666,3,2,2,2015-07-07,3,July,16:00:00,16,1,1,30
201501JC30412,-0.001221,51.597125,2,2,1,2015-06-27,7,June,15:53:00,15,1,1,30
201501JC30413,-0.032969,51.567446,3,2,1,2015-06-21,1,June,11:00:00,11,2,2,30
201501JC30415,-0.029546,51.586543,3,2,1,2015-07-07,3,July,18:30:00,18,1,1,30
201501JC30416,-0.028528,51.583378,3,2,1,2015-07-09,5,July,14:50:00,14,1,1,30
201501JC30417,0.000405,51.58154,3,2,1,2015-07-09,5,July,20:04:00,20,1,1,30
201501JC30419,0.019558,51.554504,3,2,1,2015-07-11,7,July,13:58:00,13,1,1,30
201501JC30420,0.000275,51.601596,3,2,4,2015-07-10,6,July,17:20:00,17,1,1,30
201501JC30422,-0.032757,51.579043,3,1,1,2015-07-13,2,July,20:44:00,20,1,1,30
201501JC30423,0.01132,51.577037,3,2,1,2015-07-13,2,July,07:32:00,7,1,1,30
201501JC30424,0.002845,51.574664,3,2,1,2015-07-13,2,July,18:40:00,18,1,1,30
201501JC30425,-0.015401,51.589812,3,2,2,2015-06-25,5,June,13:00:00,13,1,1,30
201501JC30426,-0.027704,51.572394,3,2,1,2015-07-15,4,July,15:18:00,15,1,1,30
201501JC30427,-0.00404,51.562461,3,1,1,2015-07-16,5,July,13:40:00,13,1,1,30
201501JC30428,0.016702,51.571459,3,2,1,2015-07-05,1,July,22:46:00,22,1,1,30
201501JC30429,-0.018505,51.581501,3,2,1,2015-07-16,5,July,18:15:00,18,1,1,30
201501JC30430,0.008205,51.624211,3,2,1,2015-07-17,6,July,16:00:00,16,1,1,30
201501JC30431,0.016558,51.571462,3,2,2,2015-07-12,1,July,07:00:00,7,2,2,30
201501JC30432,-0.00643,51.557286,2,1,1,2015-06-30,3,June,09:40:00,9,1,1,30
201501JC30433,0.01093,51.571468,3,2,1,2015-07-09,5,July,07:00:00,7,1,1,50
201501JC30436,-0.010033,51.573894,3,1,1,2015-07-19,1,July,13:10:00,13,1,1,30
201501JC30437,-0.015504,51.600694,3,1,1,2015-07-19,1,July,14:44:00,14,1,1,50
201501JC30438,0.01063,51.616976,3,2,1,2015-07-19,1,July,16:20:00,16,1,1,30
201501JC30439,-0.015223,51.60051,3,1,1,2015-07-21,3,July,17:33:00,17,1,1,50
201501JC30440,-0.019,51.583398,3,1,1,2015-07-21,3,July,16:40:00,16,1,1,30
201501JC30442,-0.004153,51.579639,3,2,1,2015-07-21,3,July,14:10:00,14,1,1,30
201501JC30444,-0.040063,51.593733,3,1,1,2015-07-21,3,July,22:00:00,22,1,1,30
201501JC30445,-0.004928,51.591612,3,2,1,2015-07-21,3,July,11:30:00,11,1,1,30
201501JC30446,-0.023129,51.584726,3,2,1,2015-07-22,4,July,15:45:00,15,1,1,30
201501JC30447,-0.003939,51.587819,3,2,5,2015-07-21,3,July,19:00:00,19,1,1,30
201501JC30448,-0.010917,51.576787,3,2,1,2015-06-29,2,June,16:00:00,16,1,1,30
201501JC30449,0.0159,51.572912,3,2,1,2015-05-21,5,May,17:00:00,17,1,1,30
201501JC30450,0.015159,51.572475,3,2,1,2015-07-22,4,July,17:28:00,17,1,1,50
201501JC30451,-0.019848,51.600408,3,2,1,2015-07-27,2,July,15:34:00,15,1,1,30
201501JC30452,-0.032741,51.579403,3,1,1,2015-07-24,6,July,17:22:00,17,1,1,30
201501JC30453,0.018332,51.634289,3,1,1,2015-07-26,1,July,17:28:00,17,2,2,40
201501JC30454,-0.019893,51.586111,3,1,1,2015-07-27,2,July,09:33:00,9,1,1,30
201501JC30455,-0.008392,51.575125,3,3,1,2015-07-26,1,July,06:15:00,6,1,1,30
201501JC30456,-0.019261,51.584032,3,2,1,2015-07-26,1,July,15:55:00,15,2,2,30
201501JC30458,-0.028277,51.569166,3,2,1,2015-07-28,3,July,17:09:00,17,1,4,30
201501JC30460,0.016562,51.571551,3,2,1,2015-07-20,2,July,09:29:00,9,1,1,50
201501JC30461,-0.03001,51.589159,3,2,1,2015-07-16,5,July,08:00:00,8,1,1,30
201501JC30463,-0.002976,51.580159,3,2,1,2015-07-28,3,July,17:10:00,17,1,1,30
201501JC30464,0.000264,51.581632,3,1,1,2015-07-29,4,July,22:36:00,22,1,1,30
201501JC30465,-0.038548,51.565202,3,2,1,2015-07-30,5,July,17:15:00,17,1,1,30
201501JC30466,-0.0158,51.60052,3,2,1,2015-07-30,5,July,07:48:00,7,4,1,50
201501JC30467,0.010234,51.594951,3,2,1,2015-07-27,2,July,13:45:00,13,1,1,30
201501JC30469,-0.011183,51.600441,3,2,1,2015-07-18,7,July,07:43:00,7,1,1,50
201501JC30470,-0.014243,51.589882,3,1,1,2015-07-24,6,July,19:30:00,19,2,2,30
201501JC30471,0.008448,51.560989,2,1,1,2015-07-30,5,July,13:10:00,13,1,1,30
201501JC30472,-0.014373,51.563716,3,2,1,2015-07-17,6,July,16:00:00,16,1,1,30
201501JC30474,-0.021861,51.59064,3,2,1,2015-07-31,6,July,17:04:00,17,1,1,30
201501JC30476,0.011826,51.634221,3,1,1,2015-08-01,7,August,14:00:00,14,1,1,30
201501JC30477,-0.016389,51.60026,3,2,2,2015-08-01,7,August,23:15:00,23,1,1,30
201501JC30478,-0.015629,51.597819,3,2,1,2015-08-01,7,August,17:50:00,17,1,1,30
201501JC30480,-0.00976,51.56031,3,2,1,2015-08-02,1,August,07:30:00,7,1,1,30
201501JC30481,-0.019482,51.6022,3,2,1,2015-07-31,6,July,07:30:00,7,1,1,50
201501JC30482,-0.040832,51.595994,3,3,1,2015-08-03,2,August,09:15:00,9,1,1,30
201501JC30483,0.013462,51.569986,3,2,1,2015-08-04,3,August,12:19:00,12,1,1,30
201501JC30485,-0.01665,51.600894,3,3,2,2015-08-02,1,August,13:41:00,13,1,1,50
201501JC30486,-0.111035,51.598674,3,2,2,2015-08-02,1,August,02:50:00,2,1,1,30
201501JC30487,-0.006977,51.594255,3,2,1,2015-08-06,5,August,23:45:00,23,1,1,30
201501JC30488,-0.023409,51.584911,3,1,1,2015-08-05,4,August,11:50:00,11,1,1,30
201501JC30489,-0.040038,51.590945,3,2,1,2015-08-05,4,August,12:00:00,12,1,1,30
201501JC30490,-0.01241,51.575643,3,1,1,2015-08-06,5,August,15:10:00,15,1,1,30
201501JC30492,-0.008561,51.571261,3,1,1,2015-08-06,5,August,12:55:00,12,9,1,30
201501JC30493,-0.033182,51.599283,3,2,2,2015-08-06,5,August,12:05:00,12,1,1,30
201501JC30494,-0.035794,51.598967,3,2,1,2015-08-09,1,August,21:20:00,21,1,1,30
201501JC30496,-0.016896,51.62176,3,3,2,2015-08-07,6,August,14:45:00,14,1,1,30
201501JC30497,0.004431,51.561508,3,2,1,2015-08-09,1,August,21:29:00,21,1,1,30
201501JC30498,-0.004316,51.552844,3,1,1,2015-08-07,6,August,12:58:00,12,1,1,30
201501JC30499,-0.017588,51.615837,3,1,1,2015-08-07,6,August,13:25:00,13,1,1,30
201501JC30500,-0.030855,51.609676,3,2,1,2015-08-07,6,August,17:01:00,17,1,1,40
201501JC30501,-0.017739,51.572586,3,2,1,2015-08-11,3,August,23:00:00,23,9,1,30
201501JC30504,-0.010551,51.562032,3,1,1,2015-08-08,7,August,13:58:00,13,1,1,30
201501JC30505,-0.026808,51.569771,3,2,1,2015-08-11,3,August,22:12:00,22,1,1,30
201501JC30506,-0.001433,51.608729,3,2,1,2015-06-28,1,June,12:30:00,12,1,1,30
201501JC30507,-0.016951,51.620502,2,2,1,2015-08-16,1,August,15:30:00,15,1,1,30
201501JC30509,0.019882,51.607375,3,2,1,2015-08-16,1,August,15:05:00,15,1,1,30
201501JC30511,-0.010173,51.623535,2,1,1,2015-08-15,7,August,19:19:00,19,1,1,30
201501JC30512,0.015156,51.559346,3,2,1,2015-08-14,6,August,17:50:00,17,2,2,30
201501JC30513,-0.011162,51.564561,3,2,2,2015-08-16,1,August,15:45:00,15,1,1,30
201501JC30518,-0.012851,51.57547,3,1,1,2015-08-19,4,August,14:00:00,14,1,1,30
201501JC30519,-0.005688,51.600618,3,2,1,2015-08-20,5,August,21:35:00,21,1,1,30
201501JC30520,-0.040637,51.587088,3,2,1,2015-08-19,4,August,15:54:00,15,1,1,30
201501JC30522,0.017146,51.571721,3,2,1,2015-08-21,6,August,12:08:00,12,9,1,30
201501JC30524,0.012271,51.572434,3,2,1,2015-08-25,3,August,19:30:00,19,1,2,50
201501JC30525,-0.023729,51.570888,3,2,1,2015-08-14,6,August,12:50:00,12,9,1,30
201501JC30526,0.011268,51.595473,3,5,4,2015-08-19,4,August,18:55:00,18,1,1,50
201501JC30529,-0.025792,51.619842,3,3,1,2015-08-27,5,August,20:15:00,20,1,1,30
201501JC30530,-0.018529,51.580962,3,2,1,2015-08-27,5,August,17:30:00,17,1,1,30
201501JC30531,-0.003861,51.579724,3,2,1,2015-08-28,6,August,21:00:00,21,1,1,30
201501JC30532,-0.015867,51.555918,3,2,2,2015-08-29,7,August,16:40:00,16,1,2,30
201501JC30534,-0.010263,51.634687,3,1,1,2015-09-01,3,September,20:40:00,20,1,1,30
201501JC30535,-0.024345,51.569999,3,1,1,2015-08-30,1,August,23:25:00,23,1,1,30
201501JC30536,-0.033581,51.590028,3,2,1,2015-09-02,4,September,07:35:00,7,1,1,30
201501JC30537,-0.035413,51.58772,3,2,1,2015-09-01,3,September,21:00:00,21,1,1,30
201501JC30539,-0.03353,51.567815,3,2,1,2015-09-03,5,September,10:50:00,10,1,1,30
201501JC30540,0.003951,51.580131,3,3,1,2015-08-24,2,August,18:00:00,18,2,2,30
201501JC30541,-0.008025,51.586809,3,2,1,2015-09-04,6,September,16:30:00,16,1,1,30
201501JC30542,-0.018637,51.5851,3,2,1,2015-09-05,7,September,14:57:00,14,1,1,30
201501JC30543,-0.025623,51.57047,3,2,1,2015-09-04,6,September,07:45:00,7,1,1,30
201501JC30545,-0.017826,51.61701,3,2,3,2015-09-07,2,September,18:30:00,18,1,1,30
201501JC30546,-0.034359,51.582038,3,2,1,2015-08-23,1,August,00:55:00,0,1,1,20
201501JC30547,0.010642,51.571473,3,2,4,2015-09-04,6,September,22:40:00,22,1,1,50
201501JC30548,-0.008352,51.589243,3,2,2,2015-08-26,4,August,10:06:00,10,1,2,30
201501JC30549,-0.004558,51.590167,3,2,1,2015-09-06,1,September,00:30:00,0,1,1,30
201501JC30550,-0.032786,51.591723,3,2,1,2015-09-01,3,September,16:10:00,16,1,1,30
201501JC30552,-0.018446,51.589503,3,2,1,2015-08-29,7,August,05:28:00,5,1,1,30
201501JC30554,-0.04114,51.59555,3,2,2,2015-09-02,4,September,01:19:00,1,1,1,30
201501JC30555,-0.013983,51.632232,2,1,1,2015-08-12,4,August,12:00:00,12,1,1,30
201501JC30557,-0.029751,51.575126,3,2,3,2015-09-10,5,September,16:15:00,16,1,1,30
201501JC30558,0.013758,51.570161,3,2,2,2015-09-07,2,September,14:10:00,14,1,1,30
201501JC30559,0.002497,51.560192,3,2,1,2015-09-13,1,September,08:45:00,8,1,1,30
201501JC30560,-0.006559,51.557648,3,2,1,2015-09-13,1,September,12:29:00,12,1,1,30
201501JC30561,-0.023526,51.568906,3,2,2,2015-09-12,7,September,15:13:00,15,1,1,30
201501JC30564,-0.028717,51.568994,3,2,1,2015-09-12,7,September,00:22:00,0,1,1,30
201501JC30565,-0.006725,51.629681,3,1,1,2015-09-11,6,September,15:20:00,15,1,1,30
201501JC30567,-0.017316,51.608818,3,3,2,2015-09-13,1,September,17:58:00,17,1,1,30
201501JC30569,0.001384,51.623518,3,2,1,2015-09-17,5,September,10:30:00,10,1,1,30
201501JC30570,-0.031635,51.611667,3,2,2,2015-09-16,4,September,05:10:00,5,1,1,30
201501JC30572,-0.012952,51.635992,3,2,2,2015-09-16,4,September,20:55:00,20,2,2,30
201501JC30573,0.009986,51.595854,3,2,1,2015-09-17,5,September,16:50:00,16,1,1,30
201501JC30574,-0.02333,51.623308,3,1,1,2015-08-15,7,August,19:50:00,19,1,1,30
201501JC30575,-0.033465,51.575998,3,2,2,2015-09-08,3,September,09:00:00,9,1,1,30
201501JC30576,-0.009198,51.553377,3,2,1,2015-09-09,4,September,18:50:00,18,1,1,50
201501JC30577,-0.014725,51.631795,3,2,1,2015-09-20,1,September,15:54:00,15,1,1,30
201501JC30578,-0.029598,51.568649,3,2,1,2015-09-20,1,September,11:04:00,11,1,1,30
201501JC30579,-0.035463,51.566499,3,2,1,2015-09-19,7,September,12:10:00,12,1,1,30
201501JC30580,0.012212,51.561285,3,2,1,2015-09-18,6,September,14:14:00,14,1,1,30
201501JC30582,0.019469,51.607831,3,1,1,2015-09-20,1,September,12:39:00,12,1,1,30
201501JC30584,-0.004001,51.579816,3,1,1,2015-09-20,1,September,13:45:00,13,1,1,30
201501JC30585,0.001896,51.605615,3,2,1,2015-09-17,5,September,16:00:00,16,1,1,30
201501JC30586,-0.0096,51.573887,3,1,1,2015-09-21,2,September,15:00:00,15,1,2,30
201501JC30588,-0.010956,51.562669,3,1,1,2015-09-21,2,September,20:58:00,20,1,1,30
201501JC30589,-0.01494,51.573887,3,2,1,2015-09-22,3,September,17:50:00,17,1,1,30
201501JC30591,-0.009039,51.573517,3,2,1,2015-08-27,5,August,17:30:00,17,1,1,30
201501JC30592,0.001282,51.581795,3,2,2,2015-08-29,7,August,21:15:00,21,2,2,30
201501JC30593,-0.008444,51.57063,3,2,1,2015-09-17,5,September,00:49:00,0,2,2,30
201501JC30594,-0.012923,51.567198,3,2,2,2015-09-23,4,September,16:40:00,16,1,1,30
201501JC30595,0.015669,51.570937,3,2,2,2015-09-03,5,September,12:45:00,12,1,1,30
201501JC30596,0.005873,51.597543,3,2,1,2015-09-22,3,September,19:49:00,19,1,1,50
201501JC30597,-0.020054,51.569117,2,2,1,2015-09-22,3,September,06:20:00,6,1,1,30
201501JC30598,0.011273,51.566157,3,2,1,2015-09-25,6,September,08:05:00,8,1,1,30
201501JC30599,-0.008074,51.559293,3,1,1,2015-09-21,2,September,13:17:00,13,1,1,30
201501JC30600,0.001131,51.555359,3,2,1,2015-09-24,5,September,13:15:00,13,1,1,30
201501JC30601,-0.039413,51.598758,3,1,1,2015-09-24,5,September,10:25:00,10,1,1,30
201501JC30602,-0.015021,51.631621,3,2,3,2015-09-24,5,September,15:56:00,15,1,1,30
201501JC30603,-0.013747,51.574766,3,2,1,2015-09-25,6,September,09:04:00,9,1,1,30
201501JC30604,0.009783,51.627242,3,2,1,2015-09-24,5,September,16:20:00,16,1,1,30
201501JC30607,-0.023144,51.571058,3,2,1,2015-09-28,2,September,12:51:00,12,1,1,30
201501JC30609,0.01008,51.565278,3,2,1,2015-09-26,7,September,21:35:00,21,1,1,30
201501JC30610,0.006883,51.558228,3,1,1,2015-09-24,5,September,21:30:00,21,1,1,30
201501JC30612,-0.010717,51.617699,3,2,1,2015-09-29,3,September,09:10:00,9,1,1,30
201501JC30613,-0.020462,51.579646,3,2,2,2015-09-26,7,September,15:30:00,15,1,1,30
201501JC30614,-0.012916,51.564051,3,2,1,2015-09-29,3,September,15:25:00,15,1,1,30
201501JC30615,-0.022527,51.608547,3,2,1,2015-09-16,4,September,13:35:00,13,2,2,30
201501JC30616,-0.015833,51.573273,3,2,2,2015-09-07,2,September,19:10:00,19,1,1,30
201501JC30618,-0.005294,51.55358,3,2,1,2015-09-21,2,September,19:50:00,19,1,2,30
201501JC30619,-0.029225,51.613965,3,2,2,2015-09-30,4,September,16:41:00,16,1,1,30
201501JC30620,0.011264,51.595383,3,2,1,2015-10-01,5,October,08:10:00,8,1,1,50
201501JC30621,0.000602,51.592597,3,2,1,2015-10-02,6,October,07:50:00,7,1,1,30
201501JC30622,-0.018407,51.61693,3,2,1,2015-10-03,7,October,18:13:00,18,1,1,30
201501JC30623,0.003382,51.58032,3,1,1,2015-10-02,6,October,08:30:00,8,1,1,30
201501JC30625,0.006591,51.558143,3,2,1,2015-10-03,7,October,00:12:00,0,1,1,30
201501JC30627,0.012291,51.634932,3,2,1,2015-09-30,4,September,17:15:00,17,1,1,40
201501JC30628,-0.024025,51.570713,2,1,2,2015-10-06,3,October,09:10:00,9,1,2,30
201501JC30630,-0.015512,51.597187,2,2,1,2015-09-28,2,September,16:30:00,16,1,1,30
201501JC30631,0.004858,51.571212,3,1,1,2015-10-07,4,October,08:26:00,8,1,1,30
201501JC30632,0.005104,51.553852,3,2,1,2015-10-07,4,October,16:15:00,16,1,1,30
201501JC30633,-0.011448,51.640642,3,2,1,2015-10-07,4,October,10:36:00,10,1,1,30
201501JC30634,-0.02886,51.592377,3,1,2,2015-10-08,5,October,10:00:00,10,1,1,20
201501JC30635,0.010123,51.566266,3,2,1,2015-09-27,1,September,14:00:00,14,1,1,30
201501JC30636,0.011393,51.595021,3,3,2,2015-07-04,7,July,16:00:00,16,1,1,30
201501JC30637,0.003168,51.631222,3,1,1,2015-10-10,7,October,09:38:00,9,1,1,30
201501JC30638,-0.018424,51.580061,3,1,3,2015-10-10,7,October,15:45:00,15,1,1,30
201501JC30639,-0.019733,51.58314,3,2,1,2015-10-02,6,October,16:25:00,16,1,1,30
201501JC30640,-0.018498,51.581681,3,2,1,2015-10-01,5,October,23:58:00,23,1,1,30
201501JC30641,-0.010017,51.561034,3,2,1,2015-10-09,6,October,19:17:00,19,1,1,30
201501JC30642,-0.030183,51.568479,3,2,1,2015-10-09,6,October,06:55:00,6,1,1,20
201501JC30643,-0.008735,51.587091,3,2,1,2015-10-10,7,October,14:40:00,14,1,1,30
201501JC30644,-0.021587,51.603585,3,2,1,2015-10-09,6,October,05:55:00,5,1,1,50
201501JC30645,-0.009893,51.573802,3,2,1,2015-10-09,6,October,07:49:00,7,1,1,30
201501JC30646,-0.043984,51.562954,3,4,2,2015-10-11,1,October,16:30:00,16,1,1,30
201501JC30647,-0.013007,51.575203,3,2,1,2015-10-12,2,October,12:08:00,12,1,1,30
201501JC30650,-0.0384,51.565289,3,2,1,2015-10-13,3,October,07:15:00,7,1,1,30
201501JC30652,0.000971,51.561567,3,2,1,2015-09-10,5,September,16:00:00,16,1,1,30
201501JC30653,-0.027544,51.569424,2,2,1,2015-10-11,1,October,13:20:00,13,1,1,30
201501JC30656,0.000741,51.576049,3,1,1,2015-10-14,4,October,11:30:00,11,1,1,30
201501JC30657,-0.026519,51.569766,3,2,1,2015-10-14,4,October,10:13:00,10,1,1,30
201501JC30658,0.007491,51.575304,3,1,1,2015-10-12,2,October,20:00:00,20,1,1,20
201501JC30660,-0.025054,51.570281,3,2,1,2015-10-10,7,October,04:00:00,4,1,1,30
201501JC30661,-0.035514,51.568658,3,2,1,2015-09-26,7,September,10:00:00,10,1,1,30
201501JC30662,-0.018266,51.593637,3,2,2,2015-10-17,7,October,07:15:00,7,1,1,30
201501JC30664,-0.008506,51.572519,3,1,1,2015-10-16,6,October,15:56:00,15,1,1,30
201501JC30665,-0.018057,51.611708,3,2,1,2015-10-18,1,October,10:55:00,10,1,1,30
201501JC30666,0.00956,51.563308,3,3,1,2015-10-17,7,October,23:35:00,23,1,1,30
201501JC30667,-0.017853,51.589853,3,2,1,2015-10-18,1,October,16:14:00,16,1,1,30
201501JC30668,-0.015508,51.597277,3,2,1,2015-10-19,2,October,14:00:00,14,1,1,30
201501JC30669,-0.027412,51.572479,3,1,1,2015-10-20,3,October,19:00:00,19,1,1,30
201501JC30670,-0.021728,51.603677,3,4,3,2015-10-20,3,October,18:01:00,18,1,1,50
201501JC30671,-0.033979,51.590844,3,2,1,2015-10-01,5,October,21:10:00,21,1,1,30
201501JC30673,-0.01681,51.600537,3,2,1,2015-10-08,5,October,17:45:00,17,1,1,30
201501JC30674,0.011386,51.572,3,3,2,2015-10-21,4,October,07:00:00,7,1,1,30
201501JC30675,-0.028115,51.582922,3,3,3,2015-10-22,5,October,10:45:00,10,1,1,30
201501JC30678,-0.009365,51.566059,3,2,1,2015-10-24,7,October,19:30:00,19,2,2,20
201501JC30679,0.006255,51.55707,3,1,1,2015-10-26,2,October,19:10:00,19,1,1,30
201501JC30680,-0.004779,51.5917,3,1,1,2015-10-25,1,October,16:50:00,16,1,1,30
201501JC30681,-0.01575,51.598361,3,2,2,2015-10-24,7,October,22:14:00,22,2,2,30
201501JC30682,-0.040332,51.594187,2,2,1,2015-10-01,5,October,21:33:00,21,1,1,30
201501JC30683,-0.015981,51.573185,3,1,1,2015-10-26,2,October,21:30:00,21,1,1,30
201501JC30685,0.007046,51.568477,3,2,2,2015-10-17,7,October,15:15:00,15,1,1,30
201501JC30687,0.011234,51.571823,3,2,1,2015-10-17,7,October,05:57:00,5,1,1,50
201501JC30693,-0.024629,51.570094,3,2,2,2015-10-30,6,October,08:31:00,8,2,2,30
201501JC30694,-0.022727,51.590655,3,1,2,2015-10-30,6,October,17:20:00,17,1,1,30
201501JC30695,-0.025483,51.570378,3,2,1,2015-10-28,4,October,19:10:00,19,1,1,30
201501JC30696,-0.020802,51.571828,2,2,1,2015-10-30,6,October,23:05:00,23,1,1,30
201501JC30697,-0.005278,51.55394,3,1,2,2015-10-30,6,October,06:56:00,6,2,2,30
201501JC30698,-0.035413,51.58772,2,1,1,2015-10-31,7,October,19:23:00,19,1,1,30
201501JC30699,-0.033997,51.567014,3,3,1,2015-10-31,7,October,18:25:00,18,1,1,30
201501JC30700,-0.033553,51.567276,3,2,1,2015-11-02,2,November,19:30:00,19,2,2,30
201501JC30701,-0.015219,51.6006,3,2,1,2015-10-30,6,October,12:01:00,12,1,1,50
201501JC30703,-0.03434,51.599213,3,3,1,2015-11-02,2,November,09:00:00,9,1,1,30
201501JC30704,-0.033113,51.567449,3,2,1,2015-11-03,3,November,12:20:00,12,1,1,30
201501JC30705,-0.001524,51.613227,3,1,1,2015-11-03,3,November,08:55:00,8,1,1,30
201501JC30706,-0.008092,51.57539,3,2,1,2015-11-02,2,November,17:00:00,17,1,1,30
201501JC30707,-0.015423,51.55618,3,3,2,2015-11-04,4,November,07:50:00,7,2,2,30
201501JC30708,-0.010936,51.563118,3,1,1,2015-11-04,4,November,08:35:00,8,1,2,30
201501JC30709,-0.022264,51.571403,3,1,1,2015-11-04,4,November,10:30:00,10,1,1,30
201501JC30710,-0.017216,51.601173,3,2,1,2015-11-04,4,November,18:50:00,18,1,1,50
201501JC30711,-0.032821,51.567534,3,2,1,2015-11-05,5,November,08:40:00,8,1,2,30
201501JC30712,-0.033849,51.567101,3,2,2,2015-11-06,6,November,01:21:00,1,1,1,30
201501JC30713,-0.031444,51.582708,3,1,1,2015-11-05,5,November,15:35:00,15,1,1,30
201501JC30714,-0.016748,51.621848,3,1,1,2015-10-29,5,October,19:55:00,19,2,2,30
201501JC30715,-0.035189,51.59626,3,1,1,2015-11-05,5,November,20:06:00,20,1,1,30
201501JC30717,0.013435,51.56612,3,2,1,2015-10-31,7,October,22:10:00,22,1,1,20
201501JC30718,-0.012956,51.635902,3,2,2,2015-11-06,6,November,20:58:00,20,1,1,30
201501JC30720,-0.010337,51.599977,3,1,1,2015-11-08,1,November,14:33:00,14,1,1,50
201501JC30721,-0.012441,51.574924,2,2,1,2015-11-07,7,November,18:47:00,18,1,1,30
201501JC30722,-0.001063,51.584263,3,3,3,2015-11-07,7,November,22:42:00,22,1,1,30
201501JC30724,-0.023,51.571056,3,2,2,2015-11-08,1,November,10:15:00,10,2,2,30
201501JC30726,-0.017846,51.609906,3,2,1,2015-11-06,6,November,18:16:00,18,1,2,30
201501JC30728,0.013754,51.570071,3,2,1,2015-11-07,7,November,14:30:00,14,1,1,30
201501JC30729,-0.002766,51.611269,3,2,1,2015-11-10,3,November,07:52:00,7,1,1,30
201501JC30730,0.007531,51.559836,3,2,1,2015-11-09,2,November,12:13:00,12,1,1,30
201501JC30731,-0.014824,51.589802,2,2,2,2015-11-10,3,November,19:07:00,19,1,1,30
201501JC30733,-0.020828,51.587835,3,1,1,2015-11-09,2,November,10:10:00,10,1,1,30
201501JC30735,-0.013132,51.635186,3,2,1,2015-11-12,5,November,08:33:00,8,1,1,30
201501JC30737,0.000019,51.618776,3,2,1,2015-11-13,6,November,16:14:00,16,1,1,30
201501JC30738,-0.017553,51.590118,3,2,1,2015-11-14,7,November,20:45:00,20,2,2,30
201501JC30739,-0.020255,51.627572,3,2,2,2015-11-12,5,November,12:56:00,12,1,1,30
201501JC30742,0.007148,51.596982,3,2,1,2015-11-17,3,November,08:20:00,8,1,2,50
201501JC30744,0.009181,51.59398,3,2,1,2015-11-18,4,November,09:20:00,9,1,1,30
201501JC30747,-0.033182,51.599283,3,2,1,2015-11-18,4,November,12:15:00,12,4,1,30
201501JC30748,0.006731,51.558051,3,1,2,2015-11-09,2,November,01:27:00,1,1,1,30
201501JC30750,-0.010621,51.59018,3,2,1,2015-11-14,7,November,11:15:00,11,1,1,30
201501JC30752,0.015673,51.571027,3,3,1,2015-11-20,6,November,19:15:00,19,1,1,30
201501JC30754,-0.021039,51.582983,3,1,2,2015-11-21,7,November,13:09:00,13,4,1,30
201501JC30755,-0.021362,51.585506,3,1,1,2015-11-19,5,November,13:45:00,13,1,1,20
201501JC30756,-0.003795,51.587816,3,2,1,2015-11-20,6,November,18:45:00,18,1,1,30
201501JC30757,-0.016389,51.60026,3,1,1,2015-11-23,2,November,20:40:00,20,1,1,30
201501JC30758,-0.029038,51.614951,3,2,1,2015-11-24,3,November,08:44:00,8,2,2,30
201501JC30759,-0.01747,51.618533,3,2,1,2015-11-20,6,November,15:35:00,15,1,1,30
201501JC30760,0.00825,51.621962,3,2,1,2015-10-26,2,October,18:40:00,18,1,1,30
201501JC30761,-0.00144,51.625005,2,5,3,2015-11-24,3,November,22:00:00,22,2,2,30
201501JC30763,-0.031183,51.588729,3,1,1,2015-11-26,5,November,23:56:00,23,1,1,30
201501JC30764,-0.007111,51.5912,3,1,1,2015-11-26,5,November,14:56:00,14,1,1,30
201501JC30765,-0.01674,51.602154,3,2,1,2015-11-27,6,November,06:00:00,6,1,1,30
201501JC30767,0.002642,51.560189,3,2,2,2015-11-26,5,November,20:11:00,20,1,1,30
201501JC30768,0.013729,51.562967,3,1,1,2015-11-28,7,November,18:37:00,18,1,2,30
201501JC30769,-0.013207,51.600386,3,2,1,2015-11-28,7,November,21:28:00,21,2,2,50
201501JC30770,-0.013303,51.575028,3,1,1,2015-11-29,1,November,03:20:00,3,1,1,30
201501JC30772,-0.016654,51.604131,3,2,1,2015-11-22,1,November,12:00:00,12,1,1,30
201501JC30773,0.009663,51.617982,3,3,1,2015-11-20,6,November,00:21:00,0,1,1,30
201501JC30775,-0.019156,51.583131,3,1,1,2015-12-02,4,December,18:25:00,18,1,1,30
201501JC30776,-0.010956,51.562669,3,2,1,2015-12-03,5,December,16:01:00,16,1,1,30
201501JC30777,0.016469,51.572722,3,2,2,2015-11-28,7,November,20:30:00,20,2,2,30
201501JC30778,-0.03001,51.589159,3,2,1,2015-12-02,4,December,07:30:00,7,1,1,30
201501JC30780,-0.004255,51.550955,3,2,1,2015-11-29,1,November,19:30:00,19,2,2,30
201501JC30781,0.000844,51.565256,3,1,1,2015-12-05,7,December,19:25:00,19,1,1,30
201501JC30782,-0.008209,51.585913,3,1,1,2015-12-04,6,December,15:45:00,15,1,1,30
201501JC30783,-0.03045,51.588986,3,2,1,2015-12-06,1,December,23:59:00,23,2,2,30
201501JC30786,-0.016603,51.601972,3,1,1,2015-12-07,2,December,07:48:00,7,1,1,30
201501JC30789,-0.015929,51.600881,3,2,1,2015-12-04,6,December,13:28:00,13,1,1,30
201501JC30790,-0.00873,51.6004,3,3,2,2015-12-07,2,December,06:40:00,6,1,2,70
201501JC30791,-0.01765,51.617727,3,2,1,2015-12-09,4,December,08:13:00,8,1,1,30
201501JC30792,-0.018053,51.611798,3,1,1,2015-12-07,2,December,15:10:00,15,1,1,30
201501JC30793,-0.020946,51.57183,3,2,1,2015-12-10,5,December,19:28:00,19,2,2,30
201501JC30796,-0.01698,51.590018,3,1,1,2015-12-12,7,December,09:45:00,9,1,1,30
201501JC30797,-0.004005,51.579727,3,2,1,2015-11-10,3,November,19:00:00,19,1,1,30
201501JC30798,-0.008621,51.589697,3,2,2,2015-12-12,7,December,12:00:00,12,1,1,30
201501JC30799,-0.008079,51.631773,3,3,1,2015-11-10,3,November,12:57:00,12,1,1,30
201501JC30800,-0.002563,51.586267,3,1,1,2015-12-15,3,December,19:20:00,19,2,2,30
201501JC30801,-0.041389,51.596453,2,1,1,2015-12-15,3,December,07:41:00,7,1,2,30
201501JC30805,-0.01649,51.601251,3,2,1,2015-12-04,6,December,15:00:00,15,1,1,30
201501JC30806,-0.016923,51.601258,3,2,1,2015-12-18,6,December,06:00:00,6,1,2,30
201501JC30808,-0.025635,51.570201,3,2,1,2015-12-12,7,December,20:00:00,20,1,1,20
201501JC30809,-0.023292,51.570971,3,2,2,2015-12-19,7,December,11:25:00,11,1,1,30
201501JC30810,-0.020946,51.57183,3,2,1,2015-12-21,2,December,16:40:00,16,1,2,30
201501JC30811,-0.021587,51.603585,3,2,1,2015-12-19,7,December,07:46:00,7,1,1,30
201501JC30812,0.004808,51.553678,3,1,1,2015-12-19,7,December,16:04:00,16,1,1,30
201501JC30814,-0.034924,51.595716,3,2,1,2015-12-18,6,December,14:00:00,14,1,1,30
201501JC30815,0.007169,51.626927,3,2,1,2015-12-19,7,December,21:00:00,21,1,1,30
201501JC30817,-0.027997,51.58229,3,2,1,2015-11-26,5,November,12:00:00,12,1,1,30
201501JC30818,-0.027641,51.617175,3,2,1,2015-12-17,5,December,17:44:00,17,1,1,30
201501JC30819,-0.002976,51.580159,3,2,2,2015-12-22,3,December,11:55:00,11,1,2,30
201501JC30820,-0.008041,51.58645,3,3,1,2015-12-24,5,December,07:48:00,7,1,1,30
201501JC30821,-0.019519,51.584756,3,2,1,2015-12-17,5,December,11:40:00,11,1,1,30
201501JC30822,-0.020962,51.574798,3,1,1,2015-12-17,5,December,15:35:00,15,1,1,20
201501JC30823,-0.010021,51.560944,3,1,1,2015-12-10,5,December,07:12:00,7,1,1,30
201501JC30824,-0.000923,51.58417,2,1,1,2015-12-26,7,December,23:51:00,23,1,1,30
201501JC30825,-0.007096,51.558557,3,2,2,2015-12-25,6,December,19:04:00,19,1,2,30
201501JC30826,-0.017409,51.590115,3,2,2,2015-12-26,7,December,23:33:00,23,1,2,30
201501JC30827,0.013585,51.572772,3,1,1,2015-12-25,6,December,01:54:00,1,1,2,40
201501JC30828,-0.033756,51.585984,3,2,1,2015-12-06,1,December,19:15:00,19,1,1,30
201501JC30831,-0.037816,51.565459,2,2,2,2015-12-30,4,December,06:30:00,6,1,1,30
201501JC30832,-0.011705,51.641366,3,3,4,2015-12-29,3,December,19:14:00,19,1,1,30
201501JC30833,-0.008115,51.617745,3,2,1,2015-12-31,5,December,17:57:00,17,2,2,30
201501JC30837,-0.008557,51.571351,3,2,1,2015-12-21,2,December,15:50:00,15,2,2,30
201501JC30839,-0.012345,51.600281,3,2,1,2015-12-16,4,December,13:20:00,13,1,1,50
201501JC30841,-0.014834,51.61606,3,1,1,2015-12-21,2,December,14:30:00,14,2,2,30
201501JC30850,0.015102,51.55485,3,2,1,2015-12-20,1,December,17:44:00,17,1,1,30
201501JC30852,-0.022837,51.568175,3,2,1,2015-12-18,6,December,09:00:00,9,1,1,30
201501JC30875,-0.017961,51.600646,3,2,1,2015-12-07,2,December,13:20:00,13,1,1,30
201501JC39072,-0.029969,51.576748,3,2,2,2015-11-26,5,November,14:20:00,14,1,1,20
201501JI40001,0.046809,51.589553,3,2,1,2015-01-05,2,January,08:55:00,8,1,1,30
201501JI40003,0.020022,51.607282,3,2,1,2015-01-07,4,January,20:21:00,20,1,1,30
201501JI40005,0.023656,51.59481,3,1,1,2015-01-07,4,January,20:20:00,20,1,1,30
201501JI40006,0.114506,51.564432,3,2,1,2015-01-09,6,January,18:34:00,18,1,1,30
201501JI40007,0.08527,51.594001,3,1,1,2015-01-12,2,January,09:31:00,9,1,1,30
201501JI40009,0.084424,51.600761,3,1,1,2015-01-07,4,January,16:30:00,16,1,1,30
201501JI40010,0.026487,51.577316,3,2,1,2015-01-02,6,January,11:50:00,11,1,1,30
201501JI40016,0.045038,51.575825,3,2,2,2015-01-07,4,January,10:08:00,10,1,1,30
201501JI40019,0.085266,51.593911,3,1,1,2015-01-09,6,January,10:30:00,10,1,1,30
201501JI40020,0.054977,51.585003,3,2,1,2015-01-13,3,January,18:20:00,18,2,2,40
201501JI40021,0.080173,51.58357,3,2,2,2015-01-10,7,January,14:35:00,14,1,1,30
201501JI40022,0.063447,51.561654,3,3,1,2015-01-07,4,January,21:00:00,21,1,1,30
201501JI40023,0.071427,51.556297,3,2,1,2015-01-12,2,January,06:45:00,6,4,2,30
201501JI40027,0.016785,51.573346,3,2,1,2015-01-01,5,January,04:06:00,4,1,1,40
201501JI40028,0.035053,51.591376,3,2,1,2015-01-15,5,January,06:55:00,6,5,2,30
201501JI40030,0.067484,51.55205,3,2,5,2015-01-07,4,January,12:19:00,12,1,1,50
201501JI40031,0.022164,51.57748,3,2,1,2015-01-15,5,January,07:30:00,7,1,1,30
201501JI40032,0.025463,51.59325,3,1,1,2015-01-21,4,January,19:20:00,19,1,1,30
201501JI40034,0.137909,51.601957,3,2,1,2015-01-19,2,January,12:45:00,12,1,1,30
201501JI40035,0.070814,51.555499,3,1,1,2015-01-09,6,January,16:04:00,16,4,1,30
201501JI40036,0.094549,51.604267,2,2,1,2015-01-16,6,January,08:40:00,8,1,1,30
201501JI40037,0.118793,51.58216,3,2,3,2015-01-15,5,January,09:35:00,9,1,2,50
201501JI40038,0.10383,51.580091,3,4,3,2015-01-19,2,January,19:25:00,19,1,1,40
201501JI40041,0.075131,51.590134,3,1,1,2015-02-03,3,February,08:40:00,8,1,1,30
201501JI40043,0.030505,51.589746,3,2,2,2015-01-12,2,January,12:38:00,12,1,1,30
201501JI40044,0.035371,51.604949,3,1,1,2015-01-15,5,January,08:30:00,8,1,1,30
201501JI40045,0.107073,51.581562,3,2,1,2015-01-07,4,January,17:10:00,17,1,1,50
201501JI40046,0.086389,51.561698,3,2,1,2015-01-15,5,January,17:50:00,17,1,1,30
201501JI40047,0.062023,51.593962,3,3,1,2015-01-17,7,January,11:00:00,11,1,1,30
201501JI40049,0.066406,51.556925,3,2,1,2015-01-24,7,January,23:23:00,23,1,2,30
201501JI40050,0.017602,51.604806,3,2,1,2015-01-18,1,January,02:58:00,2,1,1,30
201501JI40051,0.104275,51.580353,3,2,1,2015-01-23,6,January,22:25:00,22,2,2,40
201501JI40054,0.109182,51.571002,3,3,1,2015-01-24,7,January,17:33:00,17,1,1,30
201501JI40055,0.111394,51.568894,3,2,1,2015-01-15,5,January,18:30:00,18,1,1,30
201501JI40056,0.012581,51.599047,3,2,1,2015-01-30,6,January,08:45:00,8,1,2,30
201501JI40057,0.044,51.575213,3,2,1,2015-01-26,2,January,20:40:00,20,1,1,30
201501JI40059,0.093808,51.575594,3,2,1,2015-01-29,5,January,19:35:00,19,1,1,50
201501JI40060,0.023005,51.580163,3,2,1,2015-02-02,2,February,15:50:00,15,1,1,30
201501JI40062,0.080298,51.598945,3,1,1,2015-01-26,2,January,09:10:00,9,1,1,30
201501JI40063,0.061805,51.579578,3,1,1,2015-01-22,5,January,08:32:00,8,1,4,40
201501JI40064,0.084721,51.597788,3,3,2,2015-01-28,4,January,21:30:00,21,1,1,30
201501JI40065,0.042561,51.58495,2,2,2,2015-01-13,3,January,15:09:00,15,1,2,30
201501JI40066,0.110114,51.563072,3,2,1,2015-01-23,6,January,19:00:00,19,1,1,30
201501JI40067,0.053095,51.578472,2,2,1,2015-02-03,3,February,10:40:00,10,1,2,30
201501JI40068,0.061309,51.575,3,2,1,2015-02-03,3,February,08:03:00,8,1,2,30
201501JI40070,0.070116,51.559198,3,1,1,2015-01-29,5,January,16:48:00,16,1,1,30
201501JI40071,0.08996,51.570357,3,2,1,2015-02-02,2,February,18:25:00,18,1,1,30
201501JI40072,0.075832,51.561165,3,2,1,2015-01-24,7,January,14:00:00,14,9,1,30
201501JI40073,0.031967,51.59017,3,2,1,2015-01-24,7,January,18:45:00,18,1,1,30
201501JI40075,0.065513,51.556312,3,2,1,2015-01-30,6,January,20:49:00,20,2,2,30
201501JI40076,0.022305,51.593664,3,1,1,2015-01-31,7,January,18:46:00,18,1,1,30
201501JI40077,0.071151,51.556572,3,2,2,2015-02-01,1,February,14:31:00,14,4,1,40
201501JI40078,0.018156,51.571704,3,2,1,2015-01-14,4,January,07:40:00,7,1,1,50
201501JI40079,0.039354,51.597146,3,2,1,2015-02-03,3,February,06:10:00,6,1,4,30
201501JI40080,0.114731,51.563079,3,1,1,2015-02-05,5,February,06:41:00,6,1,1,30
201501JI40081,0.076191,51.55954,3,1,1,2015-01-29,5,January,13:40:00,13,1,1,30
201501JI40082,0.059117,51.568025,3,2,1,2015-01-30,6,January,20:35:00,20,1,1,30
201501JI40083,0.044569,51.575023,3,2,1,2015-02-06,6,February,21:15:00,21,1,1,40
201501JI40084,0.080663,51.587968,3,2,1,2015-02-03,3,February,15:33:00,15,1,1,30
201501JI40085,0.015011,51.572387,3,2,1,2015-01-22,5,January,07:26:00,7,9,1,50
201501JI40086,0.11906,51.56309,3,2,1,2015-02-04,4,February,11:18:00,11,1,1,30
201501JI40087,0.084078,51.564796,3,2,1,2015-02-02,2,February,13:30:00,13,1,1,30
201501JI40088,0.036043,51.594146,3,2,1,2015-01-27,3,January,19:35:00,19,1,2,30
201501JI40089,0.12393,51.611833,2,2,1,2015-02-01,1,February,12:20:00,12,1,2,40
201501JI40091,0.041091,51.606918,3,2,1,2015-02-06,6,February,09:00:00,9,1,1,30
201501JI40092,0.041482,51.580203,3,2,1,2015-02-14,7,February,13:54:00,13,1,2,50
201501JI40094,0.073821,51.551849,3,1,1,2015-02-09,2,February,19:40:00,19,1,1,30
201501JI40095,0.014146,51.595243,3,2,2,2015-01-31,7,January,13:48:00,13,2,2,40
201501JI40097,0.06008,51.576551,3,2,1,2015-02-11,4,February,16:36:00,16,1,1,40
201501JI40098,0.092521,51.550707,3,3,1,2015-02-07,7,February,12:25:00,12,1,1,30
201501JI40099,0.072164,51.556644,3,2,1,2015-02-10,3,February,14:36:00,14,1,1,40
201501JI40102,0.048845,51.589877,2,4,1,2015-02-06,6,February,11:29:00,11,1,1,50
201501JI40104,0.083405,51.578477,3,2,2,2015-02-03,3,February,14:52:00,14,1,1,30
201501JI40105,0.020935,51.572555,3,2,1,2015-02-04,4,February,05:50:00,5,8,2,50
201501JI40107,0.019782,51.572575,3,2,2,2015-02-07,7,February,15:00:00,15,1,1,30
201501JI40108,0.012972,51.594814,3,2,1,2015-02-05,5,February,15:25:00,15,1,1,30
201501JI40109,0.104993,51.570898,3,2,2,2015-02-10,3,February,08:00:00,8,1,1,30
201501JI40110,0.112406,51.606286,3,2,1,2015-01-30,6,January,15:00:00,15,1,2,30
201501JI40111,0.115917,51.582392,3,3,1,2015-02-16,2,February,15:02:00,15,2,2,50
201501JI40113,0.021291,51.596829,3,2,1,2015-01-29,5,January,07:42:00,7,1,1,30
201501JI40114,0.083638,51.555182,3,2,1,2015-02-10,3,February,09:22:00,9,1,1,30
201501JI40116,0.083473,51.589447,3,2,1,2015-02-05,5,February,12:40:00,12,1,1,30
201501JI40118,0.061863,51.558534,3,2,3,2015-02-11,4,February,18:50:00,18,1,1,50
201501JI40120,0.031618,51.562929,3,1,2,2015-02-14,7,February,16:00:00,16,1,1,30
201501JI40121,0.024705,51.566465,3,1,1,2015-02-06,6,February,16:50:00,16,1,1,30
201501JI40122,0.107589,51.552146,3,2,1,2015-02-08,1,February,19:32:00,19,1,1,30
201501JI40123,0.036271,51.592793,3,1,1,2015-02-23,2,February,14:25:00,14,1,1,50
201501JI40124,0.0763,51.568261,3,2,5,2015-02-22,1,February,23:26:00,23,1,2,30
201501JI40125,0.027137,51.608149,3,2,1,2015-01-12,2,January,06:09:00,6,2,2,30
201501JI40127,0.050105,51.576186,3,3,1,2015-02-17,3,February,12:50:00,12,1,1,40
201501JI40128,0.108045,51.608792,3,1,1,2015-02-16,2,February,11:08:00,11,1,1,30
201501JI40129,0.08129,51.560619,3,2,1,2015-02-14,7,February,12:40:00,12,1,1,30
201501JI40130,0.110983,51.563146,3,2,1,2015-02-19,5,February,11:40:00,11,1,1,30
201501JI40131,0.027571,51.591955,3,1,1,2015-02-16,2,February,18:55:00,18,1,1,30
201501JI40132,0.062638,51.591613,3,1,1,2015-01-19,2,January,15:30:00,15,1,1,30
201501JI40133,0.083422,51.572542,3,2,1,2015-02-24,3,February,09:35:00,9,1,1,30
201501JI40134,0.089313,51.55625,3,2,1,2015-02-25,4,February,13:00:00,13,1,1,30
201501JI40135,0.068973,51.591232,3,2,1,2015-02-19,5,February,15:50:00,15,1,1,30
201501JI40136,0.102853,51.565181,3,2,1,2015-02-20,6,February,11:35:00,11,1,1,30
201501JI40137,0.070247,51.562073,3,1,1,2015-02-20,6,February,11:30:00,11,1,1,30
201501JI40138,0.109254,51.609939,3,2,1,2015-02-19,5,February,13:40:00,13,1,1,30
201501JI40139,0.081915,51.590104,3,2,3,2015-02-22,1,February,17:54:00,17,2,2,30
201501JI40141,0.06691,51.555298,3,2,1,2015-02-20,6,February,06:30:00,6,2,2,30
201501JI40144,0.062346,51.591529,3,2,1,2015-02-13,6,February,17:46:00,17,2,2,30
201501JI40146,0.072168,51.556734,3,2,1,2015-03-02,2,March,08:08:00,8,1,1,40
201501JI40147,0.078951,51.594743,3,2,1,2015-02-13,6,February,19:30:00,19,4,2,30
201501JI40149,0.061309,51.575,2,1,1,2015-02-28,7,February,12:00:00,12,1,1,30
201501JI40152,0.053552,51.579003,3,1,1,2015-03-02,2,March,15:30:00,15,1,1,30
201501JI40153,0.063067,51.591516,3,1,1,2015-02-27,6,February,09:06:00,9,1,1,30
201501JI40154,0.024964,51.614481,3,2,1,2015-02-24,3,February,18:55:00,18,1,1,30
201501JI40156,0.067812,51.562476,3,2,2,2015-02-27,6,February,13:55:00,13,1,1,30
201501JI40157,0.110429,51.566753,3,2,1,2015-02-22,1,February,14:55:00,14,2,2,30
201501JI40158,0.0944,51.563353,3,2,1,2015-02-25,4,February,09:00:00,9,2,2,30
201501JI40160,0.048218,51.604815,3,2,1,2015-02-27,6,February,16:55:00,16,1,1,30
201501JI40161,0.055523,51.571505,2,1,1,2015-03-01,1,March,01:30:00,1,1,1,30
201501JI40162,0.075152,51.549397,3,1,1,2015-02-25,4,February,17:20:00,17,1,1,30
201501JI40163,0.019766,51.572216,3,3,1,2015-03-10,3,March,16:11:00,16,1,1,50
201501JI40165,0.08261,51.573725,3,2,1,2015-02-21,7,February,10:44:00,10,1,1,50
201501JI40166,0.067752,51.577045,3,2,1,2015-03-01,1,March,02:15:00,2,1,1,30
201501JI40167,0.069808,51.587351,3,1,1,2015-03-03,3,March,16:22:00,16,1,1,30
201501JI40168,0.10019,51.576289,3,2,1,2015-02-28,7,February,13:00:00,13,1,1,30
201501JI40169,0.073177,51.604287,3,2,2,2015-03-03,3,March,21:00:00,21,1,1,30
201501JI40170,0.070907,51.557565,3,1,1,2015-03-03,3,March,15:38:00,15,1,1,30
201501JI40171,0.110156,51.56397,3,2,1,2015-02-12,5,February,13:30:00,13,1,1,30
201501JI40172,0.117359,51.582366,3,2,1,2015-02-27,6,February,09:45:00,9,9,1,30
201501JI40173,0.117499,51.582273,3,2,1,2015-03-04,4,March,13:05:00,13,1,1,30
201501JI40174,0.025747,51.596393,3,2,1,2015-03-14,7,March,00:10:00,0,1,1,50
201501JI40175,0.065793,51.556127,3,2,1,2015-03-12,5,March,10:05:00,10,1,1,30
201501JI40177,0.03688,51.593502,3,2,1,2015-03-18,4,March,13:24:00,13,1,1,30
201501JI40178,0.077501,51.559787,3,1,1,2015-03-18,4,March,09:00:00,9,1,1,30
201501JI40179,0.110457,51.607849,3,2,2,2015-03-05,5,March,02:50:00,2,1,1,30
201501JI40180,0.120257,51.607403,3,2,1,2015-03-21,7,March,12:20:00,12,1,1,30
201501JI40181,0.06354,51.557336,3,2,1,2015-02-19,5,February,17:38:00,17,2,2,50
201501JI40183,0.03844,51.576749,3,5,6,2015-03-01,1,March,13:58:00,13,1,1,50
201501JI40184,0.076594,51.546224,3,2,1,2015-03-19,5,March,03:08:00,3,1,1,30
201501JI40185,0.071398,51.555668,3,1,1,2015-03-13,6,March,11:25:00,11,1,1,30
201501JI40186,0.083884,51.566868,3,2,1,2015-03-07,7,March,13:41:00,13,1,1,30
201501JI40187,0.083638,51.555182,3,1,1,2015-03-10,3,March,09:00:00,9,1,1,30
201501JI40188,0.024886,51.564034,3,1,1,2015-03-15,1,March,07:20:00,7,1,1,30
201501JI40189,0.063771,51.562457,3,2,1,2015-03-12,5,March,13:05:00,13,1,1,30
201501JI40192,0.106663,51.607018,3,1,1,2015-03-01,1,March,15:05:00,15,8,1,30
201501JI40193,0.083755,51.573525,3,2,1,2015-03-03,3,March,14:35:00,14,1,1,40
201501JI40195,0.121748,51.605308,3,2,3,2015-03-08,1,March,18:45:00,18,1,1,30
201501JI40198,0.062911,51.597634,2,1,1,2015-03-23,2,March,11:12:00,11,1,1,30
201501JI40199,0.11675,51.563042,3,2,3,2015-03-23,2,March,11:25:00,11,1,1,30
201501JI40200,0.035796,51.611236,3,1,1,2015-03-18,4,March,10:26:00,10,1,1,30
201501JI40201,0.116457,51.615745,3,3,2,2015-03-19,5,March,13:57:00,13,1,1,30
201501JI40202,0.096086,51.546687,3,2,2,2015-03-19,5,March,09:10:00,9,1,1,30
201501JI40204,0.042306,51.576052,3,2,1,2015-03-09,2,March,08:30:00,8,9,1,40
201501JI40208,0.031482,51.595484,3,2,3,2015-03-22,1,March,21:17:00,21,1,1,50
201501JI40210,0.019284,51.593896,3,2,1,2015-03-23,2,March,14:02:00,14,1,1,30
201501JI40212,0.097027,51.604763,3,2,2,2015-03-25,4,March,00:05:00,0,1,2,30
201501JI40213,0.041725,51.575972,3,2,1,2015-03-18,4,March,06:45:00,6,1,1,50
201501JI40214,0.020509,51.598731,3,2,1,2015-03-07,7,March,00:20:00,0,8,4,30
201501JI40217,0.09805,51.564277,3,1,1,2015-03-26,5,March,21:30:00,21,1,1,30
201501JI40218,0.117503,51.582363,3,2,1,2015-03-24,3,March,11:02:00,11,1,1,40
201501JI40219,0.072898,51.553753,3,1,1,2015-03-23,2,March,17:16:00,17,1,1,30
201501JI40220,0.067684,51.562838,3,2,1,2015-03-29,1,March,09:35:00,9,1,1,30
201501JI40221,0.083209,51.564722,3,2,1,2015-03-16,2,March,20:30:00,20,1,1,30
201501JI40222,0.070002,51.575747,2,2,1,2015-04-02,5,April,18:45:00,18,1,1,30
201501JI40223,0.121058,51.56881,3,1,1,2015-03-18,4,March,16:05:00,16,1,1,30
201501JI40224,0.138054,51.601954,3,2,2,2015-04-03,6,April,13:45:00,13,1,1,40
201501JI40225,0.063834,51.576575,3,2,1,2015-03-28,7,March,09:42:00,9,1,1,50
201501JI40226,0.079082,51.559669,3,2,1,2015-03-30,2,March,16:00:00,16,1,1,30
201501JI40227,0.118883,51.580989,3,2,1,2015-03-31,3,March,09:15:00,9,1,1,30
201501JI40228,0.019839,51.599912,3,2,1,2015-03-24,3,March,19:00:00,19,1,1,30
201501JI40229,0.109227,51.559491,3,2,1,2015-03-31,3,March,10:22:00,10,4,1,30
201501JI40230,0.022186,51.610482,2,2,1,2015-04-08,4,April,14:50:00,14,1,1,30
201501JI40232,0.016938,51.573523,3,2,1,2015-02-03,3,February,10:30:00,10,1,1,30
201501JI40234,0.044004,51.575303,3,2,1,2015-03-31,3,March,15:05:00,15,4,1,30
201501JI40236,0.069161,51.557237,2,1,1,2015-04-14,3,April,12:10:00,12,1,1,30
201501JI40237,0.072074,51.554667,3,2,1,2015-04-02,5,April,11:16:00,11,1,1,30
201501JI40238,0.083741,51.59214,3,2,1,2015-04-06,2,April,17:43:00,17,1,1,30
201501JI40239,0.083545,51.575237,3,2,1,2015-04-03,6,April,08:45:00,8,1,1,30
201501JI40240,0.065505,51.556132,3,3,1,2015-03-07,7,March,18:11:00,18,1,1,50
201501JI40241,0.127906,51.570214,3,2,1,2015-04-10,6,April,18:20:00,18,1,1,30
201501JI40242,0.069808,51.587351,3,1,1,2015-03-27,6,March,14:00:00,14,1,1,30
201501JI40243,0.071802,51.555032,3,2,2,2015-03-27,6,March,15:00:00,15,1,1,30
201501JI40244,0.066769,51.55539,3,2,4,2015-04-11,7,April,13:40:00,13,1,1,30
201501JI40245,0.071139,51.556302,3,2,1,2015-04-09,5,April,16:40:00,16,1,1,30
201501JI40247,0.108822,51.566332,3,2,1,2015-04-13,2,April,00:25:00,0,1,1,30
201501JI40249,0.036187,51.594144,3,2,1,2015-04-15,4,April,17:20:00,17,1,1,30
201501JI40250,0.025604,51.593158,3,2,1,2015-03-31,3,March,08:35:00,8,2,2,30
201501JI40251,0.022457,51.577565,3,2,1,2015-04-16,5,April,14:05:00,14,1,1,30
201501JI40252,0.120231,51.582044,3,3,1,2015-03-27,6,March,11:40:00,11,1,1,50
201501JI40254,0.037614,51.593759,2,2,1,2015-04-06,2,April,12:23:00,12,1,1,40
201501JI40256,0.118793,51.58216,3,2,2,2015-04-11,7,April,14:31:00,14,1,1,50
201501JI40257,0.096142,51.563592,3,1,1,2015-04-01,4,April,12:28:00,12,1,1,30
201501JI40258,0.05826,51.580989,3,1,1,2015-04-17,6,April,15:42:00,15,1,1,30
201501JI40259,0.117647,51.588565,3,2,1,2015-04-23,5,April,18:00:00,18,1,1,30
201501JI40260,0.028261,51.575037,3,2,1,2015-04-05,1,April,18:59:00,18,1,1,30
201501JI40261,0.097304,51.563751,3,2,1,2015-04-06,2,April,14:20:00,14,1,1,30
201501JI40262,0.06822,51.561929,3,1,1,2015-02-27,6,February,17:00:00,17,1,1,30
201501JI40263,0.077258,51.544953,3,2,3,2015-04-14,3,April,16:30:00,16,1,1,30
201501JI40264,0.095625,51.571155,3,2,1,2015-04-18,7,April,16:30:00,16,1,1,30
201501JI40266,0.1221,51.612855,3,3,3,2015-04-11,7,April,17:30:00,17,1,1,40
201501JI40268,0.020034,51.607552,3,2,1,2015-02-14,7,February,19:10:00,19,1,1,30
201501JI40269,0.073158,51.575331,3,2,1,2015-04-25,7,April,21:30:00,21,1,1,30
201501JI40270,0.0872,51.566809,3,2,1,2015-04-03,6,April,20:54:00,20,1,1,30
201501JI40271,0.089445,51.574862,3,2,1,2015-04-14,3,April,17:00:00,17,1,1,30
201501JI40272,0.083895,51.573432,3,2,1,2015-04-15,4,April,22:45:00,22,1,1,30
201501JI40273,0.060224,51.576548,3,2,2,2015-04-12,1,April,15:39:00,15,1,1,30
201501JI40274,0.0648,51.572421,3,2,1,2015-04-23,5,April,17:30:00,17,1,1,30
201501JI40275,0.018288,51.558392,3,2,1,2015-04-12,1,April,14:43:00,14,1,1,30
201501JI40276,0.102124,51.565014,3,2,1,2015-02-27,6,February,18:30:00,18,1,1,30
201501JI40278,0.108826,51.566422,3,1,1,2015-04-24,6,April,18:50:00,18,1,1,30
201501JI40279,0.05341,51.591865,2,1,1,2015-04-24,6,April,01:17:00,1,1,1,30
201501JI40280,0.023427,51.596163,3,2,1,2015-04-18,7,April,23:45:00,23,1,1,50
201501JI40282,0.022197,51.594475,3,2,1,2015-05-01,6,May,20:10:00,20,1,1,30
201501JI40283,0.083471,51.57362,3,2,2,2015-04-30,5,April,09:00:00,9,1,1,40
201501JI40284,0.02489,51.564124,3,2,1,2015-05-02,7,May,11:55:00,11,1,1,30
201501JI40286,0.116922,51.582284,3,2,2,2015-04-30,5,April,07:10:00,7,1,1,30
201501JI40288,0.021968,51.595828,2,2,1,2015-04-18,7,April,23:30:00,23,1,1,70
201501JI40289,0.046081,51.605482,3,3,5,2015-04-20,2,April,16:00:00,16,1,1,30
201501JI40290,0.09419,51.565066,3,2,1,2015-04-21,3,April,19:22:00,19,1,1,30
201501JI40291,0.067719,51.576326,3,2,1,2015-04-28,3,April,08:15:00,8,1,1,30
201501JI40292,0.022197,51.594475,3,2,1,2015-04-26,1,April,15:42:00,15,1,1,30
201501JI40293,0.043007,51.57559,3,3,1,2015-04-07,3,April,08:50:00,8,1,1,40
201501JI40294,0.047368,51.573086,3,2,1,2015-04-25,7,April,12:37:00,12,1,1,50
201501JI40295,0.067059,51.56177,3,2,1,2015-04-22,4,April,08:40:00,8,1,1,30
201501JI40296,0.019368,51.576269,3,1,1,2015-04-19,1,April,16:50:00,16,1,1,30
201501JI40297,0.074161,51.581518,3,1,1,2015-04-07,3,April,16:45:00,16,1,1,30
201501JI40299,0.045478,51.575997,3,1,1,2015-04-27,2,April,07:55:00,7,1,1,30
201501JI40302,0.06774,51.557711,3,1,1,2015-05-01,6,May,14:18:00,14,1,1,30
201501JI40303,0.104307,51.565424,3,2,1,2015-05-08,6,May,22:02:00,22,1,1,30
201501JI40304,0.078637,51.562555,3,2,1,2015-05-03,1,May,12:56:00,12,1,1,30
201501JI40307,0.084531,51.558943,3,2,1,2015-05-06,4,May,19:35:00,19,2,2,30
201501JI40308,0.079222,51.559577,3,2,1,2015-05-07,5,May,09:37:00,9,1,1,30
201501JI40309,0.050973,51.573023,3,2,1,2015-04-29,4,April,18:35:00,18,1,1,30
201501JI40311,0.083611,51.573527,3,2,1,2015-02-26,5,February,20:48:00,20,1,1,30
201501JI40312,0.116542,51.567902,3,1,1,2015-04-18,7,April,14:10:00,14,1,1,30
201501JI40313,0.114077,51.601849,3,2,1,2015-05-07,5,May,12:20:00,12,1,1,30
201501JI40314,0.10929,51.607601,3,2,2,2015-05-06,4,May,13:30:00,13,1,1,30
201501JI40315,0.022402,51.592584,3,2,1,2015-05-11,2,May,15:52:00,15,1,1,30
201501JI40316,0.098205,51.558249,3,1,1,2015-05-10,1,May,22:54:00,22,1,1,30
201501JI40317,0.101246,51.56476,3,2,4,2015-05-04,2,May,01:35:00,1,1,1,30
201501JI40319,0.138054,51.601954,3,3,1,2015-05-06,4,May,06:55:00,6,1,1,30
201501JI40320,0.129801,51.57063,3,3,1,2015-04-28,3,April,16:53:00,16,1,1,30
201501JI40323,0.054121,51.59482,3,2,3,2015-04-08,4,April,15:46:00,15,1,1,30
201501JI40325,0.047065,51.575969,3,2,1,2015-05-07,5,May,15:46:00,15,1,1,40
201501JI40328,0.083751,51.573435,3,1,1,2015-04-16,5,April,20:46:00,20,1,1,30
201501JI40329,0.022305,51.593664,3,2,1,2015-05-08,6,May,08:10:00,8,1,1,30
201501JI40330,0.083638,51.555182,3,3,1,2015-05-07,5,May,18:20:00,18,1,1,30
201501JI40331,0.045046,51.576004,3,2,1,2015-05-17,1,May,19:40:00,19,1,1,30
201501JI40332,0.11693,51.582463,3,2,1,2015-05-15,6,May,19:25:00,19,1,1,50
201501JI40333,0.041478,51.580113,2,2,3,2015-05-23,7,May,15:58:00,15,1,1,50
201501JI40334,0.066114,51.556841,3,1,1,2015-05-20,4,May,12:30:00,12,1,1,30
201501JI40335,0.1004,51.55893,3,2,1,2015-05-20,4,May,16:55:00,16,1,1,30
201501JI40336,0.075156,51.549487,2,2,2,2015-05-24,1,May,19:09:00,19,1,1,30
201501JI40337,0.112713,51.563115,3,3,1,2015-03-17,3,March,22:35:00,22,1,1,30
201501JI40338,0.026878,51.586122,3,2,1,2015-05-23,7,May,05:18:00,5,1,1,30
201501JI40339,0.068242,51.578296,3,2,2,2015-05-01,6,May,18:50:00,18,1,1,30
201501JI40340,0.092073,51.562945,3,2,1,2015-05-18,2,May,15:30:00,15,1,1,30
201501JI40341,0.08079,51.565484,3,2,1,2015-05-16,7,May,16:15:00,16,1,1,30
201501JI40342,0.079078,51.559579,3,2,1,2015-05-20,4,May,19:00:00,19,1,1,30
201501JI40344,0.065912,51.565117,3,2,1,2015-05-30,7,May,23:20:00,23,1,1,30
201501JI40345,0.073965,51.551846,3,1,1,2015-05-31,1,May,19:38:00,19,1,1,30
201501JI40346,0.034608,51.591114,3,2,2,2015-06-01,2,June,08:40:00,8,1,1,30
201501JI40347,0.043126,51.600768,3,2,1,2015-02-28,7,February,16:20:00,16,1,1,30
201501JI40348,0.094245,51.575676,3,3,1,2015-05-24,1,May,08:00:00,8,1,1,30
201501JI40349,0.027487,51.58683,3,2,1,2015-05-17,1,May,18:07:00,18,1,1,30
201501JI40350,0.018752,51.559104,3,2,1,2015-05-09,7,May,20:00:00,20,1,1,30
201501JI40351,0.086577,51.594158,3,2,1,2015-05-13,4,May,07:45:00,7,1,1,30
201501JI40352,0.097263,51.609884,3,2,1,2015-05-26,3,May,08:08:00,8,1,1,30
201501JI40354,0.102336,51.557096,3,3,2,2015-05-28,5,May,11:30:00,11,1,1,30
201501JI40355,0.039719,51.582752,3,2,1,2015-05-27,4,May,08:30:00,8,1,1,70
201501JI40356,0.024882,51.563944,3,2,1,2015-05-26,3,May,15:15:00,15,1,1,30
201501JI40357,0.012581,51.599047,3,2,2,2015-05-13,4,May,08:45:00,8,1,1,30
201501JI40358,0.04927,51.589689,3,2,2,2015-05-21,5,May,15:51:00,15,1,1,40
201501JI40359,0.028325,51.592661,3,1,1,2015-05-19,3,May,10:30:00,10,1,1,30
201501JI40360,0.071946,51.555029,3,3,1,2015-06-03,4,June,12:23:00,12,1,1,30
201501JI40361,0.066172,51.564483,3,2,1,2015-05-16,7,May,00:08:00,0,1,2,30
201501JI40362,0.107907,51.555917,3,2,1,2015-05-24,1,May,16:15:00,16,9,1,30
201501JI40363,0.029459,51.576005,3,1,1,2015-05-31,1,May,05:33:00,5,2,2,40
201501JI40364,0.066108,51.575815,3,1,1,2015-05-27,4,May,17:40:00,17,1,1,30
201501JI40365,0.080106,51.569453,3,2,1,2015-05-29,6,May,12:50:00,12,2,2,20
201501JI40366,0.110429,51.566753,3,2,3,2015-04-22,4,April,13:55:00,13,1,1,30
201501JI40367,0.12241,51.576159,3,1,1,2015-05-21,5,May,17:10:00,17,1,1,30
201501JI40368,0.058455,51.591687,3,2,1,2015-06-05,6,June,09:50:00,9,1,1,30
201501JI40369,0.067142,51.576337,3,1,1,2015-06-06,7,June,02:25:00,2,1,1,50
201501JI40371,0.054191,51.60597,3,1,1,2015-05-14,5,May,10:08:00,10,1,1,30
201501JI40372,0.050919,51.57824,3,3,1,2015-05-30,7,May,18:19:00,18,1,1,30
201501JI40373,0.06515,51.564232,3,2,1,2015-05-29,6,May,20:25:00,20,1,1,30
201501JI40375,0.066774,51.55548,3,2,1,2015-05-22,6,May,09:15:00,9,1,1,30
201501JI40376,0.08466,51.593293,3,1,1,2015-06-05,6,June,11:05:00,11,1,1,30
201501JI40377,0.083607,51.573437,2,1,1,2015-05-30,7,May,12:47:00,12,1,1,40
201501JI40378,0.042814,51.558418,3,4,1,2015-06-06,7,June,15:00:00,15,1,1,30
201501JI40379,0.074013,51.581431,2,1,1,2015-06-05,6,June,10:00:00,10,1,1,30
201501JI40380,0.052268,51.576148,3,2,2,2015-05-30,7,May,16:35:00,16,1,1,40
201501JI40381,0.093222,51.559687,3,1,1,2015-06-01,2,June,08:05:00,8,1,1,30
201501JI40382,0.06671,51.576344,3,2,1,2015-06-03,4,June,07:45:00,7,1,1,30
201501JI40383,0.015168,51.595496,2,1,1,2015-06-10,4,June,14:10:00,14,1,1,30
201501JI40385,0.022061,51.594658,3,2,1,2015-06-07,1,June,22:41:00,22,1,1,30
201501JI40386,0.095275,51.604344,3,2,1,2015-06-02,3,June,14:33:00,14,1,1,30
201501JI40387,0.033162,51.597523,3,2,1,2015-06-04,5,June,19:10:00,19,1,1,30
201501JI40388,0.080655,51.587788,3,2,1,2015-05-25,2,May,15:50:00,15,9,1,30
201501JI40389,0.093716,51.55788,3,2,1,2015-05-26,3,May,17:00:00,17,1,1,30
201501JI40390,0.069927,51.558212,3,2,1,2015-05-28,5,May,10:36:00,10,1,1,30
201501JI40392,0.119311,51.568482,3,2,1,2015-06-05,6,June,23:08:00,23,1,1,30
201501JI40393,0.066565,51.576347,3,2,2,2015-05-15,6,May,11:57:00,11,1,1,30
201501JI40394,0.025665,51.584794,3,2,1,2015-06-08,2,June,12:15:00,12,1,1,30
201501JI40396,0.137914,51.602047,3,2,1,2015-06-04,5,June,17:46:00,17,1,1,30
201501JI40398,0.081915,51.590104,3,1,1,2015-06-13,7,June,09:45:00,9,1,1,30
201501JI40399,0.092349,51.565818,3,1,1,2015-06-13,7,June,13:11:00,13,1,1,30
201501JI40400,0.128228,51.570928,3,2,1,2015-06-11,5,June,00:05:00,0,1,1,30
201501JI40401,0.078069,51.54377,3,2,1,2015-06-13,7,June,14:38:00,14,1,1,30
201501JI40402,0.067284,51.563564,3,2,1,2015-06-08,2,June,16:09:00,16,1,1,30
201501JI40403,0.083755,51.573525,2,3,1,2015-06-12,6,June,15:24:00,15,1,1,40
201501JI40404,0.063909,51.559128,3,3,1,2015-06-09,3,June,08:05:00,8,1,1,30
201501JI40406,0.061836,51.561142,3,2,1,2015-06-15,2,June,18:35:00,18,1,1,30
201501JI40407,0.117351,51.582186,3,2,1,2015-05-26,3,May,16:35:00,16,1,1,30
201501JI40408,0.05704,51.569949,3,1,1,2015-06-16,3,June,15:15:00,15,1,1,30
201501JI40409,0.069594,51.557229,2,1,1,2015-04-11,7,April,01:48:00,1,1,1,30
201501JI40410,0.02842,51.60453,3,2,17,2015-06-16,3,June,17:35:00,17,1,1,30
201501JI40412,0.064195,51.571802,3,2,3,2015-06-20,7,June,18:00:00,18,1,2,30
201501JI40414,0.035878,51.593699,3,1,1,2015-06-21,1,June,17:06:00,17,1,1,30
201501JI40416,0.036043,51.594146,3,2,1,2015-06-12,6,June,14:15:00,14,1,1,50
201501JI40417,0.117499,51.582273,3,3,2,2015-06-08,2,June,18:30:00,18,1,1,50
201501JI40418,0.060224,51.576548,3,1,1,2015-06-21,1,June,14:14:00,14,1,1,40
201501JI40419,0.062713,51.590083,2,2,1,2015-06-15,2,June,15:45:00,15,1,1,30
201501JI40420,0.084461,51.566858,3,2,1,2015-06-20,7,June,18:33:00,18,1,2,30
201501JI40421,0.092862,51.595844,3,1,1,2015-06-22,2,June,08:42:00,8,1,1,30
201501JI40425,0.06986,51.559922,3,2,1,2015-06-19,6,June,16:42:00,16,1,1,30
201501JI40426,0.021549,51.589631,3,2,1,2015-06-22,2,June,00:13:00,0,1,1,30
201501JI40427,0.060322,51.55955,3,2,2,2015-06-26,6,June,10:54:00,10,1,1,50
201501JI40429,0.099696,51.578097,3,2,2,2015-06-26,6,June,13:02:00,13,1,1,40
201501JI40430,0.095994,51.560357,3,2,2,2015-06-04,5,June,15:40:00,15,1,1,30
201501JI40432,0.110429,51.566753,2,1,1,2015-06-15,2,June,15:10:00,15,1,1,40
201501JI40433,0.097544,51.6097,3,2,1,2015-05-07,5,May,19:47:00,19,1,1,30
201501JI40434,0.020513,51.598821,3,2,1,2015-06-06,7,June,09:45:00,9,1,1,30
201501JI40435,0.037614,51.593759,3,2,1,2015-06-07,1,June,07:24:00,7,1,1,30
201501JI40436,0.119167,51.568484,3,2,1,2015-06-15,2,June,18:00:00,18,1,1,30
201501JI40438,0.082109,51.588032,3,1,1,2015-06-18,5,June,12:15:00,12,1,1,30
201501JI40439,0.104599,51.565509,3,1,1,2015-06-29,2,June,08:17:00,8,1,1,30
201501JI40440,0.054566,51.572691,3,1,1,2015-06-29,2,June,18:10:00,18,1,1,30
201501JI40441,0.06008,51.576551,3,3,1,2015-06-11,5,June,07:16:00,7,1,1,40
201501JI40442,0.107953,51.566258,3,1,1,2015-06-23,3,June,23:03:00,23,1,1,30
201501JI40443,0.042978,51.60068,3,2,1,2015-06-18,5,June,18:47:00,18,1,1,30
201501JI40444,0.023407,51.569725,3,2,1,2015-06-10,4,June,20:20:00,20,1,1,30
201501JI40445,0.114431,51.578372,3,2,1,2015-06-24,4,June,08:30:00,8,1,1,30
201501JI40446,0.09178,51.562861,3,3,2,2015-05-11,2,May,18:55:00,18,1,1,30
201501JI40447,0.081778,51.596581,3,2,1,2015-05-12,3,May,18:18:00,18,1,1,30
201501JI40449,0.046161,51.591182,3,2,1,2015-06-27,7,June,11:25:00,11,1,1,40
201501JI40450,0.076793,51.556922,3,2,1,2015-07-02,5,July,15:40:00,15,1,1,30
201501JI40452,0.08699,51.565374,3,2,1,2015-07-03,6,July,08:49:00,8,1,1,30
201501JI40453,0.040888,51.592713,3,2,1,2015-07-04,7,July,09:50:00,9,1,1,40
201501JI40454,0.095323,51.564596,2,2,1,2015-07-02,5,July,15:25:00,15,1,1,30
201501JI40455,0.083603,51.573348,2,1,1,2015-07-05,1,July,17:00:00,17,1,1,30
201501JI40456,0.082744,51.560863,3,3,1,2015-06-13,7,June,15:40:00,15,1,1,30
201501JI40457,0.089157,51.574868,3,2,2,2015-06-11,5,June,19:35:00,19,1,1,50
201501JI40459,0.093856,51.557788,3,1,1,2015-06-10,4,June,10:35:00,10,1,1,30
201501JI40460,0.049813,51.576101,3,2,2,2015-07-06,2,July,21:22:00,21,1,1,40
201501JI40461,0.11028,51.566666,2,2,1,2015-07-05,1,July,18:10:00,18,1,1,30
201501JI40463,0.082173,51.573643,3,2,1,2015-06-22,2,June,02:25:00,2,1,2,40
201501JI40464,0.079872,51.586453,3,1,1,2015-06-30,3,June,13:13:00,13,1,1,30
201501JI40466,0.0661,51.575636,3,3,2,2015-07-12,1,July,14:25:00,14,1,1,30
201501JI40467,0.091768,51.565738,3,2,2,2015-06-28,1,June,14:30:00,14,1,1,30
201501JI40468,0.034685,51.602533,3,1,1,2015-05-19,3,May,16:30:00,16,1,1,30
201501JI40469,0.053552,51.579003,3,3,1,2015-06-24,4,June,15:50:00,15,1,1,30
201501JI40470,0.023005,51.576926,3,2,1,2015-07-04,7,July,19:10:00,19,1,1,30
201501JI40471,0.11574,51.56306,3,2,1,2015-07-07,3,July,20:35:00,20,1,1,30
201501JI40472,0.067284,51.563564,3,1,1,2015-07-01,4,July,08:10:00,8,1,1,30
201501JI40473,0.114604,51.563441,3,1,1,2015-07-13,2,July,09:10:00,9,2,2,30
201501JI40474,0.084117,51.581432,3,2,1,2015-07-05,1,July,14:50:00,14,1,1,30
201501JI40476,0.057996,51.581533,3,2,1,2015-06-14,1,June,17:40:00,17,1,1,30
201501JI40477,0.066376,51.575361,3,1,1,2015-06-21,1,June,13:52:00,13,1,1,30
201501JI40478,0.064648,51.572244,3,2,2,2015-06-26,6,June,14:00:00,14,1,1,30
201501JI40480,0.086925,51.548199,3,2,1,2015-06-30,3,June,18:50:00,18,1,1,30
201501JI40481,0.081549,51.559985,3,1,1,2015-07-02,5,July,14:30:00,14,1,1,30
201501JI40483,0.114506,51.564432,3,2,1,2015-06-17,4,June,15:00:00,15,1,1,30
201501JI40484,0.095467,51.564593,3,2,1,2015-06-24,4,June,18:17:00,18,1,1,30
201501JI40485,0.079078,51.559579,3,2,1,2015-07-14,3,July,07:45:00,7,2,2,30
201501JI40486,0.083587,51.569841,3,1,1,2015-06-17,4,June,15:45:00,15,9,1,30
201501JI40487,0.060224,51.576548,3,2,5,2015-06-21,1,June,00:04:00,0,1,1,30
201501JI40488,0.110924,51.568093,3,2,1,2015-07-06,2,July,10:46:00,10,1,1,30
201501JI40490,0.083888,51.566958,3,2,2,2015-07-04,7,July,20:50:00,20,1,1,30
201501JI40491,0.066561,51.576257,3,2,1,2015-07-15,4,July,11:40:00,11,8,2,40
201501JI40492,0.070249,51.587523,3,2,3,2015-06-27,7,June,11:15:00,11,1,1,30
201501JI40493,0.07826,51.554288,3,2,1,2015-06-30,3,June,20:20:00,20,1,1,30
201501JI40494,0.11457,51.612452,3,2,1,2015-07-01,4,July,08:50:00,8,1,1,30
201501JI40496,0.073282,51.5622,3,2,1,2015-07-05,1,July,19:29:00,19,1,1,30
201501JI40497,0.061809,51.579668,3,2,3,2015-07-12,1,July,00:10:00,0,1,1,40
201501JI40498,0.048601,51.571626,3,2,1,2015-07-19,1,July,19:00:00,19,1,1,40
201501JI40499,0.08696,51.602514,3,2,6,2015-07-18,7,July,16:47:00,16,1,1,30
201501JI40500,0.105703,51.608115,3,1,1,2015-07-05,1,July,17:00:00,17,1,1,30
201501JI40501,0.084363,51.596265,3,3,1,2015-07-09,5,July,11:10:00,11,1,1,30
201501JI40502,0.041176,51.592708,3,2,1,2015-07-10,6,July,16:35:00,16,1,1,50
201501JI40503,0.037461,51.593582,3,2,1,2015-06-29,2,June,00:25:00,0,1,1,30
201501JI40504,0.045178,51.575732,3,2,1,2015-06-28,1,June,17:30:00,17,1,1,30
201501JI40505,0.087995,51.558971,3,2,1,2015-07-16,5,July,08:40:00,8,1,1,30
201501JI40506,0.065896,51.564758,3,2,1,2015-07-07,3,July,19:30:00,19,1,1,30
201501JI40507,0.024054,51.581044,2,1,1,2015-07-21,3,July,08:10:00,8,1,1,30
201501JI40508,0.048218,51.604815,3,2,1,2015-07-12,1,July,22:35:00,22,1,1,30
201501JI40509,0.073693,51.55221,3,2,1,2015-07-20,2,July,22:11:00,22,1,1,30
201501JI40510,0.101102,51.564762,3,2,1,2015-07-12,1,July,14:15:00,14,1,1,30
201501JI40511,0.080124,51.56037,3,2,1,2015-07-13,2,July,15:10:00,15,1,2,30
201501JI40512,0.072245,51.5838,3,1,1,2015-07-06,2,July,21:15:00,21,1,1,30
201501JI40513,0.078048,51.562295,3,1,2,2015-07-24,6,July,16:16:00,16,2,2,30
201501JI40514,0.082975,51.588017,3,2,1,2015-07-14,3,July,08:10:00,8,2,2,30
201501JI40515,0.069943,51.558572,3,2,2,2015-07-25,7,July,19:17:00,19,1,1,30
201501JI40516,0.083748,51.604909,3,2,1,2015-07-14,3,July,07:56:00,7,2,2,30
201501JI40517,0.020112,51.599547,3,2,1,2015-07-13,2,July,08:08:00,8,2,2,30
201501JI40518,0.075068,51.566575,3,1,1,2015-07-15,4,July,14:27:00,14,1,1,30
201501JI40519,0.073961,51.551756,3,2,2,2015-07-17,6,July,23:00:00,23,1,1,30
201501JI40520,0.074621,51.550396,2,1,1,2015-07-19,1,July,20:35:00,20,1,1,30
201501JI40521,0.037461,51.593582,3,2,1,2015-07-14,3,July,17:50:00,17,1,1,30
201501JI40522,0.052557,51.576143,3,4,3,2015-07-18,7,July,18:50:00,18,1,1,50
201501JI40523,0.066457,51.554856,3,2,2,2015-07-18,7,July,20:50:00,20,1,1,40
201501JI40525,0.02477,51.593892,3,2,1,2015-07-15,4,July,11:30:00,11,9,2,30
201501JI40526,0.096434,51.560529,3,2,2,2015-07-22,4,July,16:10:00,16,1,1,30
201501JI40528,0.071938,51.554849,3,2,2,2015-07-04,7,July,22:30:00,22,1,1,30
201501JI40529,0.090322,51.562527,3,1,1,2015-07-09,5,July,08:20:00,8,1,1,30
201501JI40530,0.099487,51.561014,3,2,1,2015-07-10,6,July,20:00:00,20,1,1,30
201501JI40531,0.072626,51.554118,3,1,1,2015-07-16,5,July,23:30:00,23,1,1,30
201501JI40532,0.010094,51.595043,2,2,2,2015-07-17,6,July,18:05:00,18,1,1,30
201501JI40533,0.024697,51.566286,3,2,1,2015-07-27,2,July,09:55:00,9,8,2,30
201501JI40534,0.102704,51.549446,3,1,1,2015-07-30,5,July,19:15:00,19,1,1,30
201501JI40535,0.058455,51.591687,3,2,1,2015-07-28,3,July,20:50:00,20,2,2,30
201501JI40536,0.037602,51.59349,2,1,1,2015-08-03,2,August,16:35:00,16,1,1,30
201501JI40537,0.065857,51.576629,3,2,1,2015-08-04,3,August,10:00:00,10,1,1,30
201501JI40538,0.065849,51.576449,3,2,1,2015-07-26,1,July,07:00:00,7,1,1,30
201501JI40539,0.081915,51.590104,3,2,1,2015-07-26,1,July,15:10:00,15,1,1,30
201501JI40540,0.074625,51.550485,3,1,1,2015-06-03,4,June,12:00:00,12,1,1,30
201501JI40542,0.058001,51.568854,3,1,1,2015-08-05,4,August,21:15:00,21,2,2,30
201501JI40543,0.116999,51.580843,3,2,1,2015-08-03,2,August,16:18:00,16,1,1,30
201501JI40545,0.048601,51.571626,3,2,1,2015-08-06,5,August,19:00:00,19,1,1,40
201501JI40547,0.054335,51.605967,3,2,2,2015-07-31,6,July,16:05:00,16,1,1,30
201501JI40548,0.042739,51.576045,3,2,1,2015-06-30,3,June,23:15:00,23,1,1,30
201501JI40549,0.08187,51.563846,3,2,1,2015-08-07,6,August,09:42:00,9,1,1,30
201501JI40550,0.075406,51.567648,3,2,1,2015-07-25,7,July,17:30:00,17,1,1,30
201501JI40551,0.023595,51.573948,3,2,1,2015-07-30,5,July,09:35:00,9,1,1,30
201501JI40552,0.072749,51.556813,3,2,1,2015-07-23,5,July,18:30:00,18,1,1,40
201501JI40554,0.0208,51.608528,3,1,1,2015-07-30,5,July,20:45:00,20,1,1,30
201501JI40555,0.070071,51.55821,3,2,2,2015-07-27,2,July,11:20:00,11,1,1,30
201501JI40556,0.078786,51.559494,3,2,1,2015-06-23,3,June,11:30:00,11,1,1,30
201501JI40557,0.073188,51.572813,3,2,1,2015-08-03,2,August,15:05:00,15,1,1,30
201501JI40558,0.023005,51.580163,2,2,4,2015-07-31,6,July,19:56:00,19,1,1,30
201501JI40559,0.018596,51.558837,3,2,2,2015-08-13,5,August,14:55:00,14,1,1,30
201501JI40561,0.138054,51.601954,3,2,2,2015-08-07,6,August,11:07:00,11,1,1,30
201501JI40562,0.082602,51.573545,3,2,6,2015-08-08,7,August,23:20:00,23,1,1,40
201501JI40563,0.083703,51.566062,3,2,3,2015-08-07,6,August,22:20:00,22,1,1,30
201501JI40564,0.103541,51.580096,3,3,2,2015-07-28,3,July,17:29:00,17,1,1,50
201501JI40565,0.039907,51.615931,3,2,1,2015-08-07,6,August,08:16:00,8,1,1,30
201501JI40566,0.126736,51.610073,3,2,2,2015-08-08,7,August,14:30:00,14,1,1,40
201501JI40567,0.086177,51.588589,3,2,1,2015-08-03,2,August,01:00:00,1,1,1,30
201501JI40568,0.07291,51.579382,3,2,2,2015-08-04,3,August,22:30:00,22,1,1,30
201501JI40569,0.07012,51.559288,3,1,1,2015-08-08,7,August,20:32:00,20,1,1,30
201501JI40573,0.095654,51.546694,3,2,1,2015-08-03,2,August,12:59:00,12,1,1,30
201501JI40574,0.048894,51.571711,3,2,1,2015-08-12,4,August,17:00:00,17,1,1,50
201501JI40575,0.065416,51.576457,3,2,2,2015-08-13,5,August,17:31:00,17,1,2,40
201501JI40576,0.065949,51.556394,3,2,1,2015-08-02,1,August,12:00:00,12,1,1,40
201501JI40577,0.023435,51.573591,3,4,1,2015-08-06,5,August,15:30:00,15,1,1,40
201501JI40578,0.082254,51.58803,3,2,2,2015-08-13,5,August,19:00:00,19,1,1,30
201501JI40579,0.065385,51.556674,3,2,1,2015-08-12,4,August,14:15:00,14,1,1,40
201501JI40580,0.073774,51.557155,3,2,1,2015-08-18,3,August,17:20:00,17,1,1,40
201501JI40581,0.089878,51.574855,3,2,2,2015-08-21,6,August,10:28:00,10,1,1,40
201501JI40584,0.042887,51.576132,3,2,1,2015-08-03,2,August,12:50:00,12,1,1,40
201501JI40585,0.110176,51.56442,3,2,1,2015-08-21,6,August,06:45:00,6,1,1,30
201501JI40586,0.065564,51.576544,3,3,3,2015-08-19,4,August,14:19:00,14,1,1,40
201501JI40587,0.082076,51.565191,3,2,1,2015-08-16,1,August,21:00:00,21,1,1,20
201501JI40588,0.078113,51.582707,3,2,2,2015-08-18,3,August,15:07:00,15,1,1,30
201501JI40589,0.090763,51.562699,3,1,1,2015-05-29,6,May,18:54:00,18,1,1,30
201501JI40590,0.071575,51.556385,3,1,1,2015-08-10,2,August,13:52:00,13,1,1,40
201501JI40591,0.088905,51.553649,3,3,1,2015-08-11,3,August,18:00:00,18,2,2,30
201501JI40592,0.018764,51.57565,3,2,1,2015-08-13,5,August,19:13:00,19,1,1,30
201501JI40593,0.0973,51.563661,3,2,1,2015-08-14,6,August,14:46:00,14,1,2,30
201501JI40594,0.04004,51.583465,3,2,1,2015-08-18,3,August,08:15:00,8,1,1,50
201501JI40595,0.056492,51.570589,3,1,1,2015-08-18,3,August,19:50:00,19,1,1,30
201501JI40596,0.11502,51.563073,2,1,1,2015-07-27,2,July,11:45:00,11,1,1,30
201501JI40597,0.137909,51.601957,3,2,2,2015-08-19,4,August,16:26:00,16,1,1,30
201501JI40598,0.037872,51.576939,3,2,1,2015-06-26,6,June,18:29:00,18,1,1,40
201501JI40602,0.084424,51.600761,2,1,1,2015-08-17,2,August,11:15:00,11,1,1,30
201501JI40603,0.046095,51.573648,2,2,1,2015-07-08,4,July,18:19:00,18,1,1,50
201501JI40605,0.069363,51.577556,3,2,3,2015-07-28,3,July,18:30:00,18,1,1,30
201501JI40606,0.077525,51.544499,3,2,1,2015-08-31,2,August,20:30:00,20,1,2,30
201501JI40607,0.078741,51.574333,3,2,4,2015-08-26,4,August,21:53:00,21,1,1,40
201501JI40608,0.055841,51.575366,3,2,1,2015-08-22,7,August,01:01:00,1,1,1,30
201501JI40610,0.110429,51.566753,3,2,1,2015-08-24,2,August,18:00:00,18,2,2,30
201501JI40611,-0.017693,51.59021,3,2,1,2015-08-25,3,August,12:00:00,12,1,1,30
201501JI40612,0.084046,51.592494,3,1,1,2015-08-19,4,August,15:30:00,15,1,1,30
201501JI40613,0.105909,51.565755,3,3,1,2015-08-22,7,August,19:14:00,19,1,1,30
201501JI40614,0.084664,51.593382,3,1,1,2015-08-25,3,August,15:20:00,15,1,1,30
201501JI40615,0.07826,51.554288,2,2,1,2015-08-29,7,August,19:55:00,19,2,2,30
201501JI40616,0.066352,51.574822,3,2,2,2015-08-31,2,August,01:00:00,1,2,2,30
201501JI40618,0.098073,51.577316,2,2,2,2015-08-14,6,August,17:58:00,17,2,2,40
201501JI40619,0.079194,51.577922,2,2,1,2015-09-02,4,September,12:50:00,12,1,1,30
201501JI40620,0.06671,51.576344,3,3,1,2015-09-02,4,September,18:22:00,18,1,1,30
201501JI40621,0.082525,51.590813,3,2,1,2015-08-31,2,August,12:00:00,12,2,2,30
201501JI40622,0.047072,51.572912,3,3,1,2015-09-07,2,September,08:10:00,8,1,1,50
201501JI40623,0.069407,51.578545,3,2,4,2015-09-10,5,September,12:00:00,12,1,1,30
201501JI40625,0.070104,51.558928,3,2,1,2015-08-15,7,August,15:28:00,15,1,1,30
201501JI40626,0.049727,51.570977,3,2,1,2015-09-05,7,September,12:00:00,12,1,1,50
201501JI40627,0.110457,51.607849,3,2,1,2015-07-04,7,July,11:43:00,11,1,1,30
201501JI40628,0.038939,51.587891,3,2,1,2015-09-11,6,September,10:25:00,10,1,1,30
201501JI40629,0.106952,51.566456,3,1,1,2015-08-16,1,August,16:50:00,16,1,1,30
201501JI40630,0.066104,51.575725,3,3,1,2015-09-11,6,September,16:00:00,16,1,1,30
201501JI40631,0.0944,51.563353,3,2,1,2015-09-12,7,September,23:40:00,23,1,1,30
201501JI40632,0.023743,51.574036,3,2,1,2015-09-05,7,September,14:45:00,14,1,1,30
201501JI40633,0.089593,51.56236,3,2,1,2015-08-30,1,August,14:00:00,14,1,1,30
201501JI40634,0.066417,51.576259,3,2,1,2015-08-29,7,August,23:05:00,23,1,1,30
201501JI40635,0.115344,51.582492,3,2,1,2015-09-14,2,September,20:40:00,20,1,1,30
201501JI40636,0.103434,51.56526,3,4,1,2015-09-11,6,September,10:37:00,10,1,1,30
201501JI40638,0.018915,51.595341,3,2,1,2015-08-29,7,August,17:20:00,17,2,2,50
201501JI40639,0.086623,51.566819,3,2,1,2015-09-11,6,September,18:37:00,18,1,1,30
201501JI40640,0.043007,51.57559,3,2,1,2015-09-02,4,September,10:58:00,10,1,1,30
201501JI40641,0.018179,51.604796,3,2,1,2015-09-07,2,September,08:10:00,8,1,1,30
201501JI40642,0.066237,51.565921,3,1,1,2015-06-17,4,June,15:55:00,15,1,1,30
201501JI40643,0.032705,51.603466,3,1,1,2015-09-13,1,September,13:30:00,13,1,1,30
201501JI40644,0.105142,51.608484,3,1,1,2015-09-08,3,September,09:50:00,9,1,1,30
201501JI40645,0.057154,51.607627,3,2,3,2015-09-16,4,September,10:15:00,10,1,1,30
201501JI40648,0.102381,51.570585,3,1,1,2015-07-27,2,July,17:30:00,17,1,1,30
201501JI40649,0.056385,51.581022,3,2,1,2015-09-04,6,September,09:49:00,9,1,1,30
201501JI40651,0.031911,51.595387,3,2,1,2015-09-11,6,September,11:13:00,11,1,1,50
201501JI40654,0.085232,51.552186,3,2,3,2015-09-21,2,September,16:00:00,16,1,1,30
201501JI40655,0.07826,51.554288,3,2,1,2015-09-22,3,September,11:06:00,11,1,1,30
201501JI40656,0.101218,51.582925,3,2,1,2015-09-22,3,September,19:30:00,19,1,1,30
201501JI40657,0.020367,51.572745,3,2,1,2015-09-20,1,September,07:45:00,7,1,1,30
201501JI40658,0.092068,51.603682,3,1,1,2015-09-16,4,September,08:24:00,8,2,2,30
201501JI40659,0.082615,51.595937,3,2,1,2015-08-28,6,August,14:30:00,14,1,1,30
201501JI40660,0.109263,51.566504,3,2,1,2015-09-18,6,September,15:50:00,15,1,1,30
201501JI40661,0.056492,51.570589,3,2,1,2015-09-17,5,September,08:45:00,8,1,1,30
201501JI40662,0.025293,51.615375,3,1,1,2015-09-20,1,September,22:20:00,22,1,1,30
201501JI40663,0.095327,51.564686,3,2,1,2015-09-24,5,September,22:45:00,22,1,1,30
201501JI40664,0.062285,51.561494,3,2,2,2015-09-13,1,September,11:20:00,11,1,1,30
201501JI40665,0.062346,51.591529,2,2,1,2015-09-21,2,September,19:07:00,19,1,1,30
201501JI40666,0.121748,51.605308,3,2,1,2015-09-23,4,September,09:18:00,9,1,1,30
201501JI40667,0.083473,51.56103,3,2,1,2015-09-24,5,September,16:30:00,16,1,1,30
201501JI40668,0.039479,51.583835,2,2,1,2015-09-25,6,September,13:04:00,13,1,1,50
201501JI40669,0.064042,51.571625,3,1,1,2015-09-14,2,September,22:25:00,22,1,1,30
201501JI40670,0.059928,51.582758,3,3,1,2015-09-23,4,September,11:43:00,11,1,1,30
201501JI40671,0.071137,51.591194,3,2,1,2015-09-23,4,September,07:35:00,7,1,1,30
201501JI40672,0.067137,51.553945,3,2,1,2015-09-17,5,September,05:51:00,5,2,2,50
201501JI40673,0.043796,51.577105,3,2,2,2015-09-16,4,September,14:15:00,14,1,1,30
201501JI40674,0.09351,51.559682,3,1,1,2015-09-29,3,September,13:10:00,13,1,1,30
201501JI40675,0.094729,51.557952,3,2,2,2015-07-20,2,July,14:05:00,14,1,1,30
201501JI40676,0.067764,51.551866,3,2,1,2015-09-23,4,September,12:25:00,12,1,1,50
201501JI40677,0.099342,51.561017,3,2,3,2015-10-02,6,October,21:36:00,21,1,1,30
201501JI40678,0.053455,51.586469,3,3,2,2015-09-20,1,September,12:10:00,12,1,1,30
201501JI40679,0.129809,51.570809,3,1,1,2015-10-04,1,October,12:15:00,12,1,1,30
201501JI40680,0.043606,51.598601,3,2,1,2015-09-23,4,September,12:45:00,12,1,1,70
201501JI40681,0.083789,51.564801,3,2,2,2015-07-17,6,July,12:15:00,12,1,1,30
201501JI40682,0.069141,51.575852,3,1,1,2015-09-25,6,September,10:30:00,10,1,1,30
201501JI40683,0.112505,51.57418,3,2,4,2015-10-09,6,October,22:15:00,22,1,1,30
201501JI40684,0.036801,51.601417,3,2,2,2015-10-01,5,October,08:30:00,8,1,1,30
201501JI40685,0.084669,51.58403,3,2,2,2015-09-28,2,September,21:55:00,21,1,1,30
201501JI40686,0.030228,51.59002,3,1,1,2015-10-01,5,October,12:23:00,12,1,1,30
201501JI40687,0.129683,51.568114,3,1,1,2015-10-01,5,October,19:00:00,19,1,1,30
201501JI40688,0.07528,51.549035,3,1,1,2015-10-07,4,October,20:59:00,20,1,1,30
201501JI40689,0.035873,51.577423,3,1,1,2015-10-03,7,October,02:40:00,2,1,1,40
201501JI40690,0.046449,51.591177,3,3,2,2015-09-08,3,September,19:50:00,19,1,1,30
201501JI40691,0.12922,51.57055,3,1,1,2015-09-11,6,September,18:20:00,18,1,1,30
201501JI40692,0.075499,51.560182,3,1,1,2015-09-25,6,September,23:20:00,23,1,1,30
201501JI40693,0.065165,51.567738,3,1,1,2015-09-29,3,September,08:05:00,8,1,1,30
201501JI40694,0.064248,51.557053,3,3,3,2015-09-24,5,September,22:45:00,22,1,1,30
201501JI40696,0.095287,51.570082,3,2,1,2015-10-07,4,October,13:00:00,13,1,1,30
201501JI40698,0.083822,51.568668,3,2,1,2015-09-27,1,September,16:50:00,16,1,1,30
201501JI40699,0.032496,51.595557,3,1,1,2015-09-28,2,September,08:20:00,8,1,1,30
201501JI40700,0.099194,51.56093,3,2,1,2015-09-30,4,September,20:16:00,20,1,1,30
201501JI40701,0.02266,51.608136,3,2,2,2015-08-12,4,August,19:50:00,19,1,1,30
201501JI40702,0.084754,51.598507,3,2,2,2015-10-14,4,October,11:00:00,11,1,1,30
201501JI40703,0.08129,51.560619,3,1,1,2015-10-05,2,October,22:52:00,22,2,2,30
201501JI40704,0.108826,51.566422,3,1,1,2015-10-17,7,October,21:24:00,21,1,1,30
201501JI40705,0.044778,51.576459,3,3,3,2015-10-17,7,October,18:47:00,18,1,1,30
201501JI40706,0.044009,51.57863,3,2,3,2015-10-18,1,October,22:00:00,22,1,1,30
201501JI40707,0.075832,51.561165,3,2,1,2015-07-30,5,July,17:45:00,17,1,1,30
201501JI40708,0.110176,51.56442,3,1,1,2015-09-03,5,September,17:00:00,17,1,1,30
201501JI40710,0.05341,51.591865,3,2,1,2015-09-24,5,September,09:35:00,9,1,1,30
201501JI40711,0.081174,51.564398,3,2,3,2015-09-28,2,September,16:30:00,16,1,1,30
201501JI40712,0.086821,51.56169,3,1,1,2015-09-09,4,September,08:30:00,8,1,1,30
201501JI40713,0.099346,51.561107,3,1,1,2015-10-05,2,October,17:43:00,17,2,2,30
201501JI40714,0.069053,51.561195,3,2,1,2015-10-09,6,October,23:25:00,23,1,1,30
201501JI40715,0.081769,51.552157,3,3,2,2015-10-17,7,October,23:30:00,23,1,1,20
201501JI40716,0.11937,51.569739,3,2,1,2015-10-22,5,October,07:49:00,7,1,1,30
201501JI40717,0.058351,51.592588,3,2,1,2015-10-18,1,October,11:51:00,11,1,1,30
201501JI40718,0.069852,51.559742,3,1,1,2015-10-14,4,October,18:51:00,18,1,1,30
201501JI40719,0.079429,51.573602,3,2,1,2015-10-20,3,October,00:25:00,0,1,1,30
201501JI40720,0.084569,51.553457,3,2,1,2015-10-26,2,October,13:28:00,13,1,1,30
201501JI40721,0.066356,51.574912,3,2,1,2015-10-26,2,October,18:03:00,18,1,1,30
201501JI40723,0.065797,51.556217,3,2,1,2015-10-05,2,October,07:50:00,7,1,1,40
201501JI40724,0.109795,51.568653,3,1,1,2015-09-29,3,September,16:39:00,16,1,1,30
201501JI40725,0.089301,51.574865,3,3,2,2015-10-20,3,October,18:35:00,18,1,1,30
201501JI40726,0.096867,51.560522,3,1,1,2015-10-05,2,October,13:50:00,13,1,1,30
201501JI40728,0.085349,51.586266,3,2,3,2015-10-07,4,October,14:10:00,14,1,2,30
201501JI40729,0.12365,51.574878,3,2,1,2015-09-03,5,September,21:22:00,21,1,1,30
201501JI40730,0.058012,51.581893,3,2,1,2015-10-25,1,October,12:35:00,12,1,1,30
201501JI40732,0.066404,51.585522,3,2,1,2015-10-21,4,October,16:45:00,16,1,1,20
201501JI40733,0.055065,51.606135,3,2,1,2015-09-15,3,September,06:50:00,6,1,1,30
201501JI40734,0.083111,51.584687,3,1,1,2015-10-21,4,October,20:00:00,20,1,1,30
201501JI40735,0.085685,51.558922,3,1,1,2015-10-13,3,October,12:00:00,12,1,1,30
201501JI40736,0.048849,51.589967,3,3,1,2015-10-12,2,October,22:25:00,22,1,1,30
201501JI40737,0.044085,51.606056,2,2,1,2015-10-22,5,October,18:30:00,18,1,1,30
201501JI40738,0.079541,51.569733,3,1,1,2015-10-28,4,October,13:00:00,13,1,1,30
201501JI40739,0.019322,51.601269,3,2,3,2015-10-29,5,October,19:34:00,19,2,2,30
201501JI40740,0.039972,51.581938,3,2,2,2015-10-01,5,October,12:32:00,12,1,1,50
201501JI40741,0.119443,51.580619,3,1,1,2015-10-08,5,October,12:30:00,12,1,1,30
201501JI40742,0.021236,51.57282,3,2,2,2015-10-30,6,October,07:50:00,7,2,2,40
201501JI40743,0.119489,51.612633,3,1,1,2015-09-29,3,September,08:00:00,8,1,1,30
201501JI40744,0.066417,51.576259,3,2,1,2015-10-16,6,October,18:10:00,18,1,1,30
201501JI40745,0.043274,51.600855,3,2,1,2015-10-31,7,October,13:15:00,13,1,1,30
201501JI40746,0.050568,51.580045,3,2,1,2015-07-13,2,July,18:06:00,18,1,1,30
201501JI40747,0.0829,51.564277,3,2,1,2015-09-27,1,September,16:21:00,16,1,1,30
201501JI40748,0.045182,51.575822,3,2,2,2015-10-13,3,October,17:00:00,17,1,1,30
201501JI40749,0.017898,51.604981,3,2,1,2015-10-24,7,October,21:24:00,21,1,2,30
201501JI40750,0.02565,51.574722,3,2,1,2015-10-29,5,October,18:45:00,18,2,2,30
201501JI40751,0.095607,51.564501,3,1,1,2015-10-21,4,October,18:03:00,18,1,1,30
201501JI40752,0.06641,51.557015,3,2,2,2015-10-28,4,October,12:15:00,12,1,1,30
201501JI40753,0.020365,51.598734,3,2,2,2015-11-03,3,November,15:50:00,15,1,1,30
201501JI40754,0.120703,51.579787,3,1,1,2015-11-03,3,November,18:50:00,18,1,1,30
201501JI40755,0.076594,51.546224,3,2,1,2015-10-26,2,October,19:15:00,19,1,1,30
201501JI40757,0.094556,51.554178,2,2,4,2015-11-07,7,November,15:15:00,15,1,2,30
201501JI40758,0.025447,51.596128,3,3,3,2015-10-17,7,October,15:15:00,15,1,1,50
201501JI40759,0.023981,51.56315,2,1,1,2015-10-20,3,October,08:30:00,8,1,1,30
201501JI40760,0.065132,51.576552,3,2,1,2015-11-01,1,November,09:34:00,9,1,1,30
201501JI40765,0.02947,51.611885,3,3,1,2015-11-05,5,November,12:01:00,12,1,1,30
201501JI40766,0.069856,51.559832,3,1,1,2015-09-26,7,September,19:15:00,19,1,1,30
201501JI40767,0.046772,51.575884,2,2,1,2015-11-02,2,November,08:00:00,8,1,1,40
201501JI40768,0.082739,51.563921,3,1,1,2015-11-06,6,November,18:00:00,18,1,1,30
201501JI40769,0.078621,51.559048,3,2,1,2015-11-13,6,November,14:45:00,14,1,1,30
201501JI40770,0.043755,51.598688,3,1,1,2015-11-14,7,November,22:48:00,22,2,2,70
201501JI40771,0.075665,51.582841,3,2,3,2015-11-14,7,November,18:13:00,18,2,2,30
201501JI40773,0.085232,51.552186,3,2,1,2015-11-11,4,November,22:40:00,22,1,1,30
201501JI40776,0.02718,51.576674,3,1,1,2015-11-13,6,November,09:12:00,9,1,1,30
201501JI40778,0.093963,51.563271,3,1,1,2015-11-07,7,November,03:00:00,3,1,2,30
201501JI40779,-0.032689,51.59397,3,2,1,2015-10-14,4,October,20:15:00,20,1,1,30
201501JI40780,0.031731,51.594581,3,3,3,2015-11-10,3,November,18:10:00,18,1,1,30
201501JI40782,0.021236,51.57282,3,2,2,2015-10-27,3,October,17:15:00,17,1,1,40
201501JI40783,0.026568,51.605101,3,2,1,2015-10-15,5,October,18:40:00,18,1,1,30
201501JI40785,0.011956,51.597979,3,2,1,2015-11-17,3,November,16:00:00,16,5,2,30
201501JI40786,0.039571,51.582664,3,1,1,2015-11-09,2,November,22:58:00,22,1,1,50
201501JI40787,0.071942,51.554939,3,1,1,2015-11-16,2,November,21:30:00,21,1,1,30
201501JI40789,0.129489,51.567038,3,2,1,2015-11-03,3,November,18:05:00,18,1,1,30
201501JI40790,0.083832,51.587822,3,2,1,2015-11-11,4,November,12:20:00,12,1,1,30
201501JI40791,0.083755,51.573525,3,2,2,2015-11-18,4,November,12:08:00,12,1,1,40
201501JI40792,0.063963,51.573065,3,2,1,2015-10-29,5,October,18:31:00,18,1,2,30
201501JI40793,0.018444,51.55866,3,1,2,2015-11-03,3,November,12:50:00,12,1,1,30
201501JI40794,0.080578,51.557664,3,2,2,2015-11-08,1,November,18:39:00,18,1,1,30
201501JI40795,0.027571,51.591955,3,1,1,2015-11-10,3,November,17:00:00,17,9,1,30
201501JI40796,0.083496,51.571011,3,2,1,2015-11-14,7,November,11:25:00,11,2,2,30
201501JI40797,0.115855,51.602806,3,2,1,2015-11-19,5,November,16:25:00,16,1,1,30
201501JI40798,0.07826,51.554288,3,2,1,2015-09-17,5,September,18:10:00,18,1,1,30
201501JI40800,0.047361,51.576144,3,1,1,2015-11-06,6,November,07:35:00,7,1,1,30
201501JI40801,0.100825,51.605684,3,1,1,2015-09-26,7,September,22:30:00,22,1,1,30
201501JI40802,0.091788,51.553598,3,1,1,2015-11-19,5,November,17:05:00,17,1,1,30
201501JI40803,0.093552,51.566876,3,2,1,2015-11-24,3,November,21:30:00,21,1,1,30
201501JI40804,0.062634,51.591524,2,1,1,2015-11-25,4,November,18:12:00,18,1,1,30
201501JI40805,0.117066,51.582281,3,2,1,2015-10-03,7,October,09:15:00,9,1,1,30
201501JI40806,0.08054,51.56315,3,2,2,2015-10-10,7,October,17:55:00,17,1,1,30
201501JI40807,0.027575,51.592045,3,2,1,2015-09-27,1,September,14:30:00,14,1,1,30
201501JI40808,0.049096,51.60507,3,2,1,2015-10-30,6,October,18:12:00,18,1,1,30
201501JI40809,0.035438,51.593527,3,2,1,2015-11-23,2,November,08:50:00,8,1,1,40
201501JI40810,0.117215,51.582368,3,3,2,2015-11-29,1,November,00:29:00,0,1,1,30
201501JI40812,0.064843,51.576557,3,1,1,2015-11-19,5,November,13:15:00,13,1,1,30
201501JI40813,0.061162,51.558996,3,2,1,2015-11-20,6,November,09:17:00,9,1,1,50
201501JI40814,0.113641,51.564447,3,2,1,2015-11-18,4,November,08:25:00,8,1,1,30
201501JI40815,0.052557,51.576143,2,1,1,2015-11-30,2,November,20:34:00,20,2,2,30
201501JI40816,0.022285,51.593215,3,2,1,2015-12-01,3,December,09:55:00,9,1,1,30
201501JI40821,0.077973,51.566973,3,2,1,2015-11-29,1,November,16:50:00,16,1,1,30
201501JI40825,0.084408,51.600401,3,2,3,2015-11-21,7,November,14:00:00,14,1,1,30
201501JI40826,0.026447,51.618592,3,2,1,2015-11-22,1,November,13:50:00,13,1,1,30
201501JI40828,0.069384,51.574858,3,1,1,2015-11-23,2,November,08:20:00,8,1,1,30
201501JI40830,0.083673,51.56858,3,2,1,2015-11-27,6,November,15:35:00,15,1,1,30
201501JI40831,0.081324,51.574018,3,2,1,2015-12-04,6,December,18:30:00,18,1,1,30
201501JI40832,0.100273,51.578086,3,2,2,2015-12-07,2,December,16:55:00,16,1,1,20
201501JI40833,0.097012,51.563666,3,2,1,2015-07-05,1,July,17:15:00,17,1,1,30
201501JI40835,0.097156,51.563664,3,2,1,2015-12-05,7,December,17:30:00,17,1,1,30
201501JI40836,0.083772,51.573884,3,1,1,2015-12-11,6,December,18:00:00,18,1,2,30
201501JI40837,0.117643,51.582271,3,2,1,2015-11-30,2,November,14:45:00,14,9,1,50
201501JI40839,0.071658,51.555034,3,1,1,2015-12-15,3,December,17:07:00,17,1,1,30
201501JI40840,0.094804,51.562717,3,2,1,2015-11-21,7,November,17:36:00,17,9,1,30
201501JI40841,0.064396,51.557141,3,3,1,2015-11-28,7,November,08:05:00,8,1,1,50
201501JI40842,0.065853,51.576539,3,1,1,2015-11-21,7,November,08:45:00,8,9,1,50
201501JI40844,0.069363,51.577556,3,2,1,2015-11-20,6,November,17:18:00,17,9,1,30
201501JI40845,0.041,51.575895,3,1,1,2015-12-13,1,December,08:42:00,8,1,1,40
201501JI40847,0.087397,51.602596,3,2,1,2015-12-04,6,December,08:02:00,8,1,1,30
201501JI40849,0.109413,51.560387,2,2,1,2015-09-10,5,September,16:30:00,16,9,1,30
201501JI40851,0.094234,51.553464,3,2,2,2015-11-26,5,November,08:48:00,8,1,2,30
201501JI40852,0.138054,51.601954,3,2,2,2015-11-17,3,November,18:30:00,18,4,1,30
201501JI40854,0.042335,51.596015,3,2,3,2015-11-29,1,November,18:10:00,18,5,2,70
201501JI40855,0.019874,51.607195,3,1,1,2015-10-05,2,October,17:15:00,17,1,1,30
201501JI40857,0.04175,51.579749,3,2,1,2015-11-23,2,November,18:08:00,18,1,1,40
201501JI40858,0.045326,51.57582,3,2,1,2015-12-06,1,December,19:10:00,19,1,1,30
201501JI40859,0.044774,51.576369,3,2,2,2015-12-22,3,December,16:45:00,16,1,1,30
201501JI40860,0.110239,51.565767,3,1,1,2015-12-15,3,December,16:15:00,16,1,1,30
201501JI40861,0.04491,51.576187,3,2,1,2015-12-19,7,December,23:32:00,23,1,1,30
201501JI40862,0.04519,51.576002,3,2,2,2015-12-09,4,December,19:30:00,19,1,1,30
201501JI40864,0.020796,51.608438,3,2,1,2015-12-11,6,December,08:30:00,8,1,1,30
201501JI40865,0.084569,51.594463,3,3,2,2015-12-19,7,December,16:00:00,16,1,1,30
201501JI40866,0.049574,51.5708,3,3,1,2015-12-25,6,December,17:11:00,17,2,2,50
201501JI40867,0.129246,51.608139,3,2,1,2015-11-29,1,November,19:40:00,19,4,2,30
201501JI40868,0.048742,51.571533,3,2,1,2015-12-26,7,December,16:17:00,16,1,1,50
201501JI40869,0.068925,51.561557,3,2,2,2015-12-17,5,December,08:15:00,8,1,1,30
201501JI40870,0.080705,51.56045,3,2,2,2015-12-20,1,December,16:45:00,16,1,1,30
201501JI40871,0.041209,51.580567,3,4,3,2015-12-05,7,December,16:00:00,16,1,1,50
201501JI40872,0.109779,51.568294,3,2,2,2015-12-27,1,December,20:00:00,20,1,1,30
201501JI40873,0.024998,51.563313,3,1,1,2015-12-29,3,December,17:40:00,17,1,1,30
201501JI40874,0.116922,51.582284,3,2,1,2015-12-21,2,December,15:45:00,15,1,2,30
201501JI40875,0.044573,51.575113,3,2,1,2015-12-30,4,December,18:50:00,18,2,2,50
201501JI40877,0.071723,51.556472,3,3,1,2015-12-21,2,December,22:50:00,22,1,1,30
201501JI40882,0.019234,51.60253,3,2,1,2015-12-28,2,December,23:05:00,23,1,1,30
201501JI40884,0.090467,51.575114,3,4,4,2015-12-19,7,December,09:10:00,9,1,1,50
201501JI40885,0.058455,51.591687,3,2,1,2015-12-26,7,December,22:30:00,22,1,1,30
201501JI40886,0.068036,51.586483,3,2,2,2015-12-27,1,December,09:10:00,9,1,1,30
201501JI40887,0.086956,51.577245,3,3,1,2015-12-29,3,December,11:36:00,11,1,1,30
201501JI40888,0.046388,51.57697,3,2,1,2015-12-28,2,December,18:50:00,18,1,1,30
201501JI40889,0.109779,51.568294,2,2,1,2015-12-01,3,December,14:15:00,14,1,1,30
201501JI40892,0.084384,51.596715,2,1,1,2015-12-14,2,December,18:00:00,18,2,2,30
201501JI40893,0.081217,51.552707,3,2,2,2015-12-30,4,December,23:15:00,23,1,2,30
201501JI40897,0.075605,51.591025,3,3,4,2015-12-16,4,December,21:00:00,21,1,1,30
201501JI40901,0.102529,51.570672,3,1,1,2015-12-17,5,December,18:20:00,18,2,2,30
201501JI40903,0.019849,51.561063,3,2,2,2015-12-16,4,December,00:45:00,0,2,2,30
201501JI40904,0.102993,51.565088,3,1,1,2015-12-31,5,December,09:40:00,9,1,1,30
201501JI40907,0.076555,51.583365,3,2,1,2015-12-08,3,December,18:20:00,18,1,1,30
201501JI49002,0.074773,51.550573,3,1,1,2015-12-17,5,December,17:00:00,17,1,2,30
201501JI49008,0.085666,51.593185,3,1,1,2015-12-04,6,December,08:30:00,8,1,1,30
201501JI49057,0.028149,51.575758,3,2,1,2015-11-03,3,November,11:05:00,11,1,1,40
201501JI49062,0.022976,51.611998,3,1,1,2015-12-08,3,December,13:05:00,13,1,1,30
201501JI49106,0.117355,51.582276,3,2,2,2015-12-05,7,December,20:00:00,20,1,1,40
201501JI49115,0.075177,51.549936,3,1,1,2015-12-07,2,December,10:00:00,10,1,1,30
201501JI49132,0.055125,51.585091,3,1,1,2015-12-09,4,December,17:00:00,17,1,1,30
201501JI49152,0.063689,51.576577,3,1,1,2015-12-18,6,December,12:59:00,12,1,1,40
201501KD50002,0.2081,51.563427,3,2,1,2015-01-08,5,January,17:20:00,17,1,2,30
201501KD50004,0.218347,51.551633,3,2,1,2015-01-09,6,January,16:45:00,16,1,1,30
201501KD50011,0.179489,51.523314,3,2,2,2015-01-08,5,January,08:35:00,8,2,2,40
201501KD50012,0.166214,51.526078,2,2,4,2015-01-11,1,January,05:55:00,5,1,1,30
201501KD50014,0.174445,51.58384,3,2,1,2015-01-07,4,January,11:50:00,11,1,1,30
201501KD50018,0.271315,51.57535,3,3,1,2015-01-06,3,January,16:30:00,16,1,2,50
201501KD50021,0.183554,51.532951,3,1,1,2015-01-02,6,January,14:30:00,14,1,1,30
201501KD50022,0.233548,51.58219,3,2,1,2015-01-03,7,January,06:54:00,6,1,1,50
201501KD50024,0.212921,51.594361,3,2,2,2015-01-20,3,January,17:45:00,17,1,1,30
201501KD50026,0.17867,51.590686,3,1,1,2015-01-20,3,January,18:05:00,18,1,4,50
201501KD50028,0.169615,51.524846,3,2,1,2015-01-15,5,January,13:15:00,13,1,1,40
201501KD50029,0.219301,51.568251,3,2,2,2015-01-24,7,January,19:38:00,19,1,1,30
201501KD50031,0.246262,51.602901,3,2,2,2015-01-19,2,January,09:15:00,9,1,1,50
201501KD50032,0.179619,51.513959,3,2,1,2015-01-12,2,January,08:10:00,8,4,1,70
201501KD50033,0.161007,51.598746,3,2,1,2015-01-24,7,January,17:10:00,17,1,1,30
201501KD50034,0.176778,51.523904,3,2,1,2015-01-12,2,January,06:25:00,6,1,1,30
201501KD50035,0.159419,51.574405,3,2,1,2015-01-13,3,January,15:32:00,15,1,1,30
201501KD50036,0.189167,51.571785,3,2,2,2015-01-13,3,January,08:24:00,8,1,2,30
201501KD50037,0.209034,51.603517,3,1,1,2015-01-14,4,January,15:30:00,15,1,1,30
201501KD50038,0.172988,51.586564,3,2,1,2015-01-17,7,January,10:40:00,10,2,2,40
201501KD50039,0.169156,51.521257,3,2,1,2015-01-21,4,January,06:02:00,6,1,1,30
201501KD50040,0.226078,51.574058,3,2,2,2015-01-21,4,January,06:20:00,6,1,4,30
201501KD50041,0.223793,51.524281,3,2,1,2015-01-17,7,January,08:35:00,8,1,1,30
201501KD50042,0.170759,51.564034,3,2,2,2015-01-21,4,January,15:00:00,15,2,2,30
201501KD50043,0.19031,51.583544,3,2,1,2015-01-15,5,January,15:15:00,15,1,1,30
201501KD50044,0.183656,51.574226,3,1,1,2015-01-22,5,January,12:17:00,12,1,1,30
201501KD50046,0.17906,51.514329,3,1,1,2015-01-20,3,January,08:55:00,8,1,2,70
201501KD50048,0.16482,51.581769,3,2,2,2015-01-17,7,January,19:10:00,19,1,2,30
201501KD50049,0.24948,51.556975,3,1,1,2015-01-19,2,January,15:50:00,15,1,1,30
201501KD50051,0.280073,51.580216,3,2,1,2015-01-14,4,January,17:00:00,17,1,2,70
201501KD50052,0.25903,51.577925,3,5,1,2015-01-20,3,January,10:40:00,10,1,1,50
201501KD50053,0.231592,51.598234,3,2,3,2015-02-01,1,February,21:02:00,21,1,2,50
201501KD50056,0.257455,51.613118,2,2,1,2015-01-23,6,January,11:15:00,11,1,1,70
201501KD50057,0.180448,51.603692,3,2,1,2015-01-21,4,January,14:40:00,14,1,2,30
201501KD50058,0.251662,51.542724,3,2,2,2015-01-25,1,January,17:15:00,17,1,1,30
201501KD50059,0.183744,51.536904,2,2,2,2015-01-26,2,January,11:00:00,11,1,1,30
201501KD50060,0.225133,51.587206,3,2,1,2015-01-27,3,January,07:47:00,7,1,1,30
201501KD50061,0.18453,51.580415,3,2,1,2015-01-29,5,January,16:50:00,16,1,1,30
201501KD50062,0.175777,51.575452,3,2,1,2015-01-25,1,January,12:48:00,12,1,1,30
201501KD50063,0.174329,51.587439,3,3,1,2015-02-05,5,February,10:45:00,10,1,2,50
201501KD50064,0.190698,51.522566,3,2,1,2015-02-07,7,February,18:05:00,18,1,1,30
201501KD50066,0.165257,51.581851,3,2,1,2015-02-05,5,February,15:14:00,15,1,1,50
201501KD50067,0.181763,51.534693,3,2,1,2015-02-09,2,February,15:45:00,15,1,1,30
201501KD50068,0.184086,51.577186,3,1,1,2015-01-16,6,January,14:55:00,14,1,1,30
201501KD50069,0.177156,51.598268,3,2,1,2015-02-08,1,February,19:00:00,19,1,1,30
201501KD50070,0.199998,51.548021,2,1,1,2015-02-06,6,February,18:35:00,18,1,1,30
201501KD50072,0.222,51.561456,3,2,2,2015-02-14,7,February,19:40:00,19,1,1,30
201501KD50073,0.19503,51.516729,3,2,1,2015-01-14,4,January,10:30:00,10,1,1,30
201501KD50074,0.164671,51.581682,3,2,1,2015-01-14,4,January,19:05:00,19,4,1,40
201501KD50076,0.207169,51.588894,3,2,1,2015-02-04,4,February,17:08:00,17,1,1,30
201501KD50077,0.240444,51.558047,3,3,2,2015-02-15,1,February,10:59:00,10,1,1,30
201501KD50079,0.194872,51.585348,3,3,1,2015-02-17,3,February,12:35:00,12,1,1,30
201501KD50080,0.293865,51.544515,3,1,1,2015-02-15,1,February,02:15:00,2,1,1,30
201501KD50081,0.159419,51.574405,3,2,1,2015-01-28,4,January,08:30:00,8,1,1,30
201501KD50082,0.16992,51.5252,3,2,1,2015-02-12,5,February,17:23:00,17,1,1,30
201501KD50084,0.231745,51.598411,3,1,1,2015-02-04,4,February,18:10:00,18,1,1,30
201501KD50085,0.219951,51.5668,2,1,1,2015-02-12,5,February,19:53:00,19,1,1,30
201501KD50086,0.183977,51.571882,3,2,2,2015-02-07,7,February,19:24:00,19,1,1,30
201501KD50087,0.221767,51.58628,3,2,2,2015-02-10,3,February,08:12:00,8,1,2,30
201501KD50088,0.190087,51.575905,3,2,2,2015-02-19,5,February,18:13:00,18,2,2,30
201501KD50089,0.187894,51.575316,3,2,1,2015-02-18,4,February,19:25:00,19,1,1,30
201501KD50090,0.230391,51.600236,3,2,1,2015-02-19,5,February,08:10:00,8,1,1,30
201501KD50091,0.220316,51.58316,3,2,1,2015-02-11,4,February,09:30:00,9,1,1,30
201501KD50092,0.207529,51.578456,3,2,1,2015-02-19,5,February,08:03:00,8,1,1,30
201501KD50095,0.185566,51.565917,3,2,2,2015-02-25,4,February,11:10:00,11,1,1,30
201501KD50097,0.220867,51.588546,3,2,1,2015-02-25,4,February,19:40:00,19,1,1,30
201501KD50098,0.193033,51.565148,3,1,1,2015-02-09,2,February,16:20:00,16,1,1,30
201501KD50099,0.232579,51.594798,3,2,2,2015-02-25,4,February,12:43:00,12,1,1,30
201501KD50100,0.18716,51.57506,3,2,2,2015-02-27,6,February,19:15:00,19,1,1,30
201501KD50101,0.182,51.533609,3,2,1,2015-02-19,5,February,15:03:00,15,2,2,30
201501KD50102,0.196933,51.589176,3,2,1,2015-02-21,7,February,08:50:00,8,1,1,30
201501KD50104,0.177791,51.575324,3,1,1,2015-02-13,6,February,13:45:00,13,1,1,30
201501KD50105,0.224015,51.570231,3,2,3,2015-02-13,6,February,19:30:00,19,2,2,30
201501KD50106,0.191889,51.547364,3,2,1,2015-02-13,6,February,16:40:00,16,1,1,30
201501KD50107,0.181164,51.525171,3,2,1,2015-02-15,1,February,00:25:00,0,4,2,30
201501KD50108,0.200996,51.53883,3,2,2,2015-02-13,6,February,18:40:00,18,2,2,30
201501KD50110,0.178146,51.579724,3,2,1,2015-01-10,7,January,03:45:00,3,4,1,30
201501KD50111,0.183823,51.511453,3,1,2,2015-02-28,7,February,01:20:00,1,1,1,30
201501KD50112,0.184112,51.5717,3,2,1,2015-02-17,3,February,18:05:00,18,1,1,30
201501KD50113,0.237355,51.600912,3,2,1,2015-02-27,6,February,08:32:00,8,1,1,30
201501KD50115,0.188411,51.565055,3,2,1,2015-02-11,4,February,08:55:00,8,1,1,30
201501KD50117,0.165759,51.574198,3,2,1,2015-03-02,2,March,09:42:00,9,1,1,30
201501KD50118,0.244504,51.602395,3,2,1,2015-03-04,4,March,09:10:00,9,1,1,50
201501KD50119,0.172747,51.605723,3,2,2,2015-03-06,6,March,08:21:00,8,1,1,30
201501KD50120,0.207166,51.609668,3,2,1,2015-02-26,5,February,11:56:00,11,2,2,30
201501KD50121,0.24084,51.601296,3,3,1,2015-03-01,1,March,13:35:00,13,1,1,50
201501KD50122,0.226608,51.59671,3,4,4,2015-03-06,6,March,21:51:00,21,1,1,50
201501KD50123,0.260472,51.577897,3,2,1,2015-03-06,6,March,17:45:00,17,1,1,50
201501KD50124,0.271459,51.575347,3,3,1,2015-03-14,7,March,12:20:00,12,1,1,50
201501KD50126,0.19502,51.585435,3,2,1,2015-03-11,4,March,09:00:00,9,1,1,30
201501KD50127,0.191784,51.572186,3,1,1,2015-01-06,3,January,20:16:00,20,1,1,30
201501KD50128,0.220672,51.560851,3,2,1,2015-03-14,7,March,15:55:00,15,1,1,30
201501KD50130,0.175925,51.575539,2,2,1,2015-03-14,7,March,20:33:00,20,1,1,30
201501KD50131,0.174598,51.574934,3,2,1,2015-03-19,5,March,19:00:00,19,1,1,30
201501KD50132,0.18185,51.575698,3,2,1,2015-03-18,4,March,17:45:00,17,1,1,30
201501KD50133,0.189917,51.521321,3,2,1,2015-03-08,1,March,22:50:00,22,1,1,30
201501KD50134,0.191801,51.524523,3,1,1,2015-02-25,4,February,20:30:00,20,2,2,30
201501KD50135,0.225033,51.608791,2,1,1,2015-03-18,4,March,11:45:00,11,1,1,30
201501KD50136,0.261593,51.609171,3,2,1,2015-03-06,6,March,07:45:00,7,1,1,30
201501KD50137,0.207944,51.607854,3,2,1,2015-03-14,7,March,19:32:00,19,1,1,30
201501KD50138,0.301527,51.542026,3,2,3,2015-03-13,6,March,07:00:00,7,1,1,50
201501KD50139,0.258137,51.612295,3,2,1,2015-03-22,1,March,02:21:00,2,1,1,70
201501KD50140,0.189753,51.571954,3,2,1,2015-03-17,3,March,16:15:00,16,1,1,30
201501KD50141,0.202971,51.564782,3,2,2,2015-02-23,2,February,09:10:00,9,1,2,30
201501KD50142,0.209939,51.559705,3,2,2,2015-03-23,2,March,13:40:00,13,1,1,30
201501KD50144,0.173143,51.574691,3,2,2,2015-03-16,2,March,17:30:00,17,1,1,30
201501KD50145,0.194759,51.544073,3,1,1,2015-03-20,6,March,16:27:00,16,1,1,30
201501KD50146,0.179199,51.601737,3,1,1,2015-03-21,7,March,12:20:00,12,1,1,30
201501KD50147,0.212403,51.562896,3,2,1,2015-03-21,7,March,11:30:00,11,1,1,30
201501KD50148,0.18762,51.593667,3,1,1,2015-01-17,7,January,17:00:00,17,2,2,50
201501KD50149,0.26148,51.609803,3,2,1,2015-03-20,6,March,20:00:00,20,1,1,30
201501KD50150,0.183587,51.536637,3,1,1,2015-04-06,2,April,03:05:00,3,1,1,30
201501KD50151,0.212414,51.592842,3,2,1,2015-04-01,4,April,18:45:00,18,1,1,30
201501KD50152,0.245095,51.602653,3,2,1,2015-03-24,3,March,08:50:00,8,1,1,30
201501KD50154,0.19304,51.541317,3,1,1,2015-03-30,2,March,17:23:00,17,1,1,30
201501KD50155,0.254962,51.55696,2,2,1,2015-03-20,6,March,18:55:00,18,1,1,30
201501KD50156,0.196353,51.565176,3,2,1,2015-03-27,6,March,08:50:00,8,1,1,30
201501KD50157,0.184118,51.526645,3,2,1,2015-04-03,6,April,15:20:00,15,1,1,30
201501KD50158,0.232178,51.55128,3,1,1,2015-03-16,2,March,10:20:00,10,1,1,30
201501KD50159,0.245855,51.536091,3,2,1,2015-03-23,2,March,18:05:00,18,1,1,30
201501KD50160,0.229578,51.560053,3,2,3,2015-04-08,4,April,14:10:00,14,1,1,30
201501KD50161,0.266792,51.559879,3,3,1,2015-04-01,4,April,12:15:00,12,1,1,30
201501KD50162,0.18341,51.532953,3,1,4,2015-03-29,1,March,02:12:00,2,1,1,30
201501KD50163,0.188596,51.562893,3,2,1,2015-04-01,4,April,09:55:00,9,4,1,30
201501KD50164,0.257393,51.574,3,2,1,2015-04-03,6,April,18:33:00,18,1,1,30
201501KD50165,0.18394,51.574131,3,1,1,2015-04-09,5,April,18:10:00,18,1,1,30
201501KD50166,0.256142,51.542908,3,1,1,2015-04-05,1,April,23:10:00,23,1,1,30
201501KD50167,0.19606,51.535145,3,1,1,2015-04-06,2,April,01:00:00,1,1,2,30
201501KD50168,0.20787,51.555697,3,2,1,2015-03-26,5,March,15:51:00,15,1,1,30
201501KD50169,0.257045,51.613575,3,2,1,2015-03-25,4,March,16:35:00,16,1,1,70
201501KD50170,0.185124,51.580763,3,2,1,2015-03-30,2,March,15:00:00,15,1,1,30
201501KD50171,0.181207,51.571304,3,2,1,2015-03-25,4,March,08:24:00,8,1,1,30
201501KD50173,0.225657,51.565433,3,2,1,2015-04-11,7,April,19:50:00,19,1,1,30
201501KD50174,0.206161,51.58001,3,2,3,2015-04-07,3,April,16:58:00,16,1,1,30
201501KD50175,0.229764,51.62282,3,2,1,2015-04-11,7,April,12:35:00,12,1,1,30
201501KD50176,0.180423,51.603153,3,1,1,2015-03-09,2,March,14:49:00,14,1,1,30
201501KD50177,0.16482,51.581769,2,2,2,2015-04-14,3,April,22:30:00,22,1,1,30
201501KD50178,0.281164,51.578936,3,4,6,2015-04-14,3,April,17:50:00,17,1,1,70
201501KD50179,0.201381,51.564722,3,2,1,2015-04-14,3,April,09:05:00,9,1,1,30
201501KD50180,0.208334,51.606948,3,2,1,2015-04-15,4,April,14:55:00,14,1,1,30
201501KD50181,0.217736,51.562795,3,1,1,2015-04-13,2,April,14:00:00,14,1,1,30
201501KD50182,0.208534,51.581314,3,2,1,2015-04-15,4,April,00:30:00,0,1,1,30
201501KD50183,0.184705,51.593091,3,3,1,2015-04-16,5,April,08:15:00,8,1,1,50
201501KD50184,0.171367,51.519238,3,1,2,2015-04-06,2,April,07:35:00,7,1,1,50
201501KD50185,0.207957,51.581325,3,2,1,2015-04-15,4,April,21:00:00,21,1,1,30
201501KD50186,0.274009,51.574398,3,2,2,2015-04-20,2,April,07:51:00,7,1,1,70
201501KD50187,0.175622,51.578242,3,1,1,2015-04-21,3,April,12:41:00,12,1,1,30
201501KD50188,0.285801,51.573539,3,2,1,2015-04-16,5,April,07:20:00,7,1,1,30
201501KD50189,0.22105,51.500502,2,1,2,2015-04-20,2,April,12:17:00,12,1,1,70
201501KD50190,0.221629,51.595276,3,2,1,2015-03-21,7,March,16:45:00,16,1,1,50
201501KD50191,0.181073,51.580569,3,1,1,2015-03-20,6,March,18:37:00,18,1,1,30
201501KD50192,0.212995,51.592921,3,2,1,2015-04-19,1,April,11:20:00,11,1,1,30
201501KD50193,0.17417,51.584114,3,2,2,2015-04-20,2,April,07:49:00,7,1,1,30
201501KD50194,0.207166,51.609668,3,2,2,2015-03-27,6,March,23:27:00,23,1,1,30
201501KD50195,0.190637,51.530301,3,2,1,2015-04-25,7,April,06:01:00,6,2,2,30
201501KD50197,0.224116,51.595948,3,5,3,2015-04-15,4,April,14:02:00,14,1,1,50
201501KD50198,0.183828,51.571795,3,2,1,2015-04-25,7,April,05:40:00,5,2,2,30
201501KD50199,0.213849,51.562959,3,2,1,2015-04-20,2,April,13:50:00,13,1,1,30
201501KD50200,0.183938,51.577098,3,1,1,2015-04-29,4,April,16:10:00,16,1,1,30
201501KD50201,0.208534,51.581314,3,2,1,2015-04-27,2,April,20:40:00,20,1,1,30
201501KD50202,0.257451,51.613028,3,1,1,2015-04-17,6,April,20:27:00,20,1,1,70
201501KD50203,0.23281,51.581844,3,2,1,2015-04-20,2,April,18:18:00,18,1,1,30
201501KD50204,0.204194,51.548302,3,2,1,2015-04-24,6,April,08:39:00,8,1,1,30
201501KD50205,0.179014,51.570715,3,2,1,2015-03-17,3,March,18:37:00,18,1,1,30
201501KD50206,0.183863,51.572514,3,2,1,2015-04-22,4,April,12:15:00,12,1,1,30
201501KD50207,0.170312,51.57888,3,2,1,2015-04-28,3,April,17:15:00,17,1,1,30
201501KD50208,0.237843,51.60495,3,2,1,2015-04-19,1,April,13:15:00,13,1,1,30
201501KD50209,0.187707,51.565428,3,1,2,2015-04-28,3,April,16:35:00,16,1,1,30
201501KD50212,0.22528,51.619757,3,2,3,2015-04-14,3,April,21:02:00,21,1,1,30
201501KD50213,0.179492,51.601821,3,1,1,2015-05-05,3,May,07:31:00,7,1,1,30
201501KD50214,0.224748,51.605918,3,1,1,2015-04-30,5,April,09:00:00,9,1,1,30
201501KD50216,0.255352,51.594003,3,1,1,2015-05-03,1,May,13:05:00,13,1,2,60
201501KD50217,0.189835,51.564668,3,1,1,2015-05-01,6,May,08:25:00,8,1,1,30
201501KD50218,0.20749,51.577647,3,2,1,2015-05-05,3,May,18:55:00,18,1,1,30
201501KD50219,0.178596,51.57405,3,2,1,2015-05-03,1,May,23:00:00,23,1,1,40
201501KD50220,0.181071,51.571486,3,2,1,2015-05-07,5,May,08:10:00,8,1,1,30
201501KD50221,0.220087,51.56365,3,2,1,2015-03-19,5,March,19:10:00,19,1,1,30
201501KD50222,0.2114,51.592771,3,2,1,2015-04-23,5,April,15:00:00,15,1,1,50
201501KD50224,0.183826,51.568737,3,2,1,2015-04-28,3,April,17:25:00,17,1,1,30
201501KD50225,0.224101,51.586776,3,2,2,2015-05-07,5,May,11:00:00,11,1,1,50
201501KD50226,0.203296,51.574488,3,1,1,2015-05-11,2,May,09:48:00,9,1,1,30
201501KD50227,0.215085,51.603223,3,2,3,2015-05-11,2,May,15:15:00,15,1,1,30
201501KD50228,0.219125,51.606115,3,2,1,2015-05-08,6,May,17:10:00,17,1,1,20
201501KD50229,0.192805,51.584397,3,2,1,2015-05-12,3,May,15:05:00,15,1,1,30
201501KD50230,0.228577,51.52482,3,1,1,2015-05-01,6,May,23:51:00,23,1,1,30
201501KD50231,0.187629,51.578828,3,1,1,2015-05-08,6,May,12:20:00,12,1,1,30
201501KD50234,0.174513,51.60641,3,2,3,2015-05-11,2,May,08:09:00,8,1,1,30
201501KD50235,0.219982,51.567429,3,2,1,2015-05-01,6,May,00:04:00,0,1,1,30
201501KD50236,0.18748,51.593759,3,2,1,2015-05-12,3,May,19:00:00,19,1,1,70
201501KD50237,0.173277,51.595642,3,2,3,2015-04-12,1,April,15:25:00,15,1,1,30
201501KD50238,0.188145,51.51443,3,2,1,2015-04-29,4,April,15:00:00,15,1,2,30
201501KD50239,0.165755,51.574108,2,2,1,2015-05-13,4,May,19:40:00,19,1,1,30
201501KD50240,0.211688,51.592766,3,2,1,2015-05-14,5,May,16:39:00,16,1,1,30
201501KD50241,0.233246,51.570145,3,2,2,2015-05-17,1,May,04:00:00,4,1,1,30
201501KD50242,0.208678,51.581312,3,2,2,2015-05-07,5,May,18:30:00,18,2,2,30
201501KD50244,0.221624,51.595186,2,2,4,2015-04-24,6,April,13:05:00,13,1,1,40
201501KD50245,0.219348,51.554401,3,2,2,2015-05-16,7,May,12:50:00,12,1,1,30
201501KD50246,0.171758,51.588026,3,2,1,2015-05-18,2,May,19:10:00,19,1,1,30
201501KD50247,0.220375,51.599167,2,2,1,2015-05-19,3,May,17:37:00,17,1,1,30
201501KD50248,0.202927,51.58178,3,2,2,2015-05-09,7,May,17:57:00,17,1,1,30
201501KD50249,0.216068,51.558151,3,1,1,2015-05-01,6,May,16:55:00,16,1,1,30
201501KD50250,0.220104,51.56401,3,1,1,2015-05-06,4,May,15:00:00,15,1,1,30
201501KD50251,0.273865,51.574401,3,2,1,2015-05-12,3,May,16:25:00,16,1,1,70
201501KD50252,0.256272,51.557204,3,2,1,2015-05-17,1,May,18:00:00,18,1,1,30
201501KD50253,0.178048,51.565607,3,1,1,2015-05-20,4,May,11:59:00,11,1,1,30
201501KD50254,0.250622,51.559651,2,2,1,2015-04-17,6,April,14:30:00,14,1,1,30
201501KD50256,0.194412,51.521867,3,2,1,2015-05-05,3,May,16:33:00,16,1,1,30
201501KD50257,0.239016,51.558344,3,2,1,2015-05-12,3,May,08:00:00,8,1,1,30
201501KD50258,0.216949,51.626659,2,1,1,2015-05-13,4,May,18:23:00,18,1,1,30
201501KD50259,0.201351,51.564093,3,2,1,2015-05-13,4,May,16:45:00,16,1,1,30
201501KD50260,0.181773,51.592157,3,2,2,2015-05-17,1,May,10:03:00,10,1,1,30
201501KD50262,0.176821,51.576152,2,2,1,2015-05-18,2,May,17:30:00,17,1,1,30
201501KD50264,0.191614,51.57165,3,2,1,2015-05-18,2,May,17:07:00,17,1,1,30
201501KD50265,0.159851,51.574397,3,3,1,2015-05-18,2,May,14:53:00,14,1,1,30
201501KD50266,0.184119,51.592922,3,1,1,2015-05-21,5,May,07:35:00,7,1,1,50
201501KD50267,0.193173,51.565056,3,2,1,2015-05-06,4,May,13:50:00,13,1,1,30
201501KD50270,0.179619,51.513959,3,2,1,2015-03-31,3,March,09:52:00,9,4,1,70
201501KD50271,0.173289,51.586829,3,4,2,2015-05-19,3,May,19:16:00,19,2,2,50
201501KD50272,0.157217,51.598006,3,2,1,2015-05-21,5,May,15:05:00,15,1,1,30
201501KD50273,0.287679,51.567837,3,2,2,2015-03-28,7,March,11:07:00,11,1,1,70
201501KD50274,0.192953,51.584484,3,2,1,2015-04-27,2,April,08:15:00,8,1,1,30
201501KD50275,0.166635,51.580477,3,1,1,2015-06-01,2,June,12:30:00,12,2,2,30
201501KD50276,0.17679,51.581548,3,1,1,2015-06-01,2,June,10:00:00,10,1,1,30
201501KD50277,0.183796,51.580159,3,2,1,2015-05-26,3,May,17:00:00,17,1,1,30
201501KD50278,0.245095,51.602653,3,1,1,2015-06-02,3,June,09:20:00,9,5,2,30
201501KD50279,0.190415,51.615737,3,2,1,2015-04-26,1,April,17:50:00,17,1,1,30
201501KD50280,0.170194,51.600645,3,2,1,2015-05-28,5,May,11:30:00,11,1,1,30
201501KD50281,0.185515,51.570864,3,1,1,2015-05-29,6,May,22:42:00,22,1,1,30
201501KD50282,0.179808,51.572229,3,3,1,2015-05-06,4,May,17:00:00,17,1,1,30
201501KD50283,0.157829,51.580459,3,2,1,2015-05-28,5,May,17:53:00,17,1,1,50
201501KD50284,0.226944,51.503178,3,1,1,2015-05-30,7,May,21:22:00,21,1,1,30
201501KD50285,0.202907,51.545539,3,2,1,2015-04-18,7,April,17:23:00,17,1,1,30
201501KD50286,0.155766,51.597853,3,2,1,2015-06-01,2,June,16:05:00,16,1,1,30
201501KD50287,0.177778,51.523706,3,2,1,2015-06-03,4,June,20:15:00,20,1,1,30
201501KD50288,0.212663,51.594996,3,2,1,2015-06-08,2,June,19:53:00,19,1,1,30
201501KD50289,0.212577,51.521885,3,2,1,2015-06-05,6,June,20:25:00,20,1,1,30
201501KD50290,0.172839,51.586477,3,2,1,2015-06-04,5,June,14:00:00,14,1,1,40
201501KD50291,0.194957,51.533188,3,2,2,2015-06-06,7,June,21:05:00,21,1,1,30
201501KD50292,0.208841,51.605499,3,2,1,2015-04-25,7,April,15:50:00,15,1,1,30
201501KD50293,0.195483,51.565102,3,2,2,2015-06-12,6,June,12:35:00,12,1,1,30
201501KD50294,0.17516,51.586704,3,1,1,2015-06-12,6,June,14:15:00,14,1,1,30
201501KD50295,0.180304,51.603695,3,2,1,2015-05-06,4,May,15:03:00,15,2,2,30
201501KD50296,0.1815,51.571388,2,2,3,2015-06-09,3,June,12:43:00,12,1,1,30
201501KD50297,0.202907,51.545539,3,2,1,2015-06-13,7,June,12:24:00,12,1,1,30
201501KD50298,0.16992,51.5252,3,2,1,2015-06-07,1,June,13:27:00,13,1,1,30
201501KD50299,0.220368,51.584239,3,2,1,2015-06-12,6,June,16:45:00,16,1,1,30
201501KD50300,0.208076,51.577816,3,2,2,2015-06-12,6,June,12:45:00,12,1,1,30
201501KD50301,0.166147,51.591457,3,2,2,2015-06-14,1,June,16:20:00,16,1,1,30
201501KD50302,0.160933,51.591104,2,1,1,2015-06-15,2,June,19:10:00,19,1,1,30
201501KD50303,0.208533,51.557483,3,2,3,2015-06-16,3,June,14:05:00,14,1,1,30
201501KD50304,0.188623,51.575482,2,1,1,2015-06-16,3,June,18:29:00,18,1,1,30
201501KD50305,0.225827,51.524602,3,2,1,2015-05-22,6,May,08:48:00,8,1,1,30
201501KD50306,0.218049,51.501008,3,2,1,2015-05-24,1,May,17:44:00,17,2,2,70
201501KD50307,0.224398,51.58695,2,2,1,2015-06-07,1,June,16:00:00,16,1,1,30
201501KD50308,0.269869,51.57241,3,2,1,2015-05-24,1,May,16:00:00,16,2,2,30
201501KD50309,0.169799,51.589321,3,1,1,2015-06-19,6,June,15:05:00,15,1,1,30
201501KD50311,0.152155,51.59783,3,2,1,2015-06-15,2,June,18:53:00,18,1,1,30
201501KD50312,0.192215,51.584138,3,2,1,2015-05-15,6,May,15:59:00,15,1,1,30
201501KD50313,0.281705,51.578206,3,1,1,2015-06-02,3,June,12:53:00,12,4,1,70
201501KD50314,0.22002,51.556367,3,1,1,2015-06-20,7,June,22:30:00,22,1,1,30
201501KD50316,0.20559,51.520488,2,2,1,2015-06-05,6,June,11:36:00,11,1,1,30
201501KD50317,0.252979,51.583977,3,2,2,2015-05-27,4,May,08:07:00,8,1,1,40
201501KD50318,0.162903,51.599161,3,2,1,2015-06-07,1,June,04:56:00,4,1,1,30
201501KD50319,0.25903,51.577925,3,3,2,2015-05-29,6,May,10:05:00,10,2,2,50
201501KD50320,0.178634,51.52351,2,1,1,2015-06-18,5,June,17:17:00,17,1,1,30
201501KD50321,0.221769,51.595183,3,2,3,2015-06-07,1,June,19:00:00,19,1,1,50
201501KD50322,0.189561,51.55595,3,2,1,2015-06-22,2,June,15:20:00,15,1,1,30
201501KD50323,0.172273,51.574617,3,2,3,2015-05-24,1,May,16:12:00,16,1,1,30
201501KD50324,0.209393,51.593079,3,2,1,2015-05-25,2,May,15:45:00,15,1,1,50
201501KD50325,0.177035,51.565536,3,2,1,2015-06-21,1,June,11:10:00,11,1,1,30
201501KD50326,0.236656,51.601375,3,1,1,2015-06-16,3,June,17:00:00,17,1,1,30
201501KD50327,0.168614,51.564433,3,1,1,2015-06-21,1,June,16:10:00,16,1,1,30
201501KD50328,0.203676,51.513689,3,1,1,2015-04-21,3,April,21:20:00,21,2,2,30
201501KD50329,0.167888,51.564357,3,1,1,2015-05-25,2,May,18:15:00,18,1,1,30
201501KD50330,0.180643,51.571584,3,2,2,2015-06-24,4,June,16:35:00,16,1,1,30
201501KD50332,0.231592,51.598234,3,2,2,2015-05-16,7,May,21:06:00,21,1,1,40
201501KD50333,0.274149,51.574305,3,2,1,2015-05-28,5,May,06:41:00,6,1,1,70
201501KD50334,0.212125,51.592848,3,2,1,2015-06-23,3,June,21:20:00,21,1,1,30
201501KD50335,0.190622,51.572028,3,1,1,2015-06-22,2,June,06:40:00,6,1,1,30
201501KD50336,0.187522,51.540521,3,4,1,2015-06-23,3,June,17:44:00,17,1,1,30
201501KD50337,0.21702,51.562899,3,2,3,2015-06-22,2,June,23:06:00,23,1,1,30
201501KD50338,0.230072,51.534773,3,2,1,2015-06-16,3,June,17:11:00,17,1,1,30
201501KD50339,0.224665,51.586495,3,3,1,2015-06-23,3,June,15:38:00,15,1,1,50
201501KD50341,0.16992,51.5252,3,2,1,2015-05-07,5,May,15:15:00,15,1,1,30
201501KD50342,0.233828,51.582005,2,3,3,2015-06-22,2,June,10:23:00,10,1,1,70
201501KD50343,0.177556,51.579465,3,1,1,2015-06-17,4,June,13:25:00,13,1,1,30
201501KD50344,0.230928,51.599416,3,3,5,2015-06-22,2,June,16:30:00,16,1,2,30
201501KD50345,0.28994,51.561138,3,2,1,2015-06-21,1,June,23:06:00,23,1,1,70
201501KD50346,0.169385,51.519994,3,2,1,2015-06-23,3,June,06:55:00,6,1,1,50
201501KD50347,0.226047,51.608861,3,2,2,2015-04-30,5,April,07:47:00,7,1,1,30
201501KD50348,0.180448,51.603692,3,2,1,2015-06-27,7,June,21:30:00,21,1,1,30
201501KD50349,0.16992,51.5252,3,2,3,2015-06-27,7,June,21:09:00,21,1,1,30
201501KD50350,0.167287,51.600249,3,1,1,2015-05-29,6,May,21:20:00,21,1,1,30
201501KD50351,0.169215,51.519458,3,2,1,2015-06-30,3,June,17:50:00,17,1,1,30
201501KD50352,0.202178,51.587189,2,1,1,2015-06-15,2,June,09:05:00,9,1,1,30
201501KD50353,0.171824,51.565183,3,2,1,2015-07-02,5,July,22:00:00,22,1,1,30
201501KD50354,0.230061,51.555188,2,2,2,2015-07-03,6,July,18:09:00,18,1,1,30
201501KD50355,0.165552,51.56377,3,2,2,2015-06-20,7,June,16:15:00,16,1,1,30
201501KD50356,0.152855,51.600425,3,2,1,2015-07-01,4,July,08:57:00,8,1,1,30
201501KD50357,0.168494,51.574058,3,2,1,2015-06-26,6,June,19:33:00,19,1,1,30
201501KD50358,0.228536,51.568256,3,1,1,2015-06-20,7,June,15:00:00,15,1,1,30
201501KD50359,0.202602,51.542217,3,2,2,2015-06-27,7,June,15:51:00,15,1,1,30
201501KD50360,0.265784,51.568622,2,1,1,2015-06-16,3,June,16:20:00,16,1,1,30
201501KD50362,0.225823,51.524512,3,2,2,2015-05-27,4,May,15:07:00,15,1,1,30
201501KD50363,0.18558,51.578237,2,1,1,2015-05-30,7,May,00:45:00,0,1,1,30
201501KD50364,0.160128,51.598492,3,2,1,2015-07-03,6,July,19:30:00,19,1,1,30
201501KD50365,0.17721,51.58127,3,1,1,2015-06-15,2,June,15:30:00,15,1,1,30
201501KD50366,0.164918,51.568638,3,3,3,2015-07-07,3,July,19:38:00,19,1,1,30
201501KD50367,0.206322,51.541607,3,2,1,2015-07-05,1,July,16:22:00,16,1,1,30
201501KD50368,0.175281,51.583195,3,2,1,2015-06-29,2,June,13:15:00,13,1,1,30
201501KD50370,0.18394,51.574131,3,1,1,2015-06-07,1,June,23:00:00,23,1,1,30
201501KD50371,0.173277,51.595642,3,2,2,2015-06-25,5,June,18:54:00,18,1,1,30
201501KD50372,0.164614,51.574399,3,1,1,2015-07-06,2,July,07:30:00,7,1,1,30
201501KD50373,0.182971,51.617134,3,2,1,2015-07-08,4,July,17:38:00,17,1,1,30
201501KD50374,0.163523,51.600049,3,1,1,2015-07-14,3,July,08:35:00,8,2,2,30
201501KD50375,0.183972,51.571792,3,2,1,2015-07-05,1,July,11:43:00,11,1,2,30
201501KD50376,0.213266,51.592556,3,2,1,2015-07-06,2,July,22:24:00,22,1,1,50
201501KD50377,0.19148,51.544853,3,2,2,2015-07-08,4,July,16:10:00,16,1,1,30
201501KD50379,0.21702,51.562899,3,2,3,2015-07-11,7,July,22:40:00,22,1,1,30
201501KD50382,0.181164,51.525171,3,2,1,2015-05-14,5,May,22:13:00,22,1,1,30
201501KD50383,0.194513,51.56593,3,1,1,2015-07-11,7,July,23:56:00,23,1,1,30
201501KD50384,0.231885,51.598319,3,2,1,2015-07-12,1,July,15:00:00,15,1,1,30
201501KD50385,0.189987,51.528784,3,1,1,2015-07-14,3,July,05:55:00,5,1,1,30
201501KD50386,0.286355,51.570201,3,2,2,2015-07-03,6,July,13:34:00,13,1,1,70
201501KD50387,0.162763,51.599253,3,2,2,2015-07-03,6,July,12:20:00,12,1,1,30
201501KD50388,0.20749,51.577647,3,2,1,2015-07-13,2,July,15:15:00,15,1,2,30
201501KD50389,0.220403,51.617511,3,2,1,2015-07-08,4,July,21:00:00,21,1,1,30
201501KD50390,0.25612,51.577441,3,2,1,2015-07-18,7,July,17:25:00,17,1,1,30
201501KD50391,0.189509,51.518811,3,1,1,2015-07-10,6,July,21:50:00,21,1,1,30
201501KD50393,0.224015,51.570231,3,2,1,2015-07-17,6,July,08:30:00,8,1,1,30
201501KD50395,0.170022,51.584911,3,4,1,2015-06-28,1,June,13:45:00,13,1,1,40
201501KD50396,0.181489,51.592252,3,4,1,2015-06-17,4,June,12:30:00,12,1,1,40
201501KD50397,0.219318,51.610068,3,3,2,2015-06-26,6,June,17:43:00,17,1,1,30
201501KD50398,0.174773,51.569535,3,2,1,2015-06-26,6,June,17:55:00,17,1,1,30
201501KD50399,0.21197,51.562904,3,2,1,2015-07-16,5,July,10:40:00,10,1,1,30
201501KD50400,0.188568,51.565322,3,2,1,2015-07-17,6,July,10:00:00,10,1,1,30
201501KD50401,0.189215,51.60281,3,2,1,2015-07-17,6,July,08:15:00,8,1,1,30
201501KD50402,0.206905,51.553647,3,2,1,2015-07-18,7,July,15:15:00,15,1,1,30
201501KD50403,0.165113,51.581854,3,2,1,2015-07-20,2,July,19:00:00,19,1,1,50
201501KD50404,0.199426,51.548122,3,2,1,2015-06-06,7,June,18:30:00,18,1,1,30
201501KD50406,0.208879,51.582477,3,2,1,2015-07-09,5,July,16:05:00,16,1,1,30
201501KD50407,0.220329,51.58343,2,2,2,2015-07-20,2,July,21:08:00,21,1,1,30
201501KD50408,0.222991,51.60838,3,1,1,2015-07-10,6,July,15:10:00,15,1,1,30
201501KD50409,0.251904,51.556389,3,2,2,2015-07-21,3,July,22:10:00,22,1,1,30
201501KD50410,0.222972,51.602085,3,2,1,2015-03-21,7,March,14:33:00,14,1,1,30
201501KD50411,0.164693,51.582131,3,3,1,2015-07-02,5,July,15:45:00,15,1,1,30
201501KD50412,0.211449,51.581889,3,2,1,2015-07-04,7,July,00:35:00,0,1,1,30
201501KD50413,0.25878,51.59034,3,1,1,2015-07-27,2,July,02:30:00,2,1,1,30
201501KD50414,0.257316,51.61321,3,1,2,2015-06-11,5,June,14:30:00,14,1,1,70
201501KD50415,0.161299,51.598831,3,2,1,2015-06-19,6,June,15:00:00,15,1,1,30
201501KD50418,0.226047,51.608861,3,1,1,2015-07-08,4,July,13:43:00,13,1,1,30
201501KD50419,0.224946,51.527227,3,1,2,2015-07-17,6,July,20:42:00,20,1,1,30
201501KD50420,0.16868,51.517309,3,3,3,2015-07-24,6,July,11:40:00,11,2,2,30
201501KD50421,0.183339,51.615779,2,2,1,2015-07-27,2,July,16:40:00,16,1,1,30
201501KD50422,0.212676,51.595265,3,2,2,2015-08-02,1,August,17:50:00,17,1,1,30
201501KD50423,0.28808,51.5672,3,3,1,2015-07-26,1,July,18:54:00,18,1,1,70
201501KD50424,0.20538,51.540006,3,2,1,2015-07-20,2,July,19:05:00,19,1,1,30
201501KD50425,0.212392,51.592393,3,2,1,2015-07-09,5,July,21:59:00,21,1,1,30
201501KD50426,0.284972,51.571397,3,2,1,2015-07-22,4,July,15:30:00,15,1,1,50
201501KD50427,0.224959,51.610231,3,2,1,2015-06-30,3,June,17:40:00,17,1,1,30
201501KD50428,0.283602,51.572863,3,2,1,2015-06-24,4,June,15:25:00,15,1,1,30
201501KD50429,0.222164,51.511542,3,2,1,2015-06-26,6,June,19:20:00,19,1,1,50
201501KD50430,0.165434,51.57951,3,2,1,2015-07-30,5,July,18:03:00,18,1,1,30
201501KD50432,0.169595,51.578983,3,1,1,2015-08-04,3,August,14:48:00,14,1,1,30
201501KD50433,0.25852,51.564715,3,1,1,2015-06-18,5,June,10:40:00,10,1,1,30
201501KD50434,0.176747,51.565541,3,2,1,2015-07-17,6,July,08:41:00,8,1,1,30
201501KD50435,0.174328,51.602547,3,2,1,2015-08-06,5,August,13:41:00,13,1,1,30
201501KD50436,0.15591,51.597851,3,2,1,2015-08-05,4,August,13:35:00,13,1,1,30
201501KD50437,0.195301,51.573289,3,2,2,2015-08-04,3,August,20:46:00,20,1,1,30
201501KD50438,0.185414,51.56574,3,2,1,2015-08-03,2,August,19:50:00,19,1,1,30
201501KD50439,0.249008,51.556175,3,2,1,2015-08-11,3,August,21:56:00,21,2,2,30
201501KD50440,0.179014,51.570715,3,1,1,2015-07-18,7,July,01:15:00,1,1,1,30
201501KD50442,0.235434,51.576488,3,2,1,2015-04-10,6,April,21:49:00,21,1,1,30
201501KD50443,0.205262,51.597203,3,2,2,2015-08-14,6,August,11:35:00,11,1,1,30
201501KD50444,0.183792,51.580069,3,1,2,2015-08-14,6,August,00:01:00,0,1,2,30
201501KD50445,0.220161,51.56221,3,2,1,2015-08-16,1,August,00:39:00,0,1,1,30
201501KD50446,0.224984,51.587119,3,3,1,2015-08-03,2,August,08:20:00,8,1,1,30
201501KD50447,0.2081,51.593193,2,3,4,2015-08-14,6,August,02:18:00,2,1,1,70
201501KD50448,0.2398,51.553743,3,2,2,2015-08-18,3,August,17:50:00,17,1,1,30
201501KD50449,0.184086,51.577186,3,1,2,2015-08-07,6,August,16:36:00,16,1,1,30
201501KD50450,0.212257,51.592575,3,2,2,2015-08-08,7,August,09:23:00,9,1,1,30
201501KD50451,0.225229,51.586215,3,1,3,2015-08-14,6,August,17:45:00,17,1,2,50
201501KD50452,0.213126,51.592649,3,2,1,2015-08-12,4,August,16:37:00,16,1,1,30
201501KD50453,0.264001,51.608225,3,2,1,2015-08-06,5,August,06:03:00,6,1,1,30
201501KD50454,0.172831,51.586298,3,2,3,2015-08-18,3,August,21:15:00,21,1,1,30
201501KD50455,0.151158,51.598118,3,4,2,2015-07-15,4,July,16:55:00,16,1,1,30
201501KD50456,0.178768,51.577644,2,2,1,2015-08-20,5,August,11:35:00,11,1,1,30
201501KD50458,0.210316,51.591263,3,2,1,2015-08-19,4,August,12:00:00,12,1,1,30
201501KD50459,0.225823,51.524512,3,2,1,2015-08-16,1,August,00:32:00,0,1,1,60
201501KD50460,0.233088,51.590472,3,2,2,2015-08-20,5,August,16:55:00,16,1,1,30
201501KD50461,0.215811,51.627041,3,2,1,2015-08-24,2,August,10:52:00,10,1,1,40
201501KD50463,0.184392,51.571514,3,1,1,2015-08-23,1,August,16:30:00,16,1,1,30
201501KD50464,0.18498,51.580766,3,1,1,2015-08-20,5,August,09:09:00,9,1,1,30
201501KD50465,0.211408,51.598886,3,1,1,2015-08-25,3,August,14:10:00,14,2,2,30
201501KD50466,0.156929,51.598012,3,2,2,2015-08-14,6,August,14:30:00,14,1,1,30
201501KD50468,0.187057,51.530817,3,2,1,2015-09-05,7,September,06:36:00,6,1,1,30
201501KD50469,0.224546,51.601785,3,2,1,2015-08-27,5,August,17:03:00,17,1,1,30
201501KD50470,0.22993,51.55546,3,2,2,2015-08-21,6,August,11:30:00,11,1,1,30
201501KD50471,0.212825,51.592385,3,2,1,2015-08-31,2,August,12:56:00,12,1,1,30
201501KD50472,0.237068,51.603886,3,2,2,2015-08-30,1,August,18:40:00,18,1,1,30
201501KD50473,0.172839,51.586477,3,1,2,2015-09-04,6,September,08:35:00,8,1,1,30
201501KD50475,0.212414,51.592842,3,2,2,2015-09-02,4,September,20:45:00,20,1,1,30
201501KD50476,0.215945,51.56157,3,2,1,2015-08-29,7,August,17:40:00,17,2,2,30
201501KD50477,0.208456,51.606496,3,2,1,2015-07-31,6,July,12:00:00,12,1,1,30
201501KD50480,0.189782,51.521504,3,2,1,2015-09-04,6,September,08:00:00,8,1,1,30
201501KD50481,0.176243,51.582188,2,1,1,2015-06-30,3,June,17:01:00,17,1,1,30
201501KD50482,0.17467,51.606677,2,2,2,2015-08-16,1,August,10:20:00,10,1,1,30
201501KD50483,0.290043,51.560327,3,2,1,2015-08-28,6,August,18:50:00,18,1,1,70
201501KD50484,0.231592,51.598234,3,2,1,2015-08-27,5,August,20:15:00,20,1,1,40
201501KD50485,0.189117,51.582757,3,3,2,2015-09-01,3,September,16:21:00,16,1,1,30
201501KD50486,0.283003,51.575303,3,3,1,2015-08-22,7,August,14:45:00,14,1,1,30
201501KD50487,0.183792,51.574044,3,2,1,2015-09-05,7,September,23:30:00,23,1,1,30
201501KD50490,0.222562,51.608478,3,2,1,2015-09-10,5,September,18:32:00,18,1,1,30
201501KD50491,0.187452,51.575145,3,2,1,2015-09-12,7,September,19:05:00,19,1,1,30
201501KD50493,0.240588,51.558045,3,2,1,2015-09-08,3,September,14:25:00,14,1,1,30
201501KD50494,0.181576,51.533797,3,2,1,2015-07-08,4,July,20:16:00,20,1,1,30
201501KD50496,0.166642,51.52598,3,2,1,2015-09-14,2,September,19:10:00,19,2,2,30
201501KD50498,0.226078,51.574058,2,2,2,2015-09-08,3,September,18:12:00,18,1,1,30
201501KD50499,0.222427,51.60866,3,1,1,2015-09-04,6,September,06:50:00,6,2,2,30
201501KD50500,0.215434,51.562929,3,2,2,2015-09-15,3,September,13:00:00,13,1,2,30
201501KD50501,0.194254,51.53356,3,2,1,2015-09-18,6,September,10:55:00,10,1,1,30
201501KD50502,0.17663,51.523817,3,2,1,2015-09-15,3,September,16:31:00,16,1,1,30
201501KD50503,0.176778,51.523904,3,2,4,2015-09-17,5,September,17:27:00,17,1,1,30
201501KD50504,0.25903,51.577925,2,2,1,2015-09-20,1,September,00:20:00,0,1,1,40
201501KD50505,0.161484,51.608809,2,1,1,2015-09-17,5,September,12:52:00,12,1,1,30
201501KD50506,0.214684,51.544507,2,2,2,2015-09-05,7,September,18:22:00,18,1,1,30
201501KD50507,0.26004,51.577906,3,2,1,2015-09-16,4,September,14:15:00,14,2,2,40
201501KD50508,0.245314,51.536821,3,2,1,2015-08-09,1,August,11:50:00,11,1,1,30
201501KD50509,0.191343,51.572014,3,2,1,2015-09-11,6,September,06:50:00,6,1,1,30
201501KD50510,0.189708,51.528969,3,2,1,2015-09-14,2,September,15:50:00,15,1,1,30
201501KD50511,0.18341,51.532953,3,4,4,2015-08-21,6,August,16:40:00,16,1,1,30
201501KD50512,0.175152,51.565391,2,2,1,2015-09-15,3,September,12:19:00,12,1,2,30
201501KD50513,0.246695,51.602892,3,2,1,2015-09-07,2,September,07:15:00,7,1,1,30
201501KD50514,0.282989,51.575033,3,5,3,2015-09-18,6,September,19:00:00,19,1,1,70
201501KD50515,0.174602,51.575024,3,2,3,2015-09-24,5,September,17:22:00,17,1,1,30
201501KD50516,0.1568,51.592259,3,1,1,2015-09-21,2,September,15:32:00,15,2,2,30
201501KD50517,0.220825,51.599518,2,1,1,2015-09-27,1,September,09:10:00,9,1,1,30
201501KD50518,0.205306,51.520583,3,2,1,2015-09-10,5,September,18:10:00,18,1,1,30
201501KD50519,0.200395,51.574183,3,2,1,2015-09-01,3,September,07:36:00,7,1,1,30
201501KD50521,0.168783,51.574052,3,2,3,2015-09-07,2,September,15:21:00,15,1,1,30
201501KD50522,0.253876,51.590434,3,2,3,2015-09-12,7,September,18:40:00,18,1,1,30
201501KD50523,0.287972,51.567922,3,2,2,2015-08-26,4,August,04:00:00,4,1,2,70
201501KD50524,0.180223,51.571862,3,1,1,2015-09-24,5,September,10:45:00,10,1,1,30
201501KD50525,0.182434,51.590885,3,2,1,2015-09-27,1,September,21:25:00,21,1,1,30
201501KD50526,0.191564,51.510589,3,3,1,2015-09-22,3,September,06:30:00,6,1,1,50
201501KD50527,0.203513,51.549124,3,2,1,2015-09-10,5,September,17:30:00,17,1,1,30
201501KD50528,0.173474,51.584667,3,2,1,2015-09-26,7,September,16:34:00,16,1,1,30
201501KD50529,0.187769,51.593754,3,1,1,2015-09-28,2,September,19:18:00,19,1,1,50
201501KD50531,0.189794,51.515748,3,1,2,2015-10-04,1,October,23:25:00,23,1,1,30
201501KD50532,0.16524,51.593632,3,1,1,2015-10-01,5,October,19:45:00,19,1,1,30
201501KD50533,0.18767,51.540608,2,2,1,2015-09-30,4,September,21:00:00,21,1,1,30
201501KD50534,0.209388,51.60486,3,2,1,2015-09-16,4,September,18:50:00,18,2,2,30
201501KD50535,0.184086,51.577186,3,1,1,2015-09-09,4,September,11:59:00,11,1,1,30
201501KD50536,0.276555,51.57336,3,2,1,2015-09-21,2,September,18:35:00,18,1,2,70
201501KD50537,0.172839,51.586477,3,2,1,2015-09-19,7,September,11:45:00,11,1,1,40
201501KD50538,0.185449,51.578509,3,1,1,2015-09-25,6,September,14:45:00,14,1,1,30
201501KD50539,0.214574,51.563035,2,1,1,2015-10-01,5,October,10:40:00,10,1,1,30
201501KD50540,0.17375,51.584392,3,1,1,2015-09-29,3,September,17:45:00,17,1,1,30
201501KD50541,0.219034,51.571674,3,1,2,2015-09-27,1,September,12:20:00,12,1,1,30
201501KD50542,0.185842,51.565642,3,1,1,2015-09-22,3,September,06:40:00,6,2,2,30
201501KD50543,0.183131,51.533138,3,1,1,2015-10-05,2,October,08:12:00,8,1,1,30
201501KD50544,0.179065,51.514419,2,2,1,2015-09-14,2,September,09:00:00,9,1,1,70
201501KD50545,0.182035,51.591612,3,1,1,2015-10-08,5,October,16:10:00,16,1,1,30
201501KD50546,0.233762,51.524721,3,1,1,2015-10-07,4,October,17:45:00,17,1,1,30
201501KD50547,0.281705,51.578206,3,2,1,2015-10-06,3,October,15:17:00,15,1,2,70
201501KD50549,0.209226,51.604503,3,2,1,2015-09-10,5,September,20:25:00,20,1,1,30
201501KD50550,0.192852,51.534396,3,2,5,2015-09-12,7,September,04:43:00,4,1,1,30
201501KD50553,0.165851,51.5822,3,3,1,2015-10-10,7,October,17:55:00,17,1,1,50
201501KD50555,0.192552,51.540157,3,2,2,2015-08-02,1,August,18:20:00,18,1,1,30
201501KD50556,0.171924,51.524893,3,2,2,2015-10-09,6,October,08:15:00,8,1,1,30
201501KD50557,0.198254,51.550752,3,1,1,2015-10-08,5,October,09:09:00,9,1,1,30
201501KD50560,0.220436,51.561935,3,1,1,2015-09-29,3,September,15:44:00,15,1,1,30
201501KD50561,0.207542,51.554894,3,2,1,2015-10-01,5,October,12:30:00,12,1,1,30
201501KD50562,0.206724,51.612464,2,1,2,2015-10-15,5,October,23:20:00,23,1,1,30
201501KD50563,0.19065,51.521577,3,2,1,2015-10-17,7,October,18:20:00,18,1,1,30
201501KD50564,0.21269,51.577729,3,2,1,2015-10-10,7,October,12:30:00,12,1,1,30
201501KD50565,0.213266,51.592556,2,2,1,2015-10-07,4,October,06:00:00,6,1,1,30
201501KD50566,0.220762,51.500507,3,2,1,2015-09-21,2,September,07:15:00,7,1,1,70
201501KD50567,0.186971,51.52902,3,2,2,2015-10-06,3,October,11:30:00,11,1,2,30
201501KD50568,0.176327,51.535603,3,1,1,2015-10-12,2,October,19:50:00,19,1,1,30
201501KD50569,0.205391,51.608802,3,3,1,2015-10-19,2,October,08:25:00,8,1,1,30
201501KD50572,0.153016,51.597724,3,1,1,2015-10-16,6,October,21:00:00,21,1,1,30
201501KD50573,0.164667,51.581592,3,3,1,2015-10-21,4,October,17:40:00,17,1,2,50
201501KD50574,0.257564,51.612396,3,2,1,2015-10-13,3,October,08:31:00,8,1,1,70
201501KD50575,0.240096,51.60086,3,2,1,2015-10-22,5,October,07:15:00,7,1,1,50
201501KD50577,0.221083,51.598883,3,1,1,2015-10-20,3,October,15:00:00,15,9,1,30
201501KD50578,0.274498,51.566835,2,1,1,2015-10-09,6,October,10:00:00,10,1,1,30
201501KD50579,0.213126,51.592649,3,2,1,2015-10-26,2,October,14:20:00,14,1,1,50
201501KD50581,0.166444,51.591631,3,1,1,2015-08-21,6,August,17:15:00,17,1,1,30
201501KD50582,0.233081,51.549105,3,2,1,2015-09-11,6,September,17:15:00,17,1,1,30
201501KD50583,0.231103,51.600042,3,2,1,2015-10-25,1,October,10:46:00,10,1,1,30
201501KD50584,0.206715,51.612284,3,1,4,2015-10-27,3,October,23:39:00,23,1,1,30
201501KD50586,0.167059,51.580289,3,2,1,2015-09-08,3,September,19:20:00,19,1,1,30
201501KD50587,0.184543,51.511439,3,2,1,2015-10-16,6,October,12:30:00,12,1,1,30
201501KD50588,0.164095,51.596891,3,1,1,2015-10-28,4,October,15:55:00,15,1,1,30
201501KD50589,0.260825,51.541379,3,1,1,2015-10-18,1,October,19:30:00,19,1,2,40
201501KD50590,0.183809,51.580428,3,2,1,2015-10-29,5,October,18:37:00,18,1,1,30
201501KD50591,0.192512,51.584313,3,3,1,2015-10-21,4,October,15:40:00,15,1,2,30
201501KD50594,0.165949,51.520507,3,2,2,2015-10-23,6,October,06:40:00,6,1,1,70
201501KD50596,0.257451,51.613028,3,2,2,2015-10-19,2,October,19:33:00,19,1,1,70
201501KD50597,0.223093,51.595698,2,1,1,2015-10-22,5,October,22:23:00,22,1,1,30
201501KD50598,0.197305,51.543036,3,1,1,2015-10-27,3,October,12:39:00,12,1,1,30
201501KD50599,0.17946,51.570977,3,3,3,2015-10-30,6,October,14:15:00,14,1,1,30
201501KD50601,0.200251,51.574186,3,1,1,2015-11-04,4,November,15:13:00,15,1,2,30
201501KD50603,0.221181,51.500229,3,2,1,2015-10-28,4,October,05:20:00,5,1,2,70
201501KD50604,0.18377,51.573594,3,1,1,2015-10-02,6,October,11:30:00,11,1,1,30
201501KD50605,0.192512,51.584313,3,3,1,2015-11-04,4,November,19:30:00,19,2,2,30
201501KD50606,0.190799,51.521664,3,2,1,2015-07-01,4,July,17:10:00,17,1,1,30
201501KD50607,0.205335,51.580835,3,2,1,2015-11-04,4,November,08:46:00,8,2,2,30
201501KD50608,0.20899,51.605586,3,1,1,2015-11-05,5,November,16:27:00,16,2,2,30
201501KD50609,0.284972,51.571397,3,2,1,2015-10-28,4,October,20:15:00,20,1,1,70
201501KD50610,0.190445,51.583362,3,2,1,2015-11-07,7,November,13:00:00,13,1,2,30
201501KD50613,0.225683,51.524605,3,2,1,2015-11-12,5,November,08:06:00,8,1,1,40
201501KD50614,0.210868,51.58181,3,2,1,2015-10-04,1,October,03:39:00,3,8,1,30
201501KD50617,0.220047,51.562842,3,1,2,2015-11-13,6,November,20:07:00,20,4,1,30
201501KD50618,0.198566,51.617023,2,2,2,2015-11-05,5,November,16:00:00,16,2,2,30
201501KD50619,0.165614,51.607564,3,2,2,2015-11-13,6,November,08:36:00,8,1,1,30
201501KD50620,0.193032,51.541137,3,2,2,2015-11-13,6,November,11:50:00,11,2,2,30
201501KD50621,0.219628,51.569055,2,2,3,2015-10-18,1,October,16:15:00,16,1,1,30
201501KD50622,0.211978,51.574955,3,3,1,2015-10-10,7,October,17:11:00,17,1,1,30
201501KD50623,0.17888,51.573955,3,2,2,2015-10-31,7,October,15:30:00,15,1,1,30
201501KD50624,0.21957,51.594506,3,3,1,2015-11-01,1,November,18:00:00,18,7,2,50
201501KD50625,0.231089,51.596805,3,1,1,2015-11-16,2,November,17:21:00,17,1,1,30
201501KD50626,0.178019,51.580086,3,2,1,2015-10-07,4,October,06:14:00,6,2,2,30
201501KD50627,0.25612,51.577441,3,2,1,2015-11-10,3,November,16:22:00,16,1,1,50
201501KD50629,0.191457,51.523361,3,2,2,2015-11-19,5,November,15:26:00,15,2,2,30
201501KD50630,0.171068,51.600809,3,2,1,2015-10-15,5,October,06:55:00,6,1,1,30
201501KD50631,0.192884,51.565061,3,1,1,2015-08-31,2,August,14:23:00,14,1,1,30
201501KD50632,0.257595,51.613025,3,4,4,2015-11-10,3,November,18:55:00,18,1,2,70
201501KD50633,0.177669,51.575776,3,2,4,2015-11-21,7,November,17:20:00,17,1,1,40
201501KD50635,0.184558,51.571961,3,3,1,2015-11-07,7,November,18:41:00,18,1,1,30
201501KD50637,0.178587,51.579896,3,2,3,2015-11-24,3,November,12:30:00,12,2,2,30
201501KD50638,0.280619,51.579576,3,2,1,2015-11-05,5,November,20:12:00,20,2,2,70
201501KD50639,0.171907,51.606279,3,2,1,2015-11-16,2,November,17:10:00,17,1,1,30
201501KD50640,0.187933,51.58215,3,2,1,2015-11-28,7,November,12:50:00,12,1,1,30
201501KD50641,0.18341,51.532953,3,2,1,2015-11-17,3,November,07:00:00,7,1,2,30
201501KD50642,0.155185,51.597774,2,2,2,2015-11-12,5,November,21:45:00,21,1,2,30
201501KD50643,0.168232,51.520015,3,2,1,2015-11-02,2,November,06:40:00,6,1,1,70
201501KD50644,0.181196,51.522833,3,1,1,2015-11-26,5,November,18:07:00,18,1,1,30
201501KD50645,0.22044,51.562025,3,1,1,2015-11-25,4,November,10:35:00,10,1,1,30
201501KD50646,0.191295,51.523004,2,2,2,2015-11-20,6,November,17:45:00,17,1,1,30
201501KD50647,0.212714,51.542566,3,2,2,2015-11-26,5,November,16:00:00,16,2,2,30
201501KD50648,0.169781,51.525293,3,2,1,2015-11-28,7,November,19:25:00,19,1,1,30
201501KD50649,0.169139,51.520898,3,2,1,2015-11-05,5,November,18:00:00,18,1,1,30
201501KD50650,0.183967,51.51145,3,2,2,2015-11-23,2,November,08:15:00,8,2,2,30
201501KD50651,0.204171,51.53886,3,2,1,2015-11-04,4,November,16:54:00,16,1,1,30
201501KD50652,0.172839,51.586477,3,2,1,2015-09-17,5,September,15:00:00,15,1,1,30
201501KD50653,0.212257,51.592575,3,2,1,2015-11-26,5,November,16:55:00,16,1,2,30
201501KD50654,0.256395,51.577166,3,2,1,2015-11-07,7,November,17:55:00,17,2,2,30
201501KD50655,0.22126,51.614348,3,1,1,2015-11-20,6,November,14:05:00,14,1,1,30
201501KD50656,0.215242,51.606458,3,2,2,2015-12-01,3,December,16:00:00,16,1,1,30
201501KD50657,0.212983,51.574846,3,2,1,2015-11-28,7,November,18:21:00,18,2,2,30
201501KD50658,0.210596,51.585142,3,1,1,2015-11-24,3,November,15:10:00,15,1,1,30
201501KD50660,0.163319,51.598793,3,1,1,2015-11-25,4,November,10:30:00,10,1,1,30
201501KD50661,0.246973,51.550009,3,2,1,2015-11-30,2,November,20:20:00,20,1,2,30
201501KD50662,0.184373,51.580148,3,1,1,2015-12-04,6,December,12:20:00,12,1,1,30
201501KD50666,0.180448,51.603692,2,2,2,2015-12-07,2,December,21:41:00,21,1,1,30
201501KD50667,0.188822,51.528536,3,2,3,2015-12-09,4,December,10:10:00,10,1,1,30
201501KD50668,0.168946,51.589607,3,2,1,2015-12-06,1,December,19:01:00,19,2,2,30
201501KD50669,0.193604,51.577008,3,2,1,2015-10-22,5,October,18:30:00,18,1,1,30
201501KD50670,0.1801,51.578339,3,1,2,2015-12-07,2,December,14:33:00,14,1,1,30
201501KD50671,0.180228,51.571952,3,2,1,2015-12-06,1,December,16:30:00,16,1,1,30
201501KD50672,0.16863,51.519289,3,2,1,2015-12-08,3,December,07:56:00,7,2,2,30
201501KD50673,0.176774,51.523814,3,2,1,2015-12-07,2,December,21:10:00,21,1,1,30
201501KD50674,0.225935,51.630176,3,2,1,2015-11-24,3,November,13:55:00,13,2,2,70
201501KD50677,0.164676,51.581772,3,2,1,2015-11-29,1,November,06:39:00,6,1,1,30
201501KD50679,0.153803,51.568573,3,2,1,2015-12-07,2,December,07:35:00,7,1,1,30
201501KD50681,0.157073,51.598009,2,1,1,2015-12-04,6,December,18:15:00,18,1,1,30
201501KD50682,0.185934,51.531468,3,2,1,2015-11-19,5,November,12:00:00,12,2,2,30
201501KD50683,0.206892,51.553377,3,1,1,2015-11-01,1,November,07:45:00,7,7,1,30
201501KD50684,0.289431,51.565375,3,2,1,2015-12-07,2,December,15:10:00,15,1,1,70
201501KD50685,0.240872,51.557949,3,1,1,2015-12-08,3,December,08:08:00,8,2,2,30
201501KD50686,0.186632,51.567066,3,2,1,2015-12-11,6,December,15:54:00,15,1,1,30
201501KD50687,0.221338,51.500496,3,1,1,2015-12-13,1,December,22:25:00,22,1,1,70
201501KD50688,0.288355,51.566925,3,2,1,2015-12-14,2,December,06:30:00,6,1,1,70
201501KD50689,0.17934,51.514144,3,3,1,2015-09-16,4,September,18:40:00,18,2,2,70
201501KD50690,0.189967,51.555403,2,2,4,2015-12-01,3,December,00:54:00,0,2,2,30
201501KD50691,0.230028,51.560404,3,1,1,2015-12-17,5,December,16:50:00,16,1,1,30
201501KD50692,0.21571,51.562654,3,2,1,2015-12-19,7,December,12:09:00,12,1,1,30
201501KD50693,0.219501,51.554578,3,2,1,2015-11-10,3,November,16:55:00,16,1,1,30
201501KD50694,0.224883,51.605736,3,2,2,2015-12-18,6,December,08:01:00,8,1,1,30
201501KD50695,0.286224,51.570474,3,2,1,2015-12-11,6,December,05:40:00,5,4,1,70
201501KD50696,0.189856,51.529056,3,2,1,2015-10-22,5,October,00:11:00,0,9,1,30
201501KD50697,0.200422,51.586683,3,2,1,2015-12-18,6,December,13:55:00,13,1,1,30
201501KD50698,0.185605,51.566726,3,3,1,2015-12-02,4,December,19:00:00,19,1,2,30
201501KD50699,0.186574,51.574891,3,1,1,2015-12-22,3,December,10:15:00,10,1,1,30
201501KD50700,0.213271,51.592646,3,2,2,2015-12-27,1,December,16:45:00,16,1,2,40
201501KD50702,0.183932,51.579976,2,2,2,2015-12-23,4,December,12:25:00,12,1,1,30
201501KD50703,0.165386,51.520787,3,2,1,2015-12-10,5,December,13:24:00,13,1,1,70
201501KD50705,0.159133,51.568385,3,2,2,2015-12-22,3,December,16:30:00,16,1,1,30
201501KD50706,0.213147,51.542558,3,2,3,2015-12-19,7,December,15:10:00,15,1,1,30
201501KD50707,0.195483,51.565102,3,1,1,2015-12-07,2,December,12:14:00,12,1,1,30
201501KD50708,0.16992,51.5252,3,2,3,2015-12-28,2,December,13:08:00,13,1,1,30
201501KD50709,0.22993,51.55546,3,2,2,2015-12-21,2,December,11:25:00,11,1,1,30
201501KD50710,0.210892,51.600155,3,2,1,2015-12-24,5,December,13:00:00,13,1,1,30
201501KD50711,0.165257,51.581851,3,2,1,2015-12-22,3,December,17:05:00,17,1,1,50
201501KD50713,0.166141,51.576169,3,1,1,2015-12-17,5,December,20:30:00,20,2,2,30
201501KD50714,0.188409,51.510918,3,3,1,2015-12-06,1,December,17:38:00,17,2,2,70
201501KD50715,0.224328,51.606196,3,2,4,2015-12-20,1,December,16:00:00,16,2,2,30
201501KD50716,0.197473,51.519561,3,1,1,2015-11-19,5,November,17:58:00,17,1,1,30
201501KD50717,0.177418,51.603748,3,2,1,2015-11-16,2,November,17:19:00,17,1,1,30
201501KD50718,0.210436,51.575883,3,2,1,2015-12-26,7,December,05:00:00,5,1,1,30
201501KD50719,0.16992,51.5252,3,2,1,2015-12-28,2,December,22:10:00,22,1,1,40
201501KD50721,0.212682,51.562711,3,3,3,2015-12-31,5,December,14:45:00,14,1,1,30
201501KD50725,0.251401,51.604601,3,2,2,2015-12-16,4,December,06:55:00,6,1,1,50
201501KD50726,0.188424,51.565324,3,2,1,2015-12-22,3,December,17:57:00,17,1,1,30
201501KD50733,0.173344,51.518392,3,2,2,2015-12-19,7,December,20:05:00,20,1,1,70
201501KD50734,0.16905,51.564515,3,2,1,2015-12-21,2,December,15:11:00,15,2,2,30
201501KD50735,0.242959,51.606201,3,1,1,2015-12-29,3,December,18:45:00,18,1,1,30
201501KD50736,0.192363,51.584226,3,2,3,2015-12-26,7,December,14:01:00,14,1,1,30
201501KD50742,0.162174,51.586854,3,2,1,2015-12-21,2,December,20:20:00,20,1,1,30
201501KD50744,0.195165,51.564479,3,2,1,2015-12-29,3,December,12:20:00,12,1,1,30
201501KD59003,0.22815,51.56035,3,3,2,2015-11-21,7,November,11:30:00,11,1,1,30
201501KD59013,0.212616,51.582137,3,2,1,2015-11-10,3,November,14:18:00,14,1,1,30
201501KD59023,0.232182,51.55137,3,2,1,2015-08-20,5,August,19:40:00,19,1,1,30
201501KD59028,0.175152,51.565391,3,2,2,2015-12-25,6,December,21:55:00,21,1,1,30
201501KD59037,0.251778,51.562597,3,2,1,2015-12-08,3,December,17:44:00,17,1,1,30
201501KD59040,0.237344,51.568358,3,2,1,2015-10-08,5,October,14:59:00,14,1,1,30
201501KD59055,0.240872,51.557949,3,2,2,2015-12-30,4,December,21:47:00,21,1,1,30
201501KD59063,0.165836,51.600096,3,1,1,2015-12-29,3,December,17:45:00,17,1,1,30
201501KD59070,0.219288,51.57095,3,1,1,2015-12-05,7,December,11:30:00,11,1,1,30
201501KD59129,0.207252,51.542939,3,1,1,2015-12-04,6,December,18:30:00,18,1,1,30
201501KD59147,0.225967,51.621992,3,2,1,2015-08-31,2,August,21:00:00,21,2,2,60
201501KF60003,0.00461,51.522926,3,2,1,2015-01-06,3,January,20:35:00,20,1,1,30
201501KF60004,0.007481,51.542301,3,1,1,2015-01-01,5,January,14:50:00,14,1,1,30
201501KF60005,0.029249,51.52592,3,2,1,2015-01-03,7,January,22:03:00,22,1,1,30
201501KF60007,0.05614,51.52761,3,1,1,2015-01-09,6,January,10:40:00,10,1,1,30
201501KF60010,0.014701,51.532735,3,2,1,2015-01-10,7,January,11:05:00,11,2,2,30
201501KF60013,0.031227,51.502325,3,2,1,2015-01-10,7,January,16:05:00,16,1,2,30
201501KF60014,0.034451,51.529427,3,2,1,2015-01-02,6,January,14:00:00,14,1,1,30
201501KF60015,0.023433,51.518286,3,1,1,2015-01-04,1,January,04:00:00,4,7,4,30
201501KF60016,0.018604,51.5297,3,2,2,2015-01-04,1,January,17:50:00,17,1,1,30
201501KF60017,0.069356,51.501118,3,2,1,2015-01-06,3,January,08:50:00,8,1,2,30
201501KF60018,0.025553,51.546577,3,1,1,2015-01-06,3,January,17:00:00,17,1,1,30
201501KF60023,-0.009547,51.53216,3,2,1,2015-01-15,5,January,16:38:00,16,1,1,30
201501KF60024,0.05389,51.516048,3,2,1,2015-01-15,5,January,13:05:00,13,1,2,30
201501KF60025,0.045419,51.539308,3,2,2,2015-01-17,7,January,23:14:00,23,1,1,30
201501KF60026,0.00461,51.522926,3,2,1,2015-01-15,5,January,23:10:00,23,1,1,30
201501KF60027,0.008984,51.53715,3,1,1,2015-01-14,4,January,07:56:00,7,1,1,30
201501KF60028,0.022049,51.532609,3,2,1,2015-01-13,3,January,12:14:00,12,2,2,30
201501KF60029,0.061294,51.552339,3,1,1,2015-01-12,2,January,19:48:00,19,2,2,30
201501KF60033,0.01201,51.537098,3,2,1,2015-01-17,7,January,14:15:00,14,1,1,30
201501KF60035,0.006523,51.536922,3,2,1,2015-01-08,5,January,17:10:00,17,1,1,30
201501KF60037,0.010082,51.552239,3,2,1,2015-01-16,6,January,13:00:00,13,1,1,30
201501KF60038,0.03657,51.544588,2,2,1,2015-01-09,6,January,20:30:00,20,1,1,30
201501KF60041,0.049423,51.532134,2,1,1,2015-01-26,2,January,18:43:00,18,1,1,30
201501KF60042,0.012317,51.521176,3,2,1,2015-01-12,2,January,17:53:00,17,1,1,30
201501KF60043,0.035684,51.534441,3,1,1,2015-01-22,5,January,14:00:00,14,1,1,30
201501KF60045,0.061326,51.521134,3,1,1,2015-01-20,3,January,07:05:00,7,1,4,50
201501KF60046,0.072167,51.528137,2,2,3,2015-01-16,6,January,13:05:00,13,1,1,50
201501KF60048,0.020101,51.530934,3,2,1,2015-01-15,5,January,19:00:00,19,4,1,30
201501KF60049,0.025158,51.511692,3,1,1,2015-01-16,6,January,12:25:00,12,1,2,30
201501KF60051,0.001645,51.540782,2,1,1,2015-01-19,2,January,15:00:00,15,1,1,30
201501KF60052,0.021373,51.530372,3,1,1,2015-01-17,7,January,17:20:00,17,1,1,30
201501KF60054,0.024209,51.519532,3,1,1,2015-01-04,1,January,17:30:00,17,1,1,30
201501KF60055,0.010584,51.540719,3,2,1,2015-01-24,7,January,18:45:00,18,1,1,30
201501KF60057,0.040113,51.523843,3,2,1,2015-01-18,1,January,14:30:00,14,1,1,30
201501KF60059,0.031594,51.517066,2,2,1,2015-01-30,6,January,18:07:00,18,1,1,50
201501KF60062,0.006213,51.54628,3,2,1,2015-01-04,1,January,16:50:00,16,1,1,30
201501KF60063,0.004442,51.52239,3,2,3,2015-01-22,5,January,13:22:00,13,1,1,30
201501KF60064,0.049916,51.543096,3,1,1,2015-01-05,2,January,19:05:00,19,1,1,30
201501KF60065,-0.000719,51.539474,3,2,1,2015-01-20,3,January,14:06:00,14,1,1,30
201501KF60069,0.049575,51.532311,3,1,1,2015-01-15,5,January,16:45:00,16,1,1,30
201501KF60072,-0.007349,51.536259,3,2,1,2015-01-20,3,January,09:05:00,9,1,1,30
201501KF60073,-0.005944,51.535426,3,1,1,2015-01-03,7,January,16:40:00,16,1,1,30
201501KF60074,0.045718,51.536335,3,2,1,2015-01-22,5,January,08:20:00,8,1,1,30
201501KF60075,0.049859,51.532216,3,2,2,2015-01-03,7,January,19:00:00,19,1,1,30
201501KF60077,0.027305,51.527572,3,2,1,2015-01-30,6,January,09:43:00,9,1,1,30
201501KF60078,0.057039,51.553943,3,2,1,2015-01-31,7,January,00:39:00,0,1,1,30
201501KF60079,-0.007633,51.536354,3,2,2,2015-02-01,1,February,03:50:00,3,5,2,30
201501KF60080,0.021805,51.517325,3,2,1,2015-01-23,6,January,16:43:00,16,1,2,50
201501KF60081,0.056164,51.528149,3,1,1,2015-01-16,6,January,18:30:00,18,1,1,30
201501KF60083,0.046195,51.550175,3,1,1,2015-02-05,5,February,16:00:00,16,1,1,30
201501KF60084,0.010353,51.512576,3,2,2,2015-02-03,3,February,18:19:00,18,1,1,30
201501KF60085,0.070866,51.509005,3,1,1,2015-02-06,6,February,11:35:00,11,1,1,30
201501KF60086,0.040305,51.54749,3,2,1,2015-02-04,4,February,11:50:00,11,1,1,30
201501KF60088,0.059214,51.528635,3,1,1,2015-01-30,6,January,14:11:00,14,1,1,30
201501KF60089,0.033952,51.537619,3,1,1,2015-02-09,2,February,16:26:00,16,1,1,30
201501KF60090,0.014906,51.511239,3,3,1,2015-01-01,5,January,12:13:00,12,1,1,30
201501KF60091,0.049278,51.551381,3,1,2,2015-02-05,5,February,15:50:00,15,1,1,30
201501KF60092,0.058553,51.520373,3,2,1,2015-02-11,4,February,08:00:00,8,1,1,30
201501KF60094,0.049571,51.551465,3,1,1,2015-01-21,4,January,16:16:00,16,1,1,30
201501KF60095,0.034295,51.509735,3,1,1,2015-01-13,3,January,15:50:00,15,1,2,30
201501KF60096,0.007459,51.515593,3,2,3,2015-02-09,2,February,11:04:00,11,1,1,30
201501KF60097,0.007459,51.515593,3,2,3,2015-02-12,5,February,18:15:00,18,1,1,30
201501KF60098,0.055473,51.544797,3,1,1,2015-02-09,2,February,15:05:00,15,1,1,30
201501KF60099,0.063138,51.538908,3,1,1,2015-02-09,2,February,18:40:00,18,1,1,30
201501KF60100,-0.007607,51.533656,3,2,1,2015-01-30,6,January,23:45:00,23,1,1,30
201501KF60102,0.024828,51.549737,3,1,1,2015-02-13,6,February,15:31:00,15,2,2,30
201501KF60103,0.032815,51.525049,3,2,3,2015-02-13,6,February,17:40:00,17,2,2,30
201501KF60104,0.025422,51.537137,2,2,1,2015-02-13,6,February,21:51:00,21,1,1,30
201501KF60105,0.025553,51.546577,3,2,1,2015-02-04,4,February,19:40:00,19,1,1,30
201501KF60106,0.030757,51.546847,3,2,2,2015-02-12,5,February,16:55:00,16,1,1,30
201501KF60107,0.036598,51.545217,3,1,1,2015-01-21,4,January,20:50:00,20,1,1,30
201501KF60112,0.06597,51.556843,3,4,1,2015-02-14,7,February,09:45:00,9,1,2,30
201501KF60113,0.041822,51.526601,3,2,2,2015-01-03,7,January,18:16:00,18,1,1,30
201501KF60114,0.010395,51.516802,3,2,1,2015-02-23,2,February,17:53:00,17,1,1,30
201501KF60115,0.04225,51.523266,3,2,1,2015-02-20,6,February,07:40:00,7,1,1,30
201501KF60116,0.029393,51.525917,3,1,1,2015-01-27,3,January,18:25:00,18,1,1,30
201501KF60117,0.009439,51.524552,3,1,1,2015-02-02,2,February,09:20:00,9,1,1,30
201501KF60118,0.025342,51.541814,3,1,1,2015-02-03,3,February,15:30:00,15,1,1,30
201501KF60119,-0.001393,51.547129,3,1,1,2015-02-04,4,February,15:02:00,15,2,2,30
201501KF60120,0.031594,51.517066,3,2,1,2015-02-23,2,February,19:15:00,19,1,1,50
201501KF60122,0.011275,51.543315,2,2,1,2015-01-02,6,January,19:30:00,19,1,1,30
201501KF60123,-0.001497,51.541465,3,1,1,2015-01-13,3,January,21:05:00,21,1,1,30
201501KF60124,0.060598,51.533736,3,2,1,2015-02-20,6,February,13:01:00,13,1,1,30
201501KF60126,0.005488,51.533073,3,2,1,2015-02-13,6,February,18:40:00,18,2,2,30
201501KF60127,0.004405,51.544512,3,1,1,2015-02-23,2,February,18:24:00,18,4,2,30
201501KF60128,0.02604,51.525076,3,1,1,2015-02-07,7,February,06:20:00,6,1,1,30
201501KF60130,0.067315,51.535597,3,2,1,2015-02-21,7,February,15:00:00,15,1,1,30
201501KF60131,0.056602,51.55386,3,2,2,2015-01-30,6,January,20:34:00,20,1,1,30
201501KF60132,0.025261,51.546492,3,2,1,2015-02-18,4,February,18:30:00,18,1,1,30
201501KF60133,0.04816,51.548972,3,1,1,2015-02-26,5,February,12:20:00,12,2,2,30
201501KF60134,0.056251,51.533273,3,1,1,2015-02-23,2,February,10:27:00,10,1,1,30
201501KF60135,0.05587,51.553603,3,2,1,2015-02-24,3,February,08:45:00,8,1,1,30
201501KF60136,0.055815,51.533191,3,1,1,2015-02-28,7,February,09:26:00,9,1,2,30
201501KF60137,0.067773,51.523448,3,3,2,2015-02-17,3,February,12:15:00,12,1,1,50
201501KF60138,0.050907,51.539482,3,2,1,2015-02-19,5,February,10:30:00,10,1,1,30
201501KF60139,0.022748,51.538622,3,2,1,2015-02-23,2,February,09:15:00,9,1,1,30
201501KF60140,0.058305,51.521277,3,1,1,2015-02-18,4,February,18:00:00,18,1,1,30
201501KF60141,0.058301,51.521187,3,2,1,2015-02-27,6,February,18:10:00,18,1,1,30
201501KF60142,0.035838,51.547568,3,2,1,2015-03-03,3,March,20:21:00,20,1,1,30
201501KF60143,0.061344,51.524731,3,2,2,2015-02-28,7,February,22:50:00,22,1,1,30
201501KF60144,0.045207,51.512064,3,2,2,2015-02-09,2,February,16:50:00,16,1,1,30
201501KF60145,0.054404,51.553089,2,2,1,2015-03-01,1,March,23:40:00,23,4,1,30
201501KF60146,0.037553,51.531081,3,1,1,2015-01-01,5,January,01:04:00,1,1,1,30
201501KF60147,0.019088,51.530861,3,1,1,2015-03-08,1,March,16:45:00,16,1,1,30
201501KF60149,0.047665,51.550779,3,1,2,2015-03-03,3,March,12:05:00,12,1,1,30
201501KF60150,0.036356,51.530113,3,1,1,2015-02-15,1,February,17:40:00,17,1,1,30
201501KF60152,0.068358,51.523618,3,2,1,2015-03-03,3,March,17:49:00,17,1,1,50
201501KF60153,0.028299,51.546709,3,2,1,2015-03-09,2,March,08:05:00,8,1,1,30
201501KF60157,-0.005971,51.534797,3,2,2,2015-01-24,7,January,13:00:00,13,1,1,30
201501KF60158,0.023097,51.517213,3,2,1,2015-03-12,5,March,09:13:00,9,1,1,50
201501KF60159,0.050031,51.542465,3,2,3,2015-02-27,6,February,20:20:00,20,1,1,30
201501KF60160,0.018864,51.545343,3,1,1,2015-02-12,5,February,17:05:00,17,1,1,30
201501KF60161,0.000761,51.540348,3,1,1,2015-02-26,5,February,18:45:00,18,1,1,30
201501KF60162,0.072188,51.525439,2,2,1,2015-03-15,1,March,16:30:00,16,1,1,30
201501KF60163,0.005917,51.532976,3,2,2,2015-03-01,1,March,23:38:00,23,1,1,30
201501KF60164,0.055306,51.531491,3,2,1,2015-03-10,3,March,14:15:00,14,1,1,30
201501KF60165,0.051163,51.538758,3,1,1,2015-02-22,1,February,12:30:00,12,1,1,30
201501KF60166,0.010518,51.519588,3,1,1,2015-01-15,5,January,18:30:00,18,1,1,30
201501KF60167,0.011871,51.533953,3,1,1,2015-03-14,7,March,12:11:00,12,1,1,30
201501KF60168,0.077584,51.526782,3,2,1,2015-02-27,6,February,16:15:00,16,1,1,50
201501KF60169,0.073373,51.526137,3,2,1,2015-03-10,3,March,13:13:00,13,1,1,30
201501KF60170,0.034295,51.509735,3,1,2,2015-03-21,7,March,10:55:00,10,1,1,30
201501KF60171,0.015798,51.544497,3,2,1,2015-03-24,3,March,15:20:00,15,1,2,30
201501KF60172,0.033952,51.537619,3,2,2,2015-03-11,4,March,18:00:00,18,2,2,30
201501KF60173,0.025549,51.546487,3,2,1,2015-01-24,7,January,20:30:00,20,1,1,30
201501KF60174,0.005163,51.548636,2,2,1,2015-03-20,6,March,19:25:00,19,1,1,30
201501KF60175,0.050031,51.542465,3,2,2,2015-03-18,4,March,18:20:00,18,1,1,30
201501KF60176,0.053814,51.533586,3,2,3,2015-02-26,5,February,16:15:00,16,1,1,30
201501KF60177,0.049433,51.516306,3,2,1,2015-02-28,7,February,13:00:00,13,1,1,30
201501KF60179,-0.005667,51.535152,3,2,2,2015-02-11,4,February,16:50:00,16,1,1,30
201501KF60180,0.022457,51.5353,3,2,1,2015-03-26,5,March,10:58:00,10,1,1,30
201501KF60181,0.03087,51.516989,2,2,1,2015-03-27,6,March,16:29:00,16,1,1,30
201501KF60182,0.033267,51.53844,3,2,1,2015-03-27,6,March,16:15:00,16,1,1,30
201501KF60183,0.042835,51.526673,3,1,1,2015-03-23,2,March,18:30:00,18,1,1,30
201501KF60184,0.051032,51.551889,3,2,1,2015-03-16,2,March,16:27:00,16,1,1,30
201501KF60185,0.007551,51.537354,3,2,2,2015-03-18,4,March,22:25:00,22,1,1,30
201501KF60186,0.036093,51.537132,3,2,1,2015-03-03,3,March,20:00:00,20,1,1,30
201501KF60187,-0.001385,51.540744,3,1,1,2015-01-28,4,January,10:50:00,10,1,1,30
201501KF60188,0.051435,51.538393,3,1,1,2015-03-28,7,March,06:58:00,6,1,1,30
201501KF60189,0.031594,51.517066,3,2,1,2015-03-27,6,March,10:05:00,10,1,1,50
201501KF60190,0.025136,51.550181,3,2,1,2015-01-28,4,January,18:38:00,18,1,1,30
201501KF60191,0.006213,51.54628,2,1,1,2015-03-30,2,March,04:50:00,4,1,1,30
201501KF60192,0.019951,51.521044,3,2,1,2015-03-28,7,March,10:30:00,10,1,1,30
201501KF60193,0.004669,51.524274,3,2,1,2015-03-21,7,March,19:00:00,19,1,1,30
201501KF60194,0.008155,51.515042,3,1,1,2015-03-21,7,March,19:34:00,19,1,1,30
201501KF60195,0.010395,51.516802,3,2,1,2015-03-27,6,March,07:30:00,7,1,1,30
201501KF60196,0.012599,51.517753,3,1,1,2015-02-09,2,February,09:10:00,9,1,1,30
201501KF60197,0.025549,51.546487,3,2,4,2015-03-13,6,March,16:00:00,16,1,1,30
201501KF60198,0.038098,51.536827,3,1,1,2015-03-30,2,March,18:43:00,18,2,2,30
201501KF60199,0.022752,51.522435,3,1,1,2015-03-27,6,March,08:10:00,8,1,1,30
201501KF60200,-0.002087,51.537878,3,2,1,2015-03-30,2,March,08:45:00,8,1,1,30
201501KF60201,0.029393,51.525917,3,2,1,2015-02-16,2,February,17:35:00,17,2,2,30
201501KF60202,-0.004923,51.535678,3,2,1,2015-03-04,4,March,13:00:00,13,1,1,30
201501KF60203,0.008459,51.515396,3,2,1,2015-03-31,3,March,14:14:00,14,4,2,30
201501KF60204,0.022813,51.517308,2,1,1,2015-03-24,3,March,10:25:00,10,1,1,50
201501KF60205,0.067256,51.553403,3,2,1,2015-03-11,4,March,12:45:00,12,1,1,50
201501KF60206,0.052646,51.552491,3,2,1,2015-02-03,3,February,21:30:00,21,1,1,30
201501KF60207,0.068041,51.548443,2,4,4,2015-04-01,4,April,14:45:00,14,1,1,50
201501KF60208,0.064012,51.551842,3,1,1,2015-03-31,3,March,15:50:00,15,1,1,30
201501KF60209,0.048569,51.548425,3,1,1,2015-02-22,1,February,08:24:00,8,1,1,30
201501KF60210,0.048397,51.551036,3,2,1,2015-03-30,2,March,11:15:00,11,1,1,30
201501KF60211,0.011019,51.534237,3,1,1,2015-02-24,3,February,18:29:00,18,1,1,30
201501KF60212,0.055442,51.531309,2,1,1,2015-02-07,7,February,01:44:00,1,1,1,30
201501KF60213,0.006435,51.515251,3,2,2,2015-02-24,3,February,07:42:00,7,1,1,30
201501KF60214,0.053138,51.534587,3,1,1,2015-03-18,4,March,13:40:00,13,1,1,30
201501KF60215,0.045916,51.527878,3,1,1,2015-04-10,6,April,11:35:00,11,1,1,30
201501KF60216,0.068541,51.537194,3,2,1,2015-03-30,2,March,08:24:00,8,1,1,50
201501KF60217,0.0349,51.536253,2,1,1,2015-03-31,3,March,08:05:00,8,1,1,30
201501KF60218,0.029782,51.524921,3,1,1,2015-04-10,6,April,09:53:00,9,1,1,30
201501KF60219,0.025204,51.551709,3,2,2,2015-04-07,3,April,18:00:00,18,1,1,30
201501KF60220,0.067356,51.552412,3,2,1,2015-04-01,4,April,14:30:00,14,1,1,50
201501KF60221,0.058973,51.520096,3,2,1,2015-04-06,2,April,13:19:00,13,1,1,30
201501KF60223,0.033495,51.514425,3,2,1,2015-04-06,2,April,13:36:00,13,1,1,30
201501KF60224,0.021385,51.530642,3,1,1,2015-04-07,3,April,20:30:00,20,1,1,30
201501KF60225,0.017007,51.519656,3,1,1,2015-02-27,6,February,17:30:00,17,1,1,30
201501KF60226,0.061766,51.521306,3,2,2,2015-04-09,5,April,21:10:00,21,1,1,50
201501KF60227,0.025553,51.546577,3,2,1,2015-04-10,6,April,17:50:00,17,1,1,30
201501KF60228,0.035032,51.535981,3,2,1,2015-03-19,5,March,14:00:00,14,1,2,30
201501KF60229,0.012385,51.522703,3,2,2,2015-04-01,4,April,13:40:00,13,1,1,30
201501KF60230,0.034904,51.536343,3,1,1,2015-04-20,2,April,11:10:00,11,1,1,30
201501KF60231,0.037801,51.530178,3,2,2,2015-04-11,7,April,22:45:00,22,1,1,30
201501KF60232,0.009535,51.523471,3,1,1,2015-04-02,5,April,15:45:00,15,1,1,30
201501KF60233,0.009071,51.516195,3,2,1,2015-04-17,6,April,23:45:00,23,1,1,30
201501KF60234,0.036644,51.530108,3,2,1,2015-04-04,7,April,22:40:00,22,1,1,30
201501KF60235,-0.004114,51.534406,3,2,1,2015-03-17,3,March,17:35:00,17,1,1,30
201501KF60236,0.028953,51.525745,3,1,1,2015-03-13,6,March,16:00:00,16,1,1,30
201501KF60238,0.004371,51.520772,3,1,1,2015-04-17,6,April,07:30:00,7,1,1,30
201501KF60239,0.005066,51.549716,3,2,1,2015-03-28,7,March,03:20:00,3,1,1,30
201501KF60240,0.054366,51.533036,3,2,1,2015-04-07,3,April,15:09:00,15,1,1,30
201501KF60241,0.062763,51.533788,3,1,1,2015-04-17,6,April,18:42:00,18,1,1,30
201501KF60243,0.003647,51.520694,3,2,1,2015-03-13,6,March,08:10:00,8,1,1,30
201501KF60244,0.037801,51.530178,3,2,3,2015-04-20,2,April,17:30:00,17,1,1,30
201501KF60245,-0.007633,51.536354,3,2,1,2015-01-14,4,January,11:14:00,11,1,1,30
201501KF60246,0.02194,51.536657,3,2,2,2015-04-11,7,April,14:50:00,14,1,1,30
201501KF60248,0.053575,51.544291,3,2,2,2015-03-31,3,March,19:00:00,19,1,1,30
201501KF60249,0.021518,51.53037,3,1,1,2015-04-23,5,April,19:24:00,19,1,1,30
201501KF60250,0.007347,51.545811,3,2,2,2015-04-10,6,April,19:05:00,19,1,1,30
201501KF60251,0.021377,51.530462,3,2,1,2015-04-04,7,April,17:30:00,17,1,1,30
201501KF60252,0.039969,51.549654,3,2,1,2015-03-14,7,March,13:24:00,13,1,1,30
201501KF60253,0.050885,51.535795,3,1,2,2015-04-22,4,April,15:35:00,15,1,1,30
201501KF60254,0.033956,51.537709,3,2,1,2015-04-24,6,April,19:45:00,19,1,1,30
201501KF60255,0.006904,51.542311,3,2,2,2015-04-25,7,April,11:40:00,11,1,1,30
201501KF60256,0.055439,51.540841,3,1,1,2015-04-26,1,April,16:10:00,16,1,1,30
201501KF60257,0.040622,51.52878,3,2,1,2015-04-26,1,April,17:17:00,17,1,1,30
201501KF60258,0.055046,51.532125,3,1,1,2015-04-25,7,April,16:20:00,16,1,1,30
201501KF60259,0.051542,51.537582,3,2,1,2015-04-15,4,April,14:15:00,14,1,1,30
201501KF60260,0.052655,51.546286,3,1,1,2015-04-03,6,April,23:20:00,23,1,1,30
201501KF60262,0.006912,51.535926,3,1,1,2015-04-02,5,April,20:50:00,20,1,1,30
201501KF60264,0.068934,51.523608,3,4,1,2015-04-22,4,April,18:17:00,18,1,1,50
201501KF60265,0.033643,51.533937,3,1,2,2015-04-23,5,April,08:50:00,8,1,1,30
201501KF60266,0.001501,51.540785,3,2,2,2015-03-23,2,March,15:05:00,15,1,1,30
201501KF60268,0.012495,51.508853,3,2,1,2015-04-15,4,April,07:21:00,7,1,1,40
201501KF60269,0.054484,51.519635,3,3,1,2015-04-14,3,April,08:22:00,8,1,1,50
201501KF60270,-0.005519,51.535239,3,2,1,2015-04-21,3,April,10:35:00,10,1,1,30
201501KF60271,0.054366,51.533036,3,2,1,2015-05-14,5,May,07:28:00,7,1,1,30
201501KF60272,0.040792,51.539029,3,2,1,2015-04-27,2,April,16:05:00,16,1,1,30
201501KF60273,-0.004319,51.536298,3,2,1,2015-04-29,4,April,17:07:00,17,1,1,30
201501KF60274,0.00923,51.542721,3,2,1,2015-04-03,6,April,15:50:00,15,1,1,30
201501KF60275,0.049432,51.545173,3,1,1,2015-04-02,5,April,16:25:00,16,1,1,30
201501KF60277,-0.005663,51.535241,3,2,2,2015-04-14,3,April,11:00:00,11,1,1,30
201501KF60279,0.051546,51.537672,3,2,1,2015-04-29,4,April,21:25:00,21,1,1,30
201501KF60281,0.051043,51.539299,3,2,1,2015-05-02,7,May,11:31:00,11,1,1,30
201501KF60283,0.009093,51.542903,3,2,2,2015-04-12,1,April,16:15:00,16,1,1,30
201501KF60284,0.051043,51.539299,3,2,3,2015-04-28,3,April,15:58:00,15,1,1,30
201501KF60286,0.065103,51.515402,3,1,1,2015-05-01,6,May,08:36:00,8,1,1,20
201501KF60288,0.021949,51.517323,3,2,2,2015-04-28,3,April,08:20:00,8,1,1,50
201501KF60290,0.025549,51.546487,2,2,1,2015-04-06,2,April,21:00:00,21,1,1,30
201501KF60291,0.063627,51.533773,3,2,2,2015-05-10,1,May,05:07:00,5,1,1,30
201501KF60292,0.059997,51.520438,3,2,1,2015-05-03,1,May,17:25:00,17,1,1,50
201501KF60293,0.012592,51.543742,3,1,1,2015-04-26,1,April,18:40:00,18,1,1,30
201501KF60294,0.052045,51.532717,2,1,1,2015-05-05,3,May,00:20:00,0,2,2,30
201501KF60296,0.012011,51.517494,3,1,1,2015-05-07,5,May,14:45:00,14,1,1,30
201501KF60297,0.0248,51.549108,3,2,1,2015-04-19,1,April,13:40:00,13,1,1,30
201501KF60298,0.026018,51.514825,3,2,2,2015-05-07,5,May,08:30:00,8,1,1,30
201501KF60299,0.058973,51.520096,3,2,4,2015-05-05,3,May,19:01:00,19,1,1,30
201501KF60300,0.01583,51.532176,3,2,2,2015-04-13,2,April,16:45:00,16,1,1,30
201501KF60301,0.004409,51.544602,3,1,1,2015-05-09,7,May,11:02:00,11,1,1,30
201501KF60302,0.009814,51.542891,3,2,1,2015-04-29,4,April,15:10:00,15,1,1,30
201501KF60303,0.033403,51.528546,3,2,1,2015-04-29,4,April,18:15:00,18,1,1,30
201501KF60304,0.05275,51.52596,3,2,2,2015-05-02,7,May,23:15:00,23,2,2,30
201501KF60305,0.029109,51.526012,3,1,1,2015-04-27,2,April,10:50:00,10,1,1,30
201501KF60306,0.006912,51.535926,3,1,1,2015-04-22,4,April,14:40:00,14,1,1,30
201501KF60307,0.056658,51.500712,3,2,1,2015-05-05,3,May,10:30:00,10,1,1,30
201501KF60308,0.026196,51.52858,3,1,1,2015-04-28,3,April,20:10:00,20,1,1,30
201501KF60309,0.055831,51.53355,3,2,1,2015-04-27,2,April,14:05:00,14,1,1,30
201501KF60310,0.049571,51.532221,3,2,2,2015-05-03,1,May,20:25:00,20,1,1,30
201501KF60311,0.072172,51.525079,3,2,1,2015-05-06,4,May,07:35:00,7,1,2,30
201501KF60313,0.027301,51.527482,3,2,1,2015-04-09,5,April,15:00:00,15,1,1,30
201501KF60314,-0.001491,51.538318,3,2,1,2015-04-25,7,April,14:20:00,14,1,1,30
201501KF60315,-0.004471,51.53612,3,2,1,2015-04-23,5,April,14:53:00,14,1,1,30
201501KF60316,0.012676,51.516223,3,3,2,2015-05-10,1,May,15:33:00,15,1,1,30
201501KF60317,0.054516,51.536361,3,2,1,2015-05-13,4,May,19:30:00,19,1,1,30
201501KF60318,0.033547,51.538255,3,1,1,2015-05-06,4,May,10:35:00,10,4,1,30
201501KF60319,0.048888,51.545902,3,2,1,2015-05-04,2,May,14:45:00,14,1,1,30
201501KF60320,0.05993,51.515763,3,2,3,2015-04-14,3,April,20:50:00,20,1,1,30
201501KF60321,0.073933,51.525768,3,2,1,2015-05-09,7,May,14:05:00,14,1,1,30
201501KF60322,0.052189,51.532715,3,2,1,2015-05-12,3,May,13:15:00,13,1,1,30
201501KF60323,0.022432,51.537998,3,1,1,2015-05-11,2,May,15:51:00,15,1,1,30
201501KF60324,0.06217,51.539824,3,2,2,2015-05-08,6,May,22:16:00,22,1,1,30
201501KF60325,0.040049,51.548214,3,1,1,2015-05-09,7,May,14:20:00,14,1,1,30
201501KF60326,0.017332,51.517223,3,2,1,2015-05-14,5,May,17:54:00,17,2,2,30
201501KF60327,0.041655,51.532539,3,1,1,2015-05-02,7,May,19:00:00,19,1,1,30
201501KF60329,0.017332,51.517223,3,1,1,2015-05-06,4,May,07:25:00,7,1,2,30
201501KF60330,0.040053,51.548304,3,2,1,2015-05-15,6,May,08:40:00,8,1,1,30
201501KF60331,-0.007763,51.533389,3,2,1,2015-04-05,1,April,21:30:00,21,1,1,30
201501KF60332,0.005197,51.546117,3,1,1,2015-05-12,3,May,21:10:00,21,1,1,30
201501KF60333,0.023523,51.546342,3,2,1,2015-05-04,2,May,17:00:00,17,1,1,30
201501KF60335,0.008467,51.515576,3,2,1,2015-05-19,3,May,10:30:00,10,1,1,50
201501KF60336,0.021237,51.530554,3,2,1,2015-05-10,1,May,19:18:00,19,1,1,30
201501KF60337,0.022801,51.517038,3,1,1,2015-05-13,4,May,14:32:00,14,1,1,30
201501KF60338,0.02517,51.515199,3,2,1,2015-05-02,7,May,21:40:00,21,1,1,30
201501KF60340,0.011219,51.515889,2,2,1,2015-05-19,3,May,06:40:00,6,1,1,30
201501KF60341,0.042381,51.50366,3,2,1,2015-05-20,4,May,07:55:00,7,1,1,30
201501KF60344,0.010001,51.520945,2,2,1,2015-05-15,6,May,20:00:00,20,1,1,30
201501KF60345,0.025422,51.511148,3,2,1,2015-05-22,6,May,22:00:00,22,1,1,30
201501KF60346,0.013922,51.541202,3,2,1,2015-05-02,7,May,22:35:00,22,1,2,30
201501KF60347,0.049571,51.532221,3,2,1,2015-05-17,1,May,03:24:00,3,1,2,30
201501KF60348,0.040158,51.528069,3,2,2,2015-05-18,2,May,07:50:00,7,2,2,30
201501KF60349,0.031174,51.54648,3,2,2,2015-05-23,7,May,23:40:00,23,1,1,30
201501KF60350,0.068212,51.5363,3,2,1,2015-05-22,6,May,20:37:00,20,1,1,30
201501KF60352,0.017252,51.541504,3,2,2,2015-02-23,2,February,18:00:00,18,1,1,30
201501KF60354,0.074518,51.525937,3,2,1,2015-05-19,3,May,15:20:00,15,1,1,40
201501KF60355,0.031046,51.546842,3,2,1,2015-01-28,4,January,18:20:00,18,1,1,30
201501KF60356,0.072242,51.526607,3,2,1,2015-05-28,5,May,09:10:00,9,1,1,50
201501KF60357,0.021342,51.54593,3,2,1,2015-04-13,2,April,13:30:00,13,1,1,30
201501KF60358,0.072184,51.525349,3,2,1,2015-05-23,7,May,12:37:00,12,2,2,30
201501KF60360,-0.004463,51.5363,3,2,1,2015-05-18,2,May,16:35:00,16,1,1,30
201501KF60361,0.056168,51.528239,3,2,1,2015-05-17,1,May,22:35:00,22,1,1,30
201501KF60362,0.022934,51.529806,3,2,1,2015-05-06,4,May,18:16:00,18,1,1,30
201501KF60363,0.011693,51.513542,3,2,1,2015-05-24,1,May,18:35:00,18,1,1,30
201501KF60364,0.023664,51.54625,2,2,1,2015-04-29,4,April,16:54:00,16,1,1,30
201501KF60366,0.068942,51.523787,3,3,2,2015-05-14,5,May,16:15:00,16,2,2,50
201501KF60368,-0.007634,51.533027,3,2,1,2015-05-21,5,May,14:55:00,14,1,1,30
201501KF60369,0.044538,51.538963,3,1,1,2015-06-01,2,June,16:10:00,16,1,1,30
201501KF60371,0.062279,51.510326,3,1,1,2015-06-02,3,June,17:14:00,17,1,1,30
201501KF60372,0.032891,51.513806,3,1,1,2015-05-27,4,May,15:30:00,15,1,1,30
201501KF60373,0.069785,51.507406,3,1,1,2015-06-02,3,June,18:58:00,18,1,1,30
201501KF60374,0.050155,51.551635,3,2,1,2015-05-12,3,May,10:34:00,10,1,1,30
201501KF60375,0.053728,51.538083,3,2,1,2015-05-31,1,May,18:55:00,18,1,1,30
201501KF60376,0.058093,51.542144,3,1,1,2015-04-24,6,April,15:20:00,15,1,1,30
201501KF60377,0.010495,51.515811,3,2,1,2015-05-26,3,May,10:25:00,10,1,1,50
201501KF60378,0.050149,51.516204,3,2,2,2015-05-24,1,May,22:00:00,22,1,1,30
201501KF60379,0.01962,51.54614,3,2,1,2015-05-14,5,May,20:12:00,20,2,2,30
201501KF60381,0.080794,51.527625,3,2,2,2015-06-05,6,June,08:00:00,8,1,1,50
201501KF60383,0.035628,51.529946,3,2,1,2015-04-22,4,April,11:03:00,11,1,1,30
201501KF60384,0.059972,51.551823,3,1,1,2015-06-02,3,June,09:00:00,9,1,1,30
201501KF60385,0.020395,51.521306,3,2,1,2015-05-22,6,May,17:49:00,17,1,1,30
201501KF60386,0.051897,51.53263,3,2,2,2015-05-21,5,May,23:00:00,23,1,1,30
201501KF60387,0.072354,51.522738,3,2,2,2015-06-08,2,June,15:00:00,15,1,1,30
201501KF60388,0.05993,51.515763,3,2,1,2015-06-04,5,June,18:00:00,18,1,1,30
201501KF60389,0.002626,51.540136,3,2,1,2015-06-08,2,June,06:40:00,6,1,1,30
201501KF60391,0.008741,51.528341,3,2,1,2015-06-04,5,June,11:00:00,11,1,1,30
201501KF60392,0.055226,51.500917,3,1,1,2015-04-20,2,April,07:40:00,7,1,1,30
201501KF60394,0.034759,51.516921,3,2,1,2015-05-12,3,May,22:35:00,22,1,1,30
201501KF60395,0.054658,51.533121,3,2,1,2015-05-22,6,May,13:17:00,13,1,1,30
201501KF60396,0.033379,51.528006,3,2,1,2015-05-16,7,May,15:37:00,15,1,1,30
201501KF60397,0.022872,51.521893,3,2,1,2015-05-12,3,May,23:00:00,23,1,1,30
201501KF60398,0.002524,51.531235,3,1,1,2015-05-17,1,May,21:45:00,21,1,1,30
201501KF60399,0.044027,51.511455,3,1,1,2015-06-11,5,June,15:25:00,15,1,1,30
201501KF60400,0.053563,51.518392,3,2,1,2015-06-11,5,June,19:50:00,19,1,1,30
201501KF60401,0.022229,51.517138,3,2,1,2015-06-08,2,June,13:15:00,13,1,1,40
201501KF60402,0.056107,51.533276,3,2,2,2015-04-30,5,April,07:30:00,7,1,1,30
201501KF60403,0.029397,51.526007,3,1,1,2015-06-06,7,June,21:10:00,21,1,1,30
201501KF60405,0.036774,51.542696,3,1,1,2015-04-30,5,April,18:08:00,18,1,1,30
201501KF60406,0.054074,51.532952,3,1,1,2015-05-02,7,May,12:36:00,12,1,1,30
201501KF60407,0.023664,51.54625,3,2,1,2015-04-30,5,April,18:25:00,18,1,1,30
201501KF60408,0.042239,51.548805,3,2,1,2015-05-08,6,May,14:32:00,14,1,1,30
201501KF60409,0.058441,51.521095,3,1,1,2015-05-26,3,May,13:35:00,13,1,1,30
201501KF60410,0.032519,51.521637,2,1,1,2015-05-15,6,May,17:15:00,17,1,1,30
201501KF60412,0.032367,51.540884,3,2,1,2015-06-07,1,June,17:00:00,17,1,1,30
201501KF60415,0.035032,51.535981,3,1,1,2015-05-26,3,May,08:25:00,8,1,1,30
201501KF60417,0.016596,51.516875,3,3,2,2015-06-11,5,June,15:07:00,15,1,1,50
201501KF60418,-0.001339,51.538495,3,2,1,2015-06-04,5,June,14:40:00,14,1,1,30
201501KF60419,0.007802,51.533213,3,2,1,2015-03-18,4,March,09:10:00,9,1,1,30
201501KF60420,0.010543,51.516889,3,2,1,2015-06-01,2,June,14:30:00,14,1,1,30
201501KF60421,0.056168,51.528239,3,2,1,2015-06-09,3,June,15:18:00,15,1,1,30
201501KF60422,0.030138,51.526444,3,1,1,2015-02-01,1,February,02:27:00,2,1,1,30
201501KF60423,0.024359,51.529421,3,1,1,2015-05-23,7,May,12:47:00,12,1,1,30
201501KF60424,0.03151,51.521654,2,1,1,2015-06-12,6,June,12:00:00,12,1,1,30
201501KF60425,0.006468,51.542229,3,1,1,2015-06-11,5,June,08:30:00,8,1,1,30
201501KF60426,0.04497,51.522859,3,2,1,2015-04-13,2,April,13:30:00,13,1,1,30
201501KF60427,0.036282,51.544593,3,1,1,2015-05-04,2,May,19:35:00,19,1,1,30
201501KF60428,-0.005523,51.535149,3,2,1,2015-05-24,1,May,20:10:00,20,1,1,30
201501KF60429,0.023184,51.502913,3,1,1,2015-06-11,5,June,17:00:00,17,1,1,30
201501KF60430,0.063992,51.52909,3,2,1,2015-06-16,3,June,20:11:00,20,1,1,30
201501KF60431,0.072428,51.524355,3,2,1,2015-06-12,6,June,11:30:00,11,1,1,30
201501KF60432,0.013631,51.518275,3,2,1,2015-06-14,1,June,00:10:00,0,1,1,30
201501KF60433,0.035185,51.549108,3,2,1,2015-06-19,6,June,09:30:00,9,1,1,30
201501KF60434,0.01244,51.533763,2,2,2,2015-05-09,7,May,02:50:00,2,1,1,30
201501KF60435,0.046047,51.550088,3,1,1,2015-05-22,6,May,18:30:00,18,1,1,30
201501KF60436,0.031046,51.546842,3,2,1,2015-03-27,6,March,19:20:00,19,1,1,30
201501KF60437,0.035944,51.533807,3,1,1,2015-06-16,3,June,21:54:00,21,1,1,30
201501KF60438,0.021905,51.532611,3,2,1,2015-06-08,2,June,15:25:00,15,1,1,30
201501KF60439,0.007447,51.515324,3,2,1,2015-06-19,6,June,18:18:00,18,1,1,30
201501KF60440,0.061716,51.548914,3,2,1,2015-06-20,7,June,20:16:00,20,1,2,30
201501KF60441,0.017547,51.544916,3,2,2,2015-06-18,5,June,09:55:00,9,1,1,30
201501KF60442,0.027319,51.540881,3,1,1,2015-06-21,1,June,18:50:00,18,1,1,30
201501KF60444,0.033851,51.515948,3,2,1,2015-06-19,6,June,00:22:00,0,1,1,30
201501KF60445,0.04876,51.546264,3,1,2,2015-06-21,1,June,04:00:00,4,1,1,30
201501KF60446,0.028396,51.545628,3,2,1,2015-05-21,5,May,08:10:00,8,1,1,30
201501KF60447,0.043116,51.54906,3,2,1,2015-06-11,5,June,19:10:00,19,1,1,30
201501KF60448,0.051047,51.539389,3,1,1,2015-06-08,2,June,19:10:00,19,1,1,30
201501KF60449,-0.000135,51.539644,3,1,1,2015-06-28,1,June,01:01:00,1,1,1,30
201501KF60450,0.019217,51.514223,2,1,1,2015-06-24,4,June,19:25:00,19,1,1,30
201501KF60451,0.070263,51.524304,3,2,1,2015-06-19,6,June,14:05:00,14,1,1,40
201501KF60452,0.028833,51.526287,3,2,1,2015-06-26,6,June,08:30:00,8,1,1,30
201501KF60453,0.001904,51.543386,3,2,1,2015-06-22,2,June,15:28:00,15,1,1,30
201501KF60454,0.058113,51.520201,2,2,1,2015-06-09,3,June,09:21:00,9,1,1,30
201501KF60455,0.013759,51.508111,3,2,3,2015-06-24,4,June,23:18:00,23,1,1,30
201501KF60456,0.033903,51.517116,3,3,2,2015-06-18,5,June,09:14:00,9,1,1,30
201501KF60457,0.06162,51.511686,3,2,3,2015-07-01,4,July,15:10:00,15,1,1,30
201501KF60458,0.056336,51.53516,3,1,1,2015-06-16,3,June,18:55:00,18,1,1,30
201501KF60459,0.029245,51.52583,3,2,1,2015-06-23,3,June,07:00:00,7,1,1,30
201501KF60460,-0.008401,51.548507,3,1,1,2015-05-23,7,May,17:09:00,17,1,1,30
201501KF60461,0.018096,51.531238,3,1,1,2015-06-12,6,June,08:40:00,8,1,1,30
201501KF60462,0.029658,51.525373,3,2,1,2015-06-29,2,June,17:51:00,17,1,1,30
201501KF60465,0.067972,51.537384,3,2,3,2015-06-17,4,June,12:40:00,12,1,1,50
201501KF60467,0.010649,51.512751,3,1,1,2015-06-10,4,June,10:00:00,10,1,1,30
201501KF60469,0.054086,51.517214,3,2,1,2015-06-29,2,June,20:58:00,20,1,1,30
201501KF60471,0.013347,51.508568,3,2,1,2015-06-30,3,June,18:25:00,18,1,1,30
201501KF60472,0.055705,51.530765,3,1,1,2015-06-30,3,June,15:42:00,15,1,1,30
201501KF60473,0.005962,51.537291,3,2,1,2015-06-23,3,June,17:10:00,17,1,1,30
201501KF60474,0.023901,51.541839,3,2,1,2015-07-01,4,July,17:10:00,17,1,1,30
201501KF60475,0.067315,51.526064,3,2,1,2015-04-19,1,April,18:00:00,18,1,1,30
201501KF60476,0.036239,51.517795,3,1,1,2015-07-13,2,July,06:30:00,6,1,1,50
201501KF60477,0.037491,51.516784,3,2,2,2015-06-27,7,June,21:00:00,21,1,1,30
201501KF60478,0.01197,51.519833,3,1,1,2015-06-23,3,June,17:20:00,17,1,1,30
201501KF60479,0.035689,51.547481,3,2,1,2015-07-10,6,July,18:45:00,18,1,1,30
201501KF60480,0.035328,51.529681,2,1,1,2015-07-02,5,July,11:40:00,11,1,1,30
201501KF60481,0.025212,51.555126,3,2,1,2015-05-28,5,May,19:20:00,19,1,1,30
201501KF60482,0.070073,51.507401,3,2,2,2015-07-10,6,July,19:30:00,19,1,1,30
201501KF60483,0.043329,51.537726,3,2,1,2015-04-03,6,April,18:55:00,18,1,1,30
201501KF60484,0.029113,51.526102,3,2,1,2015-07-03,6,July,07:39:00,7,1,1,30
201501KF60485,0.05921,51.515775,3,1,1,2015-07-03,6,July,18:20:00,18,1,1,30
201501KF60486,0.044192,51.531236,3,2,1,2015-07-06,2,July,16:28:00,16,1,1,30
201501KF60487,0.045069,51.53149,3,2,1,2015-07-13,2,July,23:40:00,23,1,1,30
201501KF60488,0.056635,51.525802,3,1,1,2015-07-11,7,July,16:55:00,16,1,1,30
201501KF60489,0.038691,51.540414,3,1,1,2015-07-07,3,July,21:51:00,21,1,1,30
201501KF60491,0.047246,51.531812,2,1,1,2015-06-26,6,June,01:05:00,1,1,1,30
201501KF60492,0.01288,51.543737,3,2,5,2015-07-07,3,July,19:30:00,19,1,1,30
201501KF60493,0.057766,51.522096,3,2,1,2015-06-24,4,June,15:15:00,15,1,1,30
201501KF60495,0.043454,51.540511,3,1,1,2015-07-08,4,July,15:40:00,15,1,1,30
201501KF60496,0.05289,51.53549,3,2,1,2015-07-14,3,July,13:57:00,13,1,1,30
201501KF60497,0.062669,51.525337,3,2,1,2015-06-30,3,June,16:48:00,16,1,1,30
201501KF60499,0.017895,51.52018,3,2,1,2015-04-08,4,April,15:57:00,15,1,1,30
201501KF60500,0.050876,51.532378,3,2,1,2015-07-19,1,July,15:45:00,15,1,1,30
201501KF60501,0.022584,51.538175,3,2,1,2015-07-16,5,July,18:00:00,18,1,1,30
201501KF60502,0.028209,51.525218,2,1,1,2015-05-23,7,May,15:10:00,15,1,1,30
201501KF60503,0.067232,51.552864,3,3,1,2015-07-19,1,July,19:50:00,19,1,1,30
201501KF60504,0.040311,51.508911,3,2,1,2015-03-03,3,March,15:00:00,15,1,1,30
201501KF60505,0.032315,51.517054,3,2,2,2015-07-19,1,July,20:45:00,20,1,1,30
201501KF60506,0.032467,51.539893,3,1,1,2015-06-27,7,June,21:35:00,21,1,1,30
201501KF60508,-0.000712,51.539653,3,3,1,2015-07-15,4,July,17:55:00,17,1,1,30
201501KF60509,0.010835,51.543143,3,1,1,2015-07-23,5,July,08:33:00,8,1,1,30
201501KF60510,0.013455,51.517559,3,3,3,2015-07-18,7,July,12:28:00,12,1,1,30
201501KF60511,0.017676,51.528278,3,2,1,2015-07-16,5,July,17:10:00,17,1,1,30
201501KF60512,0.060695,51.555047,3,2,1,2015-07-14,3,July,16:10:00,16,1,1,30
201501KF60513,0.049296,51.545355,3,2,1,2015-07-19,1,July,16:25:00,16,1,1,30
201501KF60514,0.047372,51.550694,3,2,1,2015-07-09,5,July,16:00:00,16,1,1,30
201501KF60515,0.047154,51.532983,3,2,1,2015-04-15,4,April,14:00:00,14,1,1,30
201501KF60518,0.056144,51.5277,3,2,2,2015-07-16,5,July,21:50:00,21,1,1,30
201501KF60520,0.02517,51.515199,3,2,6,2015-07-22,4,July,19:50:00,19,1,1,30
201501KF60522,0.026146,51.543689,3,2,1,2015-07-20,2,July,23:35:00,23,1,1,30
201501KF60523,0.00923,51.542721,3,2,1,2015-06-12,6,June,07:03:00,7,1,1,30
201501KF60524,-0.00793,51.546071,3,3,2,2015-07-25,7,July,12:55:00,12,1,1,30
201501KF60525,0.000155,51.542966,2,2,1,2015-07-02,5,July,16:30:00,16,1,1,30
201501KF60527,0.060646,51.51566,3,1,1,2015-06-27,7,June,13:30:00,13,1,1,30
201501KF60528,0.008155,51.515042,3,2,1,2015-04-18,7,April,11:00:00,11,1,1,30
201501KF60529,0.003566,51.541829,2,1,1,2015-05-15,6,May,16:56:00,16,1,1,30
201501KF60530,0.008353,51.542466,3,1,1,2015-07-26,1,July,19:00:00,19,1,1,30
201501KF60531,0.060827,51.554775,3,1,1,2015-07-05,1,July,20:36:00,20,1,1,30
201501KF60532,0.023835,51.527362,3,1,1,2015-07-26,1,July,14:55:00,14,1,1,30
201501KF60533,0.023664,51.54625,3,1,1,2015-07-28,3,July,18:40:00,18,1,1,30
201501KF60535,0.03594,51.533717,3,2,1,2015-07-24,6,July,14:30:00,14,1,1,30
201501KF60536,0.071152,51.524828,2,2,1,2015-07-30,5,July,16:48:00,16,1,1,50
201501KF60537,0.032567,51.542139,3,1,1,2015-06-02,3,June,13:46:00,13,1,1,30
201501KF60538,0.050543,51.541017,3,1,1,2015-07-17,6,July,12:35:00,12,1,1,30
201501KF60539,0.060158,51.50164,3,2,1,2015-07-24,6,July,21:50:00,21,1,2,30
201501KF60540,0.024676,51.546322,3,2,1,2015-07-30,5,July,00:06:00,0,1,1,30
201501KF60541,0.010584,51.540719,3,2,3,2015-07-31,6,July,23:00:00,23,1,1,30
201501KF60542,0.032078,51.544126,3,2,2,2015-06-10,4,June,14:30:00,14,1,1,30
201501KF60543,0.067713,51.538018,3,2,1,2015-07-25,7,July,17:00:00,17,1,1,50
201501KF60544,0.058257,51.520198,3,2,2,2015-08-03,2,August,15:05:00,15,1,1,50
201501KF60546,-0.005659,51.535331,3,2,2,2015-07-28,3,July,07:05:00,7,1,1,30
201501KF60548,0.051039,51.53921,3,1,1,2015-07-29,4,July,16:55:00,16,1,1,30
201501KF60549,0.032475,51.540072,3,2,1,2015-08-05,4,August,10:20:00,10,1,1,30
201501KF60550,0.032058,51.517778,3,2,1,2015-06-16,3,June,18:14:00,18,1,1,30
201501KF60551,0.014079,51.508825,3,2,1,2015-07-30,5,July,19:17:00,19,1,1,30
201501KF60552,0.00723,51.546442,3,2,1,2015-08-01,7,August,17:45:00,17,1,1,30
201501KF60553,-0.005659,51.535331,3,2,1,2015-07-25,7,July,14:55:00,14,1,1,30
201501KF60554,0.035507,51.517538,3,2,1,2015-07-19,1,July,01:45:00,1,1,1,30
201501KF60555,0.025174,51.515289,3,2,2,2015-08-01,7,August,11:05:00,11,1,1,30
201501KF60556,0.005962,51.537291,3,2,1,2015-07-20,2,July,14:41:00,14,1,1,30
201501KF60557,0.033343,51.511011,3,2,1,2015-08-01,7,August,09:55:00,9,1,1,30
201501KF60558,0.054819,51.5431,3,2,1,2015-07-10,6,July,19:00:00,19,1,1,30
201501KF60559,0.054144,51.521709,3,2,1,2015-07-02,5,July,23:42:00,23,1,1,30
201501KF60560,0.008564,51.543991,3,1,1,2015-07-09,5,July,01:00:00,1,1,1,30
201501KF60562,0.037801,51.530178,3,2,2,2015-08-02,1,August,10:00:00,10,1,1,30
201501KF60563,0.05638,51.526526,3,2,2,2015-07-08,4,July,12:54:00,12,1,1,30
201501KF60564,0.054082,51.533131,3,1,1,2015-08-04,3,August,15:00:00,15,1,1,30
201501KF60565,0.046195,51.550175,2,2,1,2015-08-06,5,August,16:35:00,16,1,1,30
201501KF60566,0.059382,51.554711,3,2,1,2015-07-23,5,July,01:15:00,1,1,1,30
201501KF60567,0.011419,51.543313,3,2,1,2015-08-05,4,August,09:15:00,9,1,1,30
201501KF60568,0.060153,51.520705,3,4,1,2015-08-02,1,August,16:20:00,16,1,1,50
201501KF60569,0.022468,51.503016,2,1,1,2015-07-21,3,July,13:09:00,13,1,1,30
201501KF60570,0.007732,51.521794,3,1,1,2015-08-06,5,August,14:52:00,14,1,1,30
201501KF60571,0.008159,51.515132,3,2,2,2015-07-31,6,July,23:50:00,23,1,1,30
201501KF60572,0.054034,51.516046,3,1,1,2015-06-29,2,June,20:30:00,20,1,1,30
201501KF60573,0.054178,51.516043,3,1,1,2015-07-09,5,July,20:00:00,20,1,1,30
201501KF60574,0.050151,51.532301,3,1,1,2015-07-04,7,July,16:48:00,16,1,1,30
201501KF60575,0.033131,51.538622,3,1,2,2015-07-17,6,July,17:00:00,17,1,1,30
201501KF60576,0.072032,51.525172,3,2,1,2015-08-10,2,August,05:20:00,5,1,1,50
201501KF60577,0.01156,51.513815,3,2,2,2015-08-13,5,August,18:01:00,18,2,2,30
201501KF60578,0.029257,51.526099,3,1,1,2015-07-22,4,July,07:33:00,7,1,1,30
201501KF60580,0.062206,51.521478,3,2,1,2015-08-14,6,August,17:10:00,17,2,2,50
201501KF60581,0.055644,51.519795,3,2,2,2015-08-09,1,August,11:30:00,11,1,1,30
201501KF60582,0.049988,51.522232,3,2,1,2015-08-07,6,August,19:05:00,19,1,1,30
201501KF60583,0.037635,51.516782,3,2,1,2015-08-09,1,August,00:30:00,0,1,1,30
201501KF60584,0.050647,51.540116,3,2,1,2015-08-12,4,August,17:45:00,17,1,1,30
201501KF60585,0.027719,51.546629,3,2,1,2015-08-06,5,August,14:20:00,14,1,1,30
201501KF60587,0.056602,51.55386,3,2,1,2015-07-11,7,July,11:47:00,11,1,1,30
201501KF60588,0.030761,51.546936,3,2,2,2015-07-27,2,July,11:00:00,11,2,2,30
201501KF60589,0.045022,51.549746,3,2,1,2015-07-27,2,July,08:57:00,8,2,2,30
201501KF60590,0.017612,51.517038,3,2,1,2015-07-13,2,July,07:37:00,7,1,1,50
201501KF60591,0.046144,51.513666,3,2,1,2015-08-12,4,August,14:55:00,14,1,1,30
201501KF60593,0.070698,51.508469,3,2,2,2015-08-05,4,August,10:20:00,10,1,1,30
201501KF60594,0.040706,51.530667,3,2,1,2015-07-21,3,July,15:06:00,15,1,1,30
201501KF60595,0.067484,51.55205,3,4,1,2015-08-14,6,August,16:45:00,16,1,1,50
201501KF60596,0.008576,51.514765,2,1,1,2015-08-21,6,August,17:10:00,17,1,1,30
201501KF60597,0.020274,51.541362,3,2,1,2015-08-19,4,August,18:35:00,18,1,1,30
201501KF60598,0.021944,51.536747,2,3,2,2015-08-21,6,August,14:21:00,14,1,1,30
201501KF60599,0.036789,51.530106,3,2,1,2015-08-19,4,August,17:00:00,17,1,1,30
201501KF60600,-0.007013,51.54066,2,2,1,2015-08-02,1,August,04:53:00,4,1,1,30
201501KF60601,0.032463,51.539803,3,1,1,2015-08-16,1,August,18:10:00,18,1,1,30
201501KF60602,0.019384,51.531036,3,1,1,2015-07-23,5,July,18:15:00,18,1,1,30
201501KF60603,0.058257,51.520198,3,2,1,2015-08-15,7,August,18:00:00,18,1,1,50
201501KF60604,-0.005663,51.535241,3,2,1,2015-08-09,1,August,13:30:00,13,1,1,30
201501KF60605,0.048636,51.546716,3,2,2,2015-08-21,6,August,09:00:00,9,1,1,30
201501KF60606,0.063911,51.55598,3,2,1,2015-08-04,3,August,14:28:00,14,1,1,30
201501KF60607,0.017468,51.51704,3,2,2,2015-08-16,1,August,22:58:00,22,1,1,30
201501KF60608,0.007295,51.515147,3,3,4,2015-07-11,7,July,18:20:00,18,1,1,30
201501KF60609,0.040109,51.523753,3,2,1,2015-07-20,2,July,09:00:00,9,1,1,30
201501KF60610,0.025896,51.502327,3,2,3,2015-08-22,7,August,14:00:00,14,1,1,30
201501KF60611,0.027763,51.502205,3,2,3,2015-08-30,1,August,18:26:00,18,1,1,30
201501KF60612,0.001649,51.540872,3,1,1,2015-05-24,1,May,20:21:00,20,1,1,30
201501KF60613,0.03542,51.534985,3,2,1,2015-08-15,7,August,15:30:00,15,1,1,30
201501KF60614,0.036208,51.530026,3,1,1,2015-08-25,3,August,20:57:00,20,1,1,30
201501KF60615,0.039205,51.526107,3,3,1,2015-08-27,5,August,11:49:00,11,1,1,30
201501KF60616,0.034896,51.536163,3,1,1,2015-08-27,5,August,12:55:00,12,1,1,30
201501KF60617,0.004225,51.543706,3,1,1,2015-05-13,4,May,10:05:00,10,1,1,30
201501KF60618,0.046273,51.55512,2,1,9,2015-08-29,7,August,12:00:00,12,1,1,30
201501KF60619,0.000883,51.543133,2,1,1,2015-08-22,7,August,17:20:00,17,1,1,30
201501KF60620,0.021428,51.521828,3,1,1,2015-07-23,5,July,16:48:00,16,1,1,30
201501KF60622,0.009043,51.515566,3,2,1,2015-03-26,5,March,13:25:00,13,1,1,50
201501KF60624,0.049571,51.532221,3,2,1,2015-08-19,4,August,15:41:00,15,1,1,30
201501KF60626,0.007524,51.520358,3,2,1,2015-09-07,2,September,15:20:00,15,1,1,30
201501KF60627,-0.005659,51.535331,3,2,1,2015-08-20,5,August,19:15:00,19,1,1,30
201501KF60628,0.031946,51.544398,3,1,1,2015-08-25,3,August,12:25:00,12,2,2,30
201501KF60629,0.057586,51.537296,3,2,2,2015-08-18,3,August,23:39:00,23,1,1,30
201501KF60630,0.012384,51.516139,3,4,3,2015-09-02,4,September,08:45:00,8,1,1,30
201501KF60632,0.029245,51.52583,3,2,1,2015-08-22,7,August,11:42:00,11,1,1,30
201501KF60633,0.046378,51.534975,3,3,3,2015-08-12,4,August,19:30:00,19,1,1,30
201501KF60634,0.008572,51.514675,3,2,1,2015-08-06,5,August,00:55:00,0,1,1,30
201501KF60635,-0.006554,51.537954,3,1,1,2015-08-06,5,August,04:30:00,4,1,1,30
201501KF60636,0.013355,51.508748,3,2,1,2015-08-28,6,August,08:55:00,8,1,1,30
201501KF60637,0.027138,51.517323,3,2,1,2015-08-07,6,August,07:04:00,7,1,1,30
201501KF60638,0.042447,51.530906,3,2,2,2015-07-29,4,July,19:06:00,19,1,1,30
201501KF60639,0.073211,51.519396,3,2,1,2015-08-28,6,August,18:30:00,18,1,1,40
201501KF60641,0.035834,51.547478,3,2,3,2015-07-29,4,July,15:46:00,15,1,1,30
201501KF60642,0.040047,51.509456,3,2,2,2015-09-05,7,September,23:00:00,23,1,1,30
201501KF60643,0.061622,51.521308,3,2,1,2015-08-22,7,August,13:22:00,13,1,1,50
201501KF60644,0.003476,51.520068,3,2,1,2015-08-31,2,August,05:00:00,5,2,2,30
201501KF60645,-0.009251,51.532335,3,2,1,2015-08-29,7,August,16:40:00,16,1,1,30
201501KF60646,-0.004839,51.550785,3,2,1,2015-09-02,4,September,16:50:00,16,1,1,30
201501KF60647,-0.004793,51.548536,3,2,1,2015-09-08,3,September,08:27:00,8,1,1,30
201501KF60648,0.052333,51.532712,3,1,1,2015-09-06,1,September,18:30:00,18,1,1,30
201501KF60649,0.051933,51.533439,3,2,1,2015-09-02,4,September,11:00:00,11,1,1,30
201501KF60650,0.059125,51.520273,3,1,1,2015-08-28,6,August,19:00:00,19,1,1,30
201501KF60651,0.026294,51.543776,3,2,1,2015-08-30,1,August,15:15:00,15,1,1,30
201501KF60652,0.034291,51.509646,3,1,1,2015-08-10,2,August,01:15:00,1,1,1,30
201501KF60653,0.072559,51.524083,3,2,3,2015-07-04,7,July,22:00:00,22,1,1,30
201501KF60654,0.050911,51.539572,3,2,1,2015-09-07,2,September,09:26:00,9,1,1,30
201501KF60655,0.008303,51.515129,3,2,2,2015-09-03,5,September,08:50:00,8,1,1,30
201501KF60656,-0.005131,51.5507,3,2,1,2015-09-06,1,September,21:36:00,21,1,1,30
201501KF60658,0.008209,51.542469,3,1,1,2015-09-07,2,September,13:50:00,13,1,1,30
201501KF60659,0.031634,51.521202,3,1,1,2015-09-05,7,September,03:00:00,3,1,1,30
201501KF60660,0.041656,51.516442,3,2,2,2015-08-28,6,August,19:15:00,19,1,1,30
201501KF60662,0.015464,51.536949,3,2,3,2015-09-07,2,September,10:30:00,10,1,1,30
201501KF60663,0.02468,51.549649,3,2,1,2015-07-19,1,July,21:45:00,21,1,1,30
201501KF60664,0.041342,51.544864,3,2,4,2015-09-06,1,September,17:55:00,17,1,1,30
201501KF60665,-0.000034,51.532088,3,2,2,2015-08-31,2,August,01:15:00,1,1,1,30
201501KF60666,0.043202,51.541325,3,2,2,2015-09-10,5,September,14:25:00,14,1,1,30
201501KF60667,0.047516,51.550692,3,2,2,2015-08-29,7,August,07:45:00,7,1,1,30
201501KF60668,0.035556,51.534803,2,1,1,2015-09-05,7,September,19:18:00,19,1,1,30
201501KF60669,0.008181,51.535275,3,2,1,2015-09-05,7,September,12:45:00,12,1,1,30
201501KF60671,0.05869,51.529813,3,1,1,2015-09-10,5,September,14:45:00,14,1,1,30
201501KF60672,0.065244,51.543996,3,1,1,2015-06-20,7,June,11:10:00,11,1,1,30
201501KF60673,-0.005515,51.535329,3,2,1,2015-08-24,2,August,15:40:00,15,2,2,30
201501KF60674,0.025029,51.547755,3,2,2,2015-09-03,5,September,12:44:00,12,1,1,30
201501KF60675,0.021377,51.530462,3,2,1,2015-09-12,7,September,22:20:00,22,1,1,30
201501KF60676,0.072187,51.528586,3,3,2,2015-08-27,5,August,19:10:00,19,1,1,40
201501KF60677,0.056602,51.55386,3,2,1,2015-09-17,5,September,18:24:00,18,1,1,30
201501KF60678,0.026972,51.533063,3,1,1,2015-09-17,5,September,15:15:00,15,1,1,30
201501KF60679,0.006231,51.536837,3,2,1,2015-09-18,6,September,07:30:00,7,1,1,30
201501KF60680,0.025553,51.546577,3,2,1,2015-09-20,1,September,17:00:00,17,1,1,30
201501KF60681,0.025981,51.54648,2,1,1,2015-09-09,4,September,23:19:00,23,1,1,30
201501KF60682,-0.001638,51.541558,3,1,1,2015-08-19,4,August,10:00:00,10,1,1,30
201501KF60683,0.002089,51.541044,3,1,1,2015-09-01,3,September,10:45:00,10,1,1,30
201501KF60684,0.031591,51.513739,3,2,1,2015-09-04,6,September,16:25:00,16,1,1,30
201501KF60685,0.042387,51.548893,3,2,1,2015-09-13,1,September,11:45:00,11,1,1,30
201501KF60686,0.041342,51.544864,3,2,1,2015-09-10,5,September,07:00:00,7,1,1,30
201501KF60687,0.024916,51.548476,3,2,1,2015-09-16,4,September,08:40:00,8,1,2,30
201501KF60689,0.058931,51.544737,3,1,1,2015-07-23,5,July,16:40:00,16,1,1,30
201501KF60690,0.040149,51.543986,3,2,1,2015-07-22,4,July,10:45:00,10,1,1,20
201501KF60692,0.02246,51.52235,3,2,1,2015-09-23,4,September,19:07:00,19,1,1,30
201501KF60693,0.014701,51.532735,3,1,1,2015-08-30,1,August,11:30:00,11,1,1,30
201501KF60694,0.054548,51.553087,3,2,2,2015-09-04,6,September,13:44:00,13,1,1,30
201501KF60695,0.05505,51.548222,3,2,1,2015-09-24,5,September,17:25:00,17,1,1,30
201501KF60696,0.032094,51.544485,3,1,1,2015-09-20,1,September,13:06:00,13,1,1,30
201501KF60697,0.057198,51.515901,3,2,1,2015-09-21,2,September,12:28:00,12,1,1,30
201501KF60701,0.0169,51.504191,3,2,1,2015-09-26,7,September,04:40:00,4,1,1,30
201501KF60702,0.004168,51.539121,3,2,1,2015-08-19,4,August,22:45:00,22,2,2,30
201501KF60703,0.051662,51.53704,3,1,1,2015-09-12,7,September,00:09:00,0,2,2,30
201501KF60704,0.077431,51.526605,3,2,1,2015-09-08,3,September,18:30:00,18,1,1,50
201501KF60705,0.030901,51.546844,3,2,1,2015-09-07,2,September,18:45:00,18,1,1,30
201501KF60707,0.073769,51.525321,3,2,1,2015-09-24,5,September,07:00:00,7,2,2,50
201501KF60708,0.007759,51.545354,3,1,1,2015-08-24,2,August,18:40:00,18,1,2,30
201501KF60709,0.051435,51.538393,3,1,1,2015-09-22,3,September,15:35:00,15,1,1,30
201501KF60710,0.04213,51.543142,3,2,1,2015-09-29,3,September,22:35:00,22,1,1,30
201501KF60711,0.053815,51.55283,3,2,1,2015-08-23,1,August,20:38:00,20,1,1,30
201501KF60712,0.042057,51.538287,3,2,1,2015-08-03,2,August,20:35:00,20,1,1,30
201501KF60713,0.035688,51.534531,3,1,1,2015-10-04,1,October,00:39:00,0,1,1,30
201501KF60714,0.004441,51.545321,3,1,1,2015-10-03,7,October,19:35:00,19,1,1,30
201501KF60715,0.0219,51.503205,3,2,2,2015-09-07,2,September,14:15:00,14,1,1,30
201501KF60716,0.05764,51.525695,2,1,1,2015-10-05,2,October,19:35:00,19,2,2,30
201501KF60717,0.02246,51.52235,3,2,2,2015-08-10,2,August,15:34:00,15,1,1,30
201501KF60718,0.016238,51.544669,3,2,5,2015-09-18,6,September,19:27:00,19,1,1,30
201501KF60719,0.021377,51.530462,2,1,1,2015-09-30,4,September,16:45:00,16,1,1,30
201501KF60720,0.072266,51.527146,2,2,4,2015-09-28,2,September,19:50:00,19,1,1,50
201501KF60721,0.048524,51.547437,3,2,1,2015-10-03,7,October,11:50:00,11,1,1,30
201501KF60722,0.057864,51.511482,3,1,1,2015-09-16,4,September,17:00:00,17,2,2,30
201501KF60723,0.000595,51.543138,3,2,1,2015-10-07,4,October,08:05:00,8,1,1,30
201501KF60724,0.038644,51.516764,3,2,1,2015-09-10,5,September,17:50:00,17,1,1,30
201501KF60725,0.003858,51.541914,3,1,1,2015-10-03,7,October,19:30:00,19,1,1,30
201501KF60726,0.072559,51.524083,3,2,2,2015-09-28,2,September,10:22:00,10,1,1,30
201501KF60727,0.046762,51.533889,3,2,1,2015-10-03,7,October,15:25:00,15,1,1,30
201501KF60728,0.025548,51.523736,3,1,1,2015-10-02,6,October,08:54:00,8,1,1,30
201501KF60729,0.040652,51.539121,3,1,1,2015-09-30,4,September,15:35:00,15,1,1,30
201501KF60730,0.006206,51.523169,3,1,1,2015-10-06,3,October,16:25:00,16,1,1,30
201501KF60731,0.037046,51.542331,3,2,1,2015-10-04,1,October,19:17:00,19,1,1,30
201501KF60732,0.014936,51.547839,3,2,1,2015-05-26,3,May,23:50:00,23,1,1,30
201501KF60733,0.048975,51.5093,3,1,1,2015-09-12,7,September,16:53:00,16,1,1,30
201501KF60735,0.054946,51.533116,3,2,1,2015-08-22,7,August,12:00:00,12,1,1,30
201501KF60736,0.047764,51.57227,3,4,3,2015-08-28,6,August,15:40:00,15,9,1,40
201501KF60737,0.060983,51.548658,3,1,1,2015-08-29,7,August,17:45:00,17,9,1,30
201501KF60740,0.058076,51.525777,3,1,1,2015-08-26,4,August,16:50:00,16,9,1,30
201501KF60741,0.022481,51.552115,3,1,1,2015-09-25,6,September,16:52:00,16,1,1,30
201501KF60742,0.057965,51.520114,3,2,1,2015-09-30,4,September,12:11:00,12,1,1,50
201501KF60743,0.032999,51.538894,3,1,1,2015-07-05,1,July,15:00:00,15,1,1,30
201501KF60744,0.048532,51.547617,3,2,1,2015-10-04,1,October,19:28:00,19,1,1,30
201501KF60745,0.045286,51.520246,3,2,1,2015-10-07,4,October,11:57:00,11,1,1,50
201501KF60746,0.049271,51.522334,3,1,1,2015-09-17,5,September,07:40:00,7,1,1,30
201501KF60747,0.055137,51.553346,3,2,1,2015-09-20,1,September,15:10:00,15,1,1,30
201501KF60748,0.06049,51.515393,3,2,2,2015-09-15,3,September,19:06:00,19,1,1,30
201501KF60750,0.028299,51.546709,3,2,1,2015-09-20,1,September,23:30:00,23,1,1,30
201501KF60752,-0.004771,51.535856,3,1,1,2015-10-03,7,October,10:30:00,10,1,1,30
201501KF60753,0.055758,51.515926,3,1,1,2015-09-28,2,September,17:00:00,17,1,1,30
201501KF60754,0.028957,51.525835,2,1,2,2015-09-27,1,September,09:20:00,9,1,1,30
201501KF60756,0.022016,51.522088,3,2,1,2015-10-01,5,October,15:15:00,15,1,1,30
201501KF60757,0.018344,51.517295,3,2,1,2015-10-12,2,October,16:10:00,16,1,1,50
201501KF60758,0.057338,51.515808,3,2,1,2015-10-07,4,October,15:00:00,15,1,1,30
201501KF60759,0.068506,51.523705,3,2,2,2015-10-08,5,October,12:48:00,12,1,1,50
201501KF60761,0.046195,51.550175,3,2,1,2015-08-09,1,August,15:20:00,15,9,1,30
201501KF60762,0.038827,51.540232,3,1,1,2015-10-08,5,October,16:58:00,16,1,1,30
201501KF60763,0.037813,51.530447,3,2,1,2015-09-20,1,September,01:51:00,1,1,1,30
201501KF60764,0.040706,51.530667,3,2,1,2015-09-06,1,September,14:42:00,14,1,1,30
201501KF60765,0.056975,51.53335,3,2,1,2015-10-07,4,October,06:50:00,6,1,1,30
201501KF60766,0.048333,51.539976,3,2,3,2015-10-06,3,October,08:20:00,8,1,1,30
201501KF60767,0.006724,51.53494,3,2,1,2015-09-26,7,September,17:40:00,17,1,1,30
201501KF60768,0.058305,51.521277,3,1,1,2015-10-14,4,October,07:49:00,7,1,1,30
201501KF60769,0.03163,51.521112,3,2,1,2015-09-02,4,September,17:50:00,17,1,1,30
201501KF60770,0.023389,51.517298,3,2,3,2015-10-03,7,October,21:45:00,21,1,1,30
201501KF60771,0.07158,51.52473,3,2,1,2015-10-13,3,October,07:04:00,7,1,1,50
201501KF60773,0.011019,51.534237,3,2,1,2015-10-05,2,October,12:35:00,12,2,2,30
201501KF60774,0.037681,51.53072,3,1,1,2015-09-24,5,September,15:37:00,15,1,1,30
201501KF60775,-0.001521,51.540926,3,1,1,2015-07-23,5,July,22:00:00,22,1,1,30
201501KF60776,0.063384,51.499695,3,2,1,2015-10-19,2,October,09:40:00,9,1,1,30
201501KF60777,0.027575,51.546632,3,1,1,2015-09-25,6,September,06:51:00,6,1,1,30
201501KF60778,0.00461,51.522926,3,2,2,2015-10-10,7,October,15:00:00,15,1,1,30
201501KF60779,0.034892,51.529599,2,1,1,2015-08-31,2,August,05:15:00,5,9,1,30
201501KF60780,0.0296,51.546777,3,2,2,2015-09-10,5,September,08:00:00,8,1,1,30
201501KF60781,0.0249,51.548117,3,2,1,2015-08-26,4,August,00:25:00,0,2,2,30
201501KF60782,0.073185,51.525151,2,1,2,2015-09-26,7,September,03:44:00,3,1,1,50
201501KF60783,0.051666,51.53713,3,1,1,2015-10-07,4,October,22:15:00,22,1,1,30
201501KF60784,0.054895,51.54157,3,2,1,2015-09-28,2,September,19:29:00,19,1,1,30
201501KF60785,0.057834,51.501231,3,2,1,2015-10-20,3,October,16:25:00,16,1,1,30
201501KF60786,0.02248,51.522799,3,2,1,2015-04-23,5,April,13:30:00,13,1,1,30
201501KF60787,0.023241,51.517211,3,2,2,2015-10-04,1,October,21:30:00,21,1,1,50
201501KF60788,0.032323,51.517234,3,2,1,2015-10-19,2,October,09:00:00,9,1,1,30
201501KF60789,0.06736,51.552502,3,2,1,2015-10-13,3,October,19:57:00,19,1,1,50
201501KF60790,0.073802,51.52604,3,2,1,2015-10-12,2,October,16:12:00,16,1,1,30
201501KF60792,0.037809,51.530358,3,1,1,2015-10-10,7,October,16:00:00,16,1,1,30
201501KF60793,0.025196,51.551529,3,2,2,2015-10-24,7,October,23:00:00,23,1,1,30
201501KF60794,0.030438,51.523471,3,2,1,2015-10-20,3,October,17:45:00,17,1,1,30
201501KF60795,0.047006,51.520036,3,2,4,2015-10-19,2,October,23:15:00,23,1,1,50
201501KF60797,0.058078,51.500238,3,2,2,2015-10-23,6,October,16:25:00,16,1,1,30
201501KF60798,0.003637,51.517188,3,1,1,2015-09-01,3,September,13:38:00,13,1,2,30
201501KF60799,0.001756,51.543298,3,2,1,2015-10-08,5,October,11:00:00,11,1,1,30
201501KF60803,0.058301,51.521187,3,2,1,2015-10-16,6,October,22:35:00,22,1,1,30
201501KF60804,0.06264,51.553395,3,2,1,2015-10-14,4,October,17:04:00,17,1,1,30
201501KF60806,0.000883,51.543133,3,2,3,2015-10-15,5,October,13:15:00,13,1,1,30
201501KF60807,0.063862,51.526215,3,1,1,2015-10-10,7,October,13:34:00,13,1,1,30
201501KF60808,0.056962,51.54585,3,2,1,2015-09-15,3,September,13:24:00,13,1,1,30
201501KF60809,0.069789,51.507496,3,2,1,2015-10-09,6,October,08:00:00,8,1,1,30
201501KF60810,0.033615,51.517121,3,3,1,2015-10-19,2,October,06:50:00,6,1,1,40
201501KF60811,0.070726,51.509098,2,1,1,2015-09-27,1,September,19:18:00,19,1,1,40
201501KF60812,0.021097,51.530647,3,2,1,2015-10-24,7,October,18:45:00,18,2,2,30
201501KF60813,0.022604,51.522348,3,2,1,2015-10-12,2,October,17:35:00,17,1,1,30
201501KF60814,0.060878,51.520782,3,2,1,2015-10-26,2,October,07:24:00,7,1,1,40
201501KF60815,0.053375,51.552658,3,1,1,2015-09-19,7,September,10:30:00,10,1,1,30
201501KF60816,0.010349,51.512486,3,2,1,2015-10-18,1,October,16:08:00,16,1,1,30
201501KF60817,0.046047,51.550088,3,2,1,2015-10-22,5,October,22:50:00,22,9,1,30
201501KF60818,0.048288,51.54861,3,2,1,2015-10-20,3,October,08:15:00,8,1,1,30
201501KF60819,0.023087,51.54626,3,2,1,2015-10-28,4,October,19:55:00,19,2,2,30
201501KF60820,0.055478,51.548125,3,2,1,2015-09-28,2,September,10:30:00,10,1,1,30
201501KF60821,0.030002,51.523389,3,2,1,2015-10-31,7,October,08:05:00,8,1,1,30
201501KF60824,0.040846,51.530575,3,1,1,2015-10-12,2,October,09:33:00,9,1,1,30
201501KF60826,0.004168,51.539121,3,1,3,2015-10-22,5,October,13:43:00,13,1,1,30
201501KF60828,0.059585,51.533664,3,2,1,2015-11-03,3,November,13:05:00,13,1,1,20
201501KF60829,0.027619,51.502207,3,2,1,2015-10-31,7,October,13:00:00,13,1,1,30
201501KF60830,0.045402,51.522851,3,1,1,2015-11-07,7,November,17:55:00,17,2,2,30
201501KF60831,0.029097,51.525742,3,2,2,2015-11-07,7,November,17:55:00,17,1,1,30
201501KF60832,0.058301,51.521187,3,2,1,2015-09-24,5,September,18:27:00,18,1,1,30
201501KF60835,0.053671,51.552832,3,2,1,2015-11-05,5,November,15:40:00,15,2,2,30
201501KF60836,0.053002,51.534769,3,1,1,2015-10-22,5,October,19:05:00,19,1,1,30
201501KF60837,0.032339,51.540255,3,1,1,2015-09-20,1,September,13:20:00,13,1,1,30
201501KF60838,0.025236,51.552428,3,2,1,2015-09-15,3,September,13:30:00,13,2,2,30
201501KF60839,0.004587,51.542081,3,2,1,2015-11-06,6,November,23:30:00,23,7,2,30
201501KF60841,0.047376,51.550784,2,1,1,2015-09-25,6,September,16:15:00,16,1,1,30
201501KF60842,0.021373,51.530372,3,2,1,2015-11-06,6,November,20:30:00,20,2,2,30
201501KF60843,0.027769,51.525046,3,2,1,2015-11-01,1,November,14:00:00,14,1,1,30
201501KF60845,-0.004175,51.536295,3,1,1,2015-10-21,4,October,08:40:00,8,2,2,30
201501KF60846,0.023628,51.52269,3,1,1,2015-10-09,6,October,19:02:00,19,1,1,30
201501KF60847,0.05303,51.516153,2,1,1,2015-11-04,4,November,08:50:00,8,1,1,30
201501KF60848,0.070967,51.533464,3,2,1,2015-11-07,7,November,19:35:00,19,1,1,50
201501KF60851,0.047628,51.50177,3,2,1,2015-10-29,5,October,11:44:00,11,1,1,30
201501KF60852,0.051024,51.532465,3,1,1,2015-11-01,1,November,01:02:00,1,1,1,30
201501KF60853,0.015983,51.519314,3,2,1,2015-10-12,2,October,17:29:00,17,2,2,30
201501KF60855,0.035416,51.534895,3,1,1,2015-11-08,1,November,17:25:00,17,1,1,30
201501KF60856,0.00676,51.542314,3,1,1,2015-09-02,4,September,16:55:00,16,1,1,30
201501KF60857,0.025257,51.546402,3,1,1,2015-10-27,3,October,15:50:00,15,1,1,30
201501KF60858,0.051279,51.538126,3,1,1,2015-09-07,2,September,15:19:00,15,1,1,30
201501KF60859,0.028833,51.526287,3,2,1,2015-11-14,7,November,17:30:00,17,2,2,30
201501KF60860,0.073716,51.524153,3,1,1,2015-11-19,5,November,06:28:00,6,1,2,50
201501KF60861,0.031966,51.518948,3,2,1,2015-11-16,2,November,12:37:00,12,1,1,30
201501KF60862,0.022169,51.535304,3,3,1,2015-10-16,6,October,19:43:00,19,1,1,30
201501KF60863,0.041226,51.545496,3,2,1,2015-11-07,7,November,17:30:00,17,8,2,30
201501KF60864,0.024392,51.549654,3,1,1,2015-11-05,5,November,17:00:00,17,5,2,30
201501KF60865,0.027024,51.527757,3,2,2,2015-11-17,3,November,17:00:00,17,5,2,30
201501KF60866,0.000151,51.542876,2,2,1,2015-11-13,6,November,16:25:00,16,1,1,30
201501KF60867,0.03201,51.542598,3,1,1,2015-11-17,3,November,16:18:00,16,1,2,30
201501KF60868,0.035288,51.535257,3,1,1,2015-09-30,4,September,07:40:00,7,1,1,30
201501KF60869,0.002536,51.531505,2,1,2,2015-10-28,4,October,15:16:00,15,1,1,30
201501KF60870,0.024215,51.529424,3,2,1,2015-11-20,6,November,19:10:00,19,1,2,30
201501KF60871,0.003726,51.542186,3,2,1,2015-11-02,2,November,13:00:00,13,1,1,30
201501KF60872,0.061865,51.555387,3,2,1,2015-11-12,5,November,17:12:00,17,1,1,30
201501KF60873,0.045645,51.53148,3,2,1,2015-11-11,4,November,09:14:00,9,1,1,30
201501KF60874,0.01201,51.537098,3,2,1,2015-11-19,5,November,15:25:00,15,1,2,30
201501KF60875,0.007311,51.515506,3,2,1,2015-10-31,7,October,15:15:00,15,1,1,30
201501KF60876,0.034015,51.50992,3,2,1,2015-11-01,1,November,06:55:00,6,7,2,30
201501KF60877,0.003418,51.541741,3,1,1,2015-11-22,1,November,01:20:00,1,1,1,30
201501KF60878,0.037269,51.527939,3,2,1,2015-10-21,4,October,14:35:00,14,1,2,30
201501KF60879,-0.002452,51.549305,3,2,3,2015-11-15,1,November,09:00:00,9,1,1,30
201501KF60880,0.050651,51.540206,3,2,5,2015-10-27,3,October,01:32:00,1,1,1,30
201501KF60881,0.051266,51.528235,3,1,1,2015-11-17,3,November,07:55:00,7,1,1,30
201501KF60882,0.058037,51.521731,3,2,1,2015-11-22,1,November,15:48:00,15,1,1,30
201501KF60884,0.00967,51.542893,3,1,1,2015-11-23,2,November,15:30:00,15,1,1,30
201501KF60886,-0.006699,51.547849,3,2,3,2015-10-19,2,October,15:00:00,15,1,1,30
201501KF60887,0.037727,51.547895,3,2,1,2015-11-20,6,November,10:58:00,10,1,1,30
201501KF60888,0.054317,51.547965,3,2,2,2015-11-24,3,November,09:00:00,9,2,2,30
201501KF60889,0.047861,51.529463,3,2,2,2015-11-21,7,November,13:45:00,13,1,1,30
201501KF60890,0.012384,51.516139,3,2,1,2015-11-19,5,November,19:00:00,19,1,1,30
201501KF60891,0.002966,51.541299,3,2,1,2015-11-21,7,November,13:20:00,13,1,1,30
201501KF60892,0.058301,51.521187,3,2,1,2015-11-05,5,November,11:19:00,11,1,2,30
201501KF60893,0.067041,51.523191,3,2,1,2015-11-25,4,November,19:30:00,19,1,1,50
201501KF60894,0.006231,51.536837,2,2,2,2015-09-08,3,September,21:00:00,21,1,1,30
201501KF60895,0.026003,51.537217,3,1,1,2015-10-02,6,October,17:45:00,17,1,1,30
201501KF60896,0.06514,51.522595,2,2,2,2015-11-26,5,November,17:34:00,17,1,1,50
201501KF60897,0.004413,51.544692,3,1,1,2015-11-18,4,November,16:50:00,16,1,1,30
201501KF60898,0.026733,51.524434,3,1,1,2015-11-07,7,November,00:55:00,0,1,1,30
201501KF60899,0.02603,51.54432,3,1,1,2015-11-19,5,November,07:40:00,7,1,1,30
201501KF60900,0.037805,51.530268,2,2,1,2015-11-09,2,November,00:50:00,0,1,1,30
201501KF60901,0.073189,51.525241,3,2,1,2015-10-16,6,October,18:40:00,18,1,1,50
201501KF60902,0.074481,51.525128,2,1,1,2015-11-30,2,November,12:10:00,12,8,2,30
201501KF60903,0.030446,51.523651,3,1,1,2015-09-17,5,September,12:10:00,12,1,1,30
201501KF60904,0.059092,51.532324,3,1,1,2015-11-13,6,November,10:35:00,10,1,1,30
201501KF60905,0.014659,51.518707,3,2,1,2015-10-24,7,October,17:15:00,17,2,2,30
201501KF60906,0.070546,51.508292,3,2,1,2015-11-09,2,November,19:24:00,19,1,1,30
201501KF60907,0.058301,51.521187,3,2,1,2015-11-30,2,November,13:25:00,13,1,1,30
201501KF60908,0.024828,51.549737,3,1,1,2015-11-27,6,November,21:41:00,21,1,1,30
201501KF60910,0.02232,51.522442,2,1,1,2015-12-02,4,December,12:08:00,12,1,1,30
201501KF60912,0.045358,51.534723,3,2,1,2015-11-29,1,November,20:40:00,20,1,1,30
201501KF60914,0.052251,51.546922,3,2,1,2015-10-23,6,October,18:15:00,18,1,1,30
201501KF60915,0.054366,51.533036,3,2,3,2015-12-05,7,December,13:45:00,13,1,1,20
201501KF60916,-0.005667,51.535152,3,2,3,2015-11-30,2,November,06:10:00,6,1,1,30
201501KF60917,0.008988,51.514308,3,3,1,2015-10-21,4,October,07:51:00,7,2,2,40
201501KF60918,0.050543,51.541017,3,2,1,2015-11-29,1,November,18:20:00,18,2,2,30
201501KF60919,0.058249,51.55518,3,1,1,2015-10-10,7,October,16:35:00,16,1,1,30
201501KF60920,0.058977,51.520186,3,2,1,2015-11-30,2,November,19:18:00,19,1,1,30
201501KF60921,0.05988,51.517832,3,2,1,2015-09-14,2,September,17:50:00,17,2,2,30
201501KF60922,0.034024,51.535999,3,2,1,2015-10-15,5,October,20:00:00,20,1,1,30
201501KF60923,0.011511,51.515974,2,2,1,2015-11-28,7,November,06:42:00,6,1,1,50
201501KF60924,0.048253,51.551039,3,2,1,2015-12-09,4,December,16:15:00,16,1,1,30
201501KF60925,0.019885,51.545595,3,2,1,2015-12-07,2,December,09:30:00,9,1,1,30
201501KF60927,0.069789,51.507496,3,2,1,2015-12-09,4,December,13:41:00,13,1,1,30
201501KF60929,0.041294,51.527689,3,2,1,2015-10-24,7,October,16:15:00,16,1,1,30
201501KF60930,0.038932,51.516759,3,2,1,2015-12-06,1,December,05:31:00,5,1,1,30
201501KF60931,0.015798,51.544497,3,2,1,2015-12-13,1,December,21:10:00,21,2,2,30
201501KF60932,0.03635,51.54612,3,2,1,2015-12-09,4,December,12:17:00,12,1,1,30
201501KF60933,0.004669,51.524274,3,2,1,2015-12-08,3,December,18:25:00,18,1,1,30
201501KF60934,0.02246,51.52235,3,2,1,2015-12-08,3,December,22:40:00,22,1,1,30
201501KF60935,0.035168,51.535799,3,1,1,2015-12-01,3,December,21:29:00,21,2,2,30
201501KF60936,0.048012,51.548885,3,2,1,2015-12-05,7,December,05:10:00,5,1,1,30
201501KF60937,0.062475,51.533793,2,2,4,2015-11-02,2,November,23:58:00,23,1,1,30
201501KF60939,0.03682,51.527587,3,2,1,2015-08-31,2,August,13:59:00,13,1,1,30
201501KF60940,0.042004,51.514547,3,2,1,2015-12-05,7,December,11:40:00,11,1,1,30
201501KF60941,-0.004399,51.550957,3,2,1,2015-11-12,5,November,10:30:00,10,1,1,30
201501KF60943,0.034592,51.529334,3,2,1,2015-10-03,7,October,10:32:00,10,1,1,30
201501KF60944,0.028801,51.525568,3,1,1,2015-08-30,1,August,13:35:00,13,1,1,30
201501KF60945,0.031766,51.52093,2,2,1,2015-12-03,5,December,08:45:00,8,1,1,30
201501KF60946,0.027575,51.546632,2,2,3,2015-12-06,1,December,05:30:00,5,5,2,30
201501KF60947,0.02564,51.52904,2,1,1,2015-11-17,3,November,19:08:00,19,1,1,30
201501KF60948,0.009219,51.516283,3,1,1,2015-12-11,6,December,16:12:00,16,1,1,30
201501KF60949,0.035032,51.535981,3,2,1,2015-12-14,2,December,12:05:00,12,1,1,30
201501KF60950,0.054222,51.533039,3,2,3,2015-12-13,1,December,15:10:00,15,1,1,30
201501KF60951,0.035838,51.547568,3,2,1,2015-11-30,2,November,03:04:00,3,2,2,30
201501KF60952,0.041803,51.548723,3,2,3,2015-12-25,6,December,14:51:00,14,2,2,30
201501KF60953,0.031991,51.51625,3,1,1,2015-12-05,7,December,18:10:00,18,1,1,30
201501KF60954,0.033819,51.537891,3,2,1,2015-12-05,7,December,22:27:00,22,1,1,30
201501KF60955,0.054537,51.546433,3,2,1,2015-12-15,3,December,20:51:00,20,2,2,30
201501KF60956,-0.001638,51.541558,3,1,1,2015-12-10,5,December,13:38:00,13,1,2,30
201501KF60957,0.030253,51.548474,3,2,1,2015-12-20,1,December,18:10:00,18,1,1,20
201501KF60958,0.032599,51.516959,3,2,1,2015-12-22,3,December,07:50:00,7,1,1,30
201501KF60959,-0.002835,51.537262,3,1,2,2015-12-21,2,December,07:30:00,7,1,1,30
201501KF60960,0.007155,51.515239,3,1,1,2015-12-12,7,December,17:41:00,17,1,1,30
201501KF60961,0.072428,51.524355,3,2,2,2015-12-11,6,December,15:10:00,15,2,2,30
201501KF60962,0.031738,51.517064,3,2,2,2015-12-20,1,December,23:50:00,23,1,1,30
201501KF60963,-0.003477,51.548963,3,2,2,2015-12-15,3,December,03:00:00,3,1,1,30
201501KF60964,0.07222,51.529305,3,3,1,2015-12-07,2,December,14:06:00,14,1,2,50
201501KF60965,0.028953,51.525745,3,2,1,2015-11-06,6,November,23:30:00,23,1,1,30
201501KF60966,0.033231,51.51497,3,3,1,2015-09-03,5,September,21:45:00,21,1,1,30
201501KF60968,0.009378,51.542808,3,2,1,2015-12-26,7,December,13:50:00,13,1,1,30
201501KF60969,0.072017,51.531197,3,4,1,2015-12-12,7,December,16:51:00,16,1,1,50
201501KF60970,0.053523,51.552745,3,1,1,2015-12-14,2,December,16:25:00,16,1,1,30
201501KF60971,0.000905,51.540345,3,1,2,2015-11-28,7,November,14:00:00,14,1,1,30
201501KF60973,0.02482,51.549557,2,2,1,2015-12-31,5,December,17:30:00,17,2,2,30
201501KF60974,0.046373,51.531647,3,1,2,2015-12-29,3,December,14:00:00,14,1,1,30
201501KF60975,0.07325,51.526589,3,2,1,2015-12-20,1,December,12:37:00,12,1,1,40
201501KF60976,0.057268,51.533435,3,1,1,2015-12-30,4,December,13:30:00,13,1,1,20
201501KF60977,0.024536,51.546415,3,2,1,2015-11-26,5,November,16:00:00,16,1,1,30
201501KF60978,0.032811,51.528196,3,1,1,2015-11-26,5,November,07:40:00,7,1,1,30
201501KF60979,0.020224,51.549996,3,1,1,2015-12-02,4,December,08:30:00,8,1,1,30
201501KF60980,0.020794,51.510778,3,2,1,2015-12-25,6,December,13:10:00,13,2,2,30
201501KF60981,0.058113,51.520201,3,2,1,2015-12-08,3,December,19:25:00,19,1,1,50
201501KF60982,0.007192,51.542306,3,2,1,2015-11-27,6,November,10:10:00,10,1,1,30
201501KF60983,0.021872,51.52209,3,1,1,2015-12-02,4,December,14:20:00,14,1,1,30
201501KF60985,0.032543,51.5416,3,1,1,2015-09-25,6,September,18:15:00,18,1,1,30
201501KF60986,0.022496,51.523159,3,1,1,2015-09-28,2,September,19:00:00,19,1,1,30
201501KF60988,0.002907,51.539951,3,2,1,2015-12-31,5,December,14:15:00,14,1,1,30
201501KF60991,0.038093,51.530263,3,1,1,2015-12-31,5,December,00:01:00,0,2,2,30
201501KF60992,0.073509,51.525955,3,2,1,2015-12-14,2,December,11:15:00,11,1,1,40
201501KF60994,0.021952,51.536927,3,2,2,2015-12-24,5,December,11:30:00,11,1,1,30
201501KF60995,-0.001642,51.541468,2,2,1,2015-12-13,1,December,04:00:00,4,2,2,30
201501KF60996,0.001272,51.548702,3,2,1,2015-12-03,5,December,08:25:00,8,1,1,30
201501KF60998,-0.00877,51.549952,3,1,1,2015-12-19,7,December,21:30:00,21,1,1,30
201501KF60999,0.071287,51.524645,3,2,1,2015-12-14,2,December,14:22:00,14,1,1,30
201501KF61000,0.015542,51.532181,3,2,1,2015-12-12,7,December,17:45:00,17,1,1,30
201501KF61001,0.002907,51.539951,3,2,1,2015-12-28,2,December,12:05:00,12,1,1,30
201501KF61004,0.053746,51.516051,3,2,1,2015-10-30,6,October,21:45:00,21,1,1,30
201501KF61006,0.056162,51.553688,3,2,2,2015-12-31,5,December,23:55:00,23,1,1,30
201501KF61011,0.047798,51.508781,3,2,1,2015-10-09,6,October,15:19:00,15,1,1,30
201501KF61012,-0.019385,51.551301,3,2,1,2015-12-11,6,December,23:35:00,23,1,1,50
201501KF69002,-0.005807,51.535244,3,2,1,2015-12-10,5,December,00:50:00,0,1,1,30
201501KF69003,0.05587,51.553603,3,2,5,2015-12-29,3,December,15:35:00,15,1,1,30
201501KF69004,0.038093,51.530263,3,1,2,2015-10-29,5,October,11:25:00,11,1,1,30
201501KF69006,0.06338,51.499605,3,2,1,2015-12-10,5,December,12:30:00,12,1,1,30
201501KF69008,0.055898,51.53184,3,2,1,2015-12-30,4,December,17:20:00,17,2,2,20
201501KF69011,0.043412,51.549235,3,2,1,2015-12-31,5,December,22:50:00,22,1,1,30
201501KF69014,0.025922,51.545132,3,2,2,2015-12-29,3,December,22:10:00,22,1,1,30
201501KF69016,0.053531,51.552925,3,2,1,2015-12-14,2,December,14:00:00,14,1,1,30
201501KF69017,0.05712,51.533348,3,3,1,2015-11-11,4,November,04:35:00,4,1,1,30
201501KF69018,0.02232,51.522442,2,1,1,2015-10-30,6,October,18:34:00,18,5,2,30
201501KF69022,0.037553,51.531081,2,1,1,2015-12-31,5,December,19:15:00,19,1,2,30
201501KF69025,0.049076,51.546888,3,2,1,2015-12-20,1,December,22:00:00,22,1,1,30
201501KF69030,0.007495,51.516402,3,2,2,2015-10-18,1,October,00:59:00,0,1,1,30
201501KF69034,0.031566,51.545574,3,2,1,2015-12-17,5,December,15:45:00,15,1,1,30
201501KF69035,-0.005663,51.535241,3,2,1,2015-10-17,7,October,18:57:00,18,1,1,30
201501KF69045,-0.005244,51.541529,3,2,2,2015-11-28,7,November,16:30:00,16,2,2,30
201501KF69062,0.045069,51.53149,3,1,1,2015-12-17,5,December,18:00:00,18,1,2,30
201501KF69070,0.036166,51.545224,2,1,1,2015-11-23,2,November,17:57:00,17,1,1,30
201501KF69071,0.018847,51.522142,3,2,1,2015-12-10,5,December,14:28:00,14,2,2,30
201501KF69078,0.023176,51.541762,3,1,1,2015-12-18,6,December,12:13:00,12,1,1,30
201501KF69085,0.032011,51.516699,3,2,1,2015-11-19,5,November,20:30:00,20,2,2,30
201501KF69094,0.010572,51.54045,3,2,3,2015-12-20,1,December,20:25:00,20,1,1,30
201501KF69096,0.031062,51.537489,3,1,1,2015-12-04,6,December,18:30:00,18,1,1,30
201501KF69107,0.036919,51.516884,3,1,1,2015-12-25,6,December,22:00:00,22,1,1,30
201501KF69109,0.025264,51.553057,3,1,3,2015-12-08,3,December,08:55:00,8,1,1,30
201501KF69136,0.028299,51.546709,3,2,1,2015-10-15,5,October,17:15:00,17,1,1,30
201501KF69149,0.039751,51.509281,3,2,1,2015-12-17,5,December,19:51:00,19,1,1,30
201501KF69163,0.021949,51.517323,3,3,1,2015-11-07,7,November,17:25:00,17,1,1,50
201501KF69165,0.047516,51.550692,3,2,1,2015-12-30,4,December,14:40:00,14,1,1,30
201501KF69181,0.009085,51.542723,3,2,1,2015-12-15,3,December,16:15:00,16,2,2,30
201501KG70003,0.1224,51.55116,3,2,1,2015-01-05,2,January,16:00:00,16,1,1,30
201501KG70009,0.069908,51.535551,3,2,1,2015-01-06,3,January,21:20:00,21,1,1,30
201501KG70013,0.124196,51.561828,3,2,1,2015-01-08,5,January,07:58:00,7,1,1,30
201501KG70015,0.102494,51.535511,3,1,1,2015-01-10,7,January,13:55:00,13,1,1,30
201501KG70017,0.103485,51.531986,3,2,1,2015-01-07,4,January,18:55:00,18,1,2,40
201501KG70020,0.112404,51.537761,3,2,1,2015-01-10,7,January,20:10:00,20,1,1,30
201501KG70022,0.116558,51.524736,3,2,1,2015-01-19,2,January,07:56:00,7,1,1,30
201501KG70025,0.106991,51.551707,3,1,1,2015-01-19,2,January,16:40:00,16,1,1,30
201501KG70026,0.091096,51.532207,2,2,1,2015-01-18,1,January,20:55:00,20,1,1,30
201501KG70027,0.12967,51.561639,3,2,1,2015-01-01,5,January,02:00:00,2,1,1,30
201501KG70028,0.06665,51.540015,3,1,2,2015-01-03,7,January,06:32:00,6,2,2,50
201501KG70030,0.082545,51.540723,3,2,2,2015-01-23,6,January,10:34:00,10,1,1,30
201501KG70031,0.094854,51.535558,3,2,3,2015-01-25,1,January,14:40:00,14,1,1,30
201501KG70032,0.151428,51.530487,3,2,1,2015-01-23,6,January,17:45:00,17,1,1,30
201501KG70035,0.093744,51.545919,3,1,1,2015-01-22,5,January,13:10:00,13,1,1,30
201501KG70038,0.148008,51.540532,3,1,1,2015-01-01,5,January,03:21:00,3,1,2,30
201501KG70039,0.129464,51.566499,3,2,2,2015-01-24,7,January,23:57:00,23,1,1,30
201501KG70040,0.163902,51.547254,3,2,2,2015-01-28,4,January,08:42:00,8,1,1,30
201501KG70041,0.099765,51.53574,3,1,1,2015-01-28,4,January,15:36:00,15,1,2,30
201501KG70042,0.108569,51.532794,3,2,1,2015-01-14,4,January,20:05:00,20,2,2,30
201501KG70045,0.129804,51.564515,3,2,2,2015-01-28,4,January,18:55:00,18,1,1,30
201501KG70046,0.137619,51.546567,3,2,1,2015-01-29,5,January,20:38:00,20,1,1,30
201501KG70047,0.119838,51.536368,2,2,1,2015-01-27,3,January,17:50:00,17,1,1,30
201501KG70048,0.08383,51.534135,3,2,1,2015-01-31,7,January,15:45:00,15,1,1,30
201501KG70050,0.176072,51.55746,3,2,2,2015-01-29,5,January,15:20:00,15,2,2,30
201501KG70051,0.176212,51.557368,3,1,1,2015-01-31,7,January,12:58:00,12,1,1,30
201501KG70052,0.147886,51.531811,3,2,1,2015-01-24,7,January,14:45:00,14,1,1,30
201501KG70054,0.081891,51.535878,3,1,1,2015-01-08,5,January,08:00:00,8,1,1,30
201501KG70055,0.141542,51.580938,3,2,2,2015-02-02,2,February,13:40:00,13,1,1,50
201501KG70056,0.072023,51.537672,3,2,1,2015-02-03,3,February,14:00:00,14,1,2,30
201501KG70057,0.098397,51.52794,2,1,1,2015-02-02,2,February,15:53:00,15,1,1,30
201501KG70058,0.1754,51.56152,3,2,1,2015-02-02,2,February,21:29:00,21,1,4,30
201501KG70060,0.081627,51.53957,3,2,1,2015-02-03,3,February,16:18:00,16,1,1,30
201501KG70061,0.083131,51.528302,3,2,1,2015-02-01,1,February,17:50:00,17,1,1,50
201501KG70062,0.150297,51.54013,3,1,1,2015-02-05,5,February,16:20:00,16,1,2,30
201501KG70063,0.112408,51.537851,3,2,2,2015-02-04,4,February,20:20:00,20,1,2,30
201501KG70064,0.072311,51.537667,3,2,1,2015-02-01,1,February,08:50:00,8,1,4,30
201501KG70065,0.109718,51.532683,3,3,2,2015-01-30,6,January,17:53:00,17,1,1,30
201501KG70068,0.141262,51.581122,3,2,1,2015-02-04,4,February,17:45:00,17,1,1,30
201501KG70069,0.148199,51.53846,3,2,1,2015-02-07,7,February,18:53:00,18,1,1,30
201501KG70072,0.102359,51.535693,3,2,1,2015-02-07,7,February,23:50:00,23,1,1,30
201501KG70073,0.081327,51.539306,3,1,1,2015-01-30,6,January,12:35:00,12,1,1,30
201501KG70074,0.130823,51.570881,3,2,1,2015-02-07,7,February,15:20:00,15,1,1,30
201501KG70075,0.116242,51.555228,3,2,2,2015-02-06,6,February,21:12:00,21,1,1,30
201501KG70076,0.133419,51.536931,3,2,1,2015-01-29,5,January,11:30:00,11,1,1,30
201501KG70077,0.148153,51.537471,3,2,1,2015-02-06,6,February,07:45:00,7,1,1,30
201501KG70081,0.084296,51.528552,3,2,1,2015-02-11,4,February,17:58:00,17,1,1,50
201501KG70083,0.141397,51.58094,3,2,1,2015-02-11,4,February,08:30:00,8,1,1,50
201501KG70084,0.12967,51.561639,3,2,3,2015-02-21,7,February,22:15:00,22,1,1,30
201501KG70085,0.0843,51.528641,3,2,2,2015-02-12,5,February,18:48:00,18,1,1,30
201501KG70086,0.112235,51.537224,3,2,2,2015-02-14,7,February,02:00:00,2,1,2,30
201501KG70087,0.073368,51.541875,3,2,1,2015-02-03,3,February,18:30:00,18,1,1,30
201501KG70089,0.165303,51.540304,3,2,2,2015-02-10,3,February,12:00:00,12,1,1,30
201501KG70090,0.093591,51.545742,3,2,1,2015-02-20,6,February,10:00:00,10,1,2,30
201501KG70091,0.114664,51.552288,2,1,1,2015-02-18,4,February,15:05:00,15,1,1,30
201501KG70092,0.125226,51.562259,3,1,1,2015-02-23,2,February,22:30:00,22,1,1,30
201501KG70093,0.159894,51.553982,3,2,4,2015-02-17,3,February,16:00:00,16,1,1,30
201501KG70094,0.082409,51.540905,3,2,1,2015-02-20,6,February,19:30:00,19,1,1,30
201501KG70095,0.115642,51.542289,3,2,1,2015-02-21,7,February,18:00:00,18,1,1,30
201501KG70096,0.096216,51.530677,3,2,2,2015-02-16,2,February,09:42:00,9,1,1,40
201501KG70097,0.147441,51.531549,3,1,1,2015-02-17,3,February,06:40:00,6,1,1,30
201501KG70098,0.071575,51.53732,3,2,1,2015-02-23,2,February,18:30:00,18,1,1,30
201501KG70099,0.083687,51.53099,3,1,1,2015-02-21,7,February,09:19:00,9,1,2,30
201501KG70100,0.147562,51.558615,3,1,1,2015-02-23,2,February,17:56:00,17,1,1,30
201501KG70101,0.154402,51.529353,3,1,1,2015-02-19,5,February,15:00:00,15,2,2,30
201501KG70102,0.082987,51.528305,3,3,2,2015-02-17,3,February,19:24:00,19,1,1,50
201501KG70103,0.130192,51.551198,3,2,1,2015-02-17,3,February,09:15:00,9,1,1,30
201501KG70104,0.101586,51.525185,3,2,2,2015-01-25,1,January,09:00:00,9,1,1,30
201501KG70106,0.137039,51.589563,3,2,1,2015-02-27,6,February,16:00:00,16,1,1,30
201501KG70107,0.116083,51.542461,3,2,2,2015-03-05,5,March,20:50:00,20,1,1,30
201501KG70109,0.095528,51.525114,3,1,1,2015-01-20,3,January,08:33:00,8,1,1,30
201501KG70110,0.131258,51.555495,3,2,1,2015-02-10,3,February,09:30:00,9,1,1,30
201501KG70111,0.072599,51.537662,3,2,2,2015-02-26,5,February,07:05:00,7,1,2,30
201501KG70113,0.092207,51.528141,3,2,1,2015-03-07,7,March,11:31:00,11,1,1,30
201501KG70114,0.147333,51.562936,3,1,1,2015-03-02,2,March,17:25:00,17,1,1,30
201501KG70115,0.147066,51.554218,3,1,1,2015-03-03,3,March,18:32:00,18,1,1,30
201501KG70117,0.066645,51.539925,3,2,2,2015-03-07,7,March,09:17:00,9,1,1,50
201501KG70118,0.122058,51.562407,3,2,1,2015-02-23,2,February,07:33:00,7,1,2,30
201501KG70119,0.131959,51.551975,3,2,2,2015-02-23,2,February,16:45:00,16,1,1,30
201501KG70120,0.12928,51.587276,3,2,1,2015-03-10,3,March,12:45:00,12,1,1,30
201501KG70122,0.147083,51.554577,3,1,1,2015-03-04,4,March,11:22:00,11,1,1,30
201501KG70124,0.096659,51.521497,3,1,1,2015-03-16,2,March,11:05:00,11,1,1,30
201501KG70127,0.070448,51.534732,3,2,1,2015-02-28,7,February,13:25:00,13,1,1,30
201501KG70128,0.117773,51.532268,3,3,1,2015-03-09,2,March,11:31:00,11,1,1,50
201501KG70130,0.130196,51.569813,3,2,1,2015-03-06,6,March,22:50:00,22,1,1,30
201501KG70132,0.147889,51.544131,3,2,1,2015-03-19,5,March,08:58:00,8,1,1,30
201501KG70134,0.142552,51.553311,3,1,1,2015-03-02,2,March,08:40:00,8,1,1,30
201501KG70135,0.136591,51.583096,3,2,1,2015-03-03,3,March,15:10:00,15,1,2,30
201501KG70137,0.113169,51.544941,3,2,2,2015-03-11,4,March,22:30:00,22,1,1,30
201501KG70138,0.116211,51.551451,3,2,1,2015-03-09,2,March,15:54:00,15,1,1,30
201501KG70139,0.124317,51.558229,3,2,1,2015-03-03,3,March,16:07:00,16,1,1,30
201501KG70140,0.129665,51.561549,3,2,2,2015-02-23,2,February,15:23:00,15,1,1,30
201501KG70141,0.148153,51.537471,3,2,1,2015-03-04,4,March,09:24:00,9,1,1,30
201501KG70144,0.082998,51.541164,3,2,2,2015-03-10,3,March,10:38:00,10,1,1,30
201501KG70145,0.143796,51.539889,3,2,1,2015-03-06,6,March,09:00:00,9,1,1,30
201501KG70146,0.145967,51.56458,3,2,1,2015-03-15,1,March,13:30:00,13,2,2,30
201501KG70148,0.111612,51.551804,3,2,1,2015-03-12,5,March,08:15:00,8,1,1,30
201501KG70149,0.104467,51.537634,3,2,1,2015-03-12,5,March,15:05:00,15,1,1,30
201501KG70151,0.135039,51.531506,3,2,1,2015-03-12,5,March,06:48:00,6,1,1,50
201501KG70154,0.143219,51.567508,3,2,2,2015-03-24,3,March,17:17:00,17,1,1,30
201501KG70155,0.071912,51.538393,3,2,1,2015-03-26,5,March,12:11:00,12,1,1,30
201501KG70156,0.091096,51.532207,3,2,1,2015-03-24,3,March,13:20:00,13,1,1,30
201501KG70157,0.128339,51.551681,3,1,1,2015-03-13,6,March,15:15:00,15,1,1,30
201501KG70158,0.129973,51.537263,3,2,1,2015-02-26,5,February,13:45:00,13,1,1,30
201501KG70159,0.119838,51.536368,3,2,1,2015-03-06,6,March,16:22:00,16,1,1,30
201501KG70160,0.097561,51.54738,3,2,1,2015-03-02,2,March,16:15:00,16,1,1,30
201501KG70161,0.108298,51.533159,3,2,1,2015-03-06,6,March,19:45:00,19,1,1,30
201501KG70162,0.074887,51.540409,3,2,1,2015-03-21,7,March,12:20:00,12,1,1,30
201501KG70164,0.104042,51.534674,3,2,1,2015-03-20,6,March,14:30:00,14,1,1,30
201501KG70165,0.105523,51.532399,3,1,1,2015-03-21,7,March,19:35:00,19,1,1,50
201501KG70166,0.090684,51.532664,3,1,1,2015-04-01,4,April,08:30:00,8,1,1,30
201501KG70167,0.156004,51.532741,3,1,1,2015-04-01,4,April,08:00:00,8,1,1,30
201501KG70168,0.157404,51.544046,3,2,1,2015-04-02,5,April,08:53:00,8,1,1,30
201501KG70169,0.068709,51.53773,3,1,1,2015-04-04,7,April,04:45:00,4,2,2,30
201501KG70170,0.145413,51.555867,3,2,1,2015-04-02,5,April,07:20:00,7,1,1,30
201501KG70171,0.160911,51.551086,3,2,1,2015-01-26,2,January,14:30:00,14,1,1,30
201501KG70173,0.09082,51.532482,3,1,1,2015-03-02,2,March,19:00:00,19,1,1,30
201501KG70174,0.141542,51.580938,2,2,1,2015-04-06,2,April,16:00:00,16,1,1,50
201501KG70175,0.098823,51.540343,3,2,1,2015-04-12,1,April,21:10:00,21,1,1,30
201501KG70176,0.13521,51.541305,3,2,1,2015-03-30,2,March,07:36:00,7,1,1,30
201501KG70177,0.162135,51.549535,3,2,1,2015-02-09,2,February,17:25:00,17,1,1,30
201501KG70178,0.106839,51.55153,3,2,2,2015-04-13,2,April,17:21:00,17,1,1,30
201501KG70179,0.083138,51.541072,3,2,1,2015-04-09,5,April,14:00:00,14,1,1,30
201501KG70180,0.124023,51.545735,3,2,1,2015-03-13,6,March,23:22:00,23,1,1,30
201501KG70181,0.082695,51.531368,3,2,1,2015-03-27,6,March,14:45:00,14,1,1,30
201501KG70182,0.11097,51.534819,3,3,1,2015-04-12,1,April,16:44:00,16,1,1,30
201501KG70183,0.135856,51.561257,3,1,1,2015-04-17,6,April,17:50:00,17,1,1,30
201501KG70184,0.122093,51.535248,3,2,1,2015-04-18,7,April,19:22:00,19,1,1,30
201501KG70185,0.082076,51.539922,2,1,1,2015-04-18,7,April,09:40:00,9,1,1,30
201501KG70187,0.09287,51.530018,3,2,2,2015-04-05,1,April,18:20:00,18,1,1,30
201501KG70188,0.154917,51.552455,2,2,1,2015-03-18,4,March,17:21:00,17,1,1,30
201501KG70189,0.094834,51.544551,3,2,1,2015-04-11,7,April,23:30:00,23,1,1,30
201501KG70190,0.140723,51.578884,3,1,1,2015-04-10,6,April,17:11:00,17,1,1,30
201501KG70191,0.116414,51.524739,3,2,1,2015-04-20,2,April,17:44:00,17,1,1,30
201501KG70192,0.094966,51.544279,2,2,5,2015-04-08,4,April,20:05:00,20,1,1,30
201501KG70194,0.125383,51.547059,3,2,2,2015-03-26,5,March,13:00:00,13,1,1,30
201501KG70196,0.135785,51.58437,3,1,1,2015-04-21,3,April,17:26:00,17,1,1,30
201501KG70197,0.087267,51.543067,3,2,1,2015-04-24,6,April,15:05:00,15,1,1,30
201501KG70198,0.127215,51.561594,2,1,1,2015-04-22,4,April,08:25:00,8,1,1,30
201501KG70200,0.141928,51.555391,2,1,1,2015-04-07,3,April,06:00:00,6,1,1,30
201501KG70203,0.123731,51.54565,3,2,1,2015-04-26,1,April,18:10:00,18,1,1,30
201501KG70204,0.119633,51.56299,3,1,2,2015-04-25,7,April,11:56:00,11,1,1,30
201501KG70205,0.090651,51.544535,2,1,1,2015-04-27,2,April,01:34:00,1,1,1,30
201501KG70206,0.118345,51.532168,3,2,1,2015-04-16,5,April,10:10:00,10,1,1,40
201501KG70212,0.11579,51.542376,3,1,1,2015-05-11,2,May,16:09:00,16,1,1,30
201501KG70213,0.078153,51.536125,3,2,1,2015-05-12,3,May,13:01:00,13,1,1,30
201501KG70214,0.148239,51.572991,3,2,2,2015-04-03,6,April,22:21:00,22,1,1,30
201501KG70215,0.084296,51.528552,3,2,2,2015-05-17,1,May,18:31:00,18,1,1,50
201501KG70216,0.083424,51.528387,3,2,2,2015-05-03,1,May,21:30:00,21,1,1,50
201501KG70217,0.095215,51.52458,2,2,1,2015-05-15,6,May,10:15:00,10,1,1,30
201501KG70218,0.087066,51.529222,3,2,1,2015-04-26,1,April,11:56:00,11,1,2,50
201501KG70219,0.14105,51.539759,3,1,1,2015-05-01,6,May,15:50:00,15,1,1,30
201501KG70221,0.091713,51.529948,3,2,1,2015-05-01,6,May,16:00:00,16,1,1,50
201501KG70222,0.139669,51.522608,3,1,1,2015-04-09,5,April,21:29:00,21,1,1,30
201501KG70223,0.117773,51.532268,3,2,2,2015-05-17,1,May,12:15:00,12,1,1,40
201501KG70224,0.147978,51.54296,3,2,1,2015-05-12,3,May,23:00:00,23,1,1,30
201501KG70226,0.116967,51.527337,3,2,1,2015-02-16,2,February,16:40:00,16,1,1,30
201501KG70227,0.147409,51.558438,3,2,3,2015-05-04,2,May,15:29:00,15,1,1,30
201501KG70228,0.127277,51.532006,3,2,1,2015-05-11,2,May,18:00:00,18,1,1,30
201501KG70229,0.0778,51.534692,3,2,1,2015-05-11,2,May,17:55:00,17,1,1,30
201501KG70231,0.086189,51.528968,3,2,1,2015-03-06,6,March,11:48:00,11,1,1,50
201501KG70232,0.136144,51.561252,3,2,2,2015-05-13,4,May,18:32:00,18,1,1,30
201501KG70234,0.128316,51.538822,3,1,1,2015-05-12,3,May,21:30:00,21,1,1,30
201501KG70236,0.115923,51.551456,3,2,1,2015-05-12,3,May,14:27:00,14,1,1,30
201501KG70237,0.092005,51.530033,3,2,1,2015-04-14,3,April,15:55:00,15,1,1,40
201501KG70238,0.101109,51.543,3,1,1,2015-05-14,5,May,15:25:00,15,2,2,30
201501KG70240,0.112677,51.540544,3,2,1,2015-05-20,4,May,13:44:00,13,1,1,30
201501KG70241,0.097844,51.54099,3,2,1,2015-05-20,4,May,08:30:00,8,1,1,30
201501KG70242,0.126951,51.562138,3,1,1,2015-05-14,5,May,15:35:00,15,2,2,30
201501KG70243,0.125535,51.547236,3,2,1,2015-05-22,6,May,19:15:00,19,1,1,30
201501KG70244,0.10191,51.535342,3,2,1,2015-05-22,6,May,19:30:00,19,1,1,30
201501KG70245,0.123794,51.53153,3,2,1,2015-05-22,6,May,13:14:00,13,1,1,40
201501KG70246,0.141397,51.58094,3,2,3,2015-05-19,3,May,00:27:00,0,5,2,50
201501KG70247,0.14105,51.539759,2,3,3,2015-05-18,2,May,11:56:00,11,2,2,30
201501KG70248,0.141253,51.580943,3,2,4,2015-05-31,1,May,00:50:00,0,2,2,30
201501KG70249,0.08328,51.52839,3,2,1,2015-05-03,1,May,16:15:00,16,1,1,50
201501KG70250,0.099312,51.535298,3,1,1,2015-05-06,4,May,15:20:00,15,1,1,30
201501KG70251,0.113486,51.55177,3,2,1,2015-05-15,6,May,16:14:00,16,1,1,30
201501KG70254,0.100426,51.528174,3,2,1,2015-05-26,3,May,10:00:00,10,1,1,30
201501KG70255,0.157493,51.539818,3,2,2,2015-05-11,2,May,11:45:00,11,1,1,30
201501KG70256,0.155432,51.529784,3,2,1,2015-05-23,7,May,23:37:00,23,1,1,30
201501KG70257,0.130106,51.552459,3,1,1,2015-06-01,2,June,21:41:00,21,2,2,30
201501KG70259,0.137191,51.58974,3,1,1,2015-05-20,4,May,12:27:00,12,1,1,30
201501KG70260,0.139332,51.530798,3,2,2,2015-05-30,7,May,17:41:00,17,1,1,30
201501KG70261,0.081025,51.542189,3,2,1,2015-05-29,6,May,20:10:00,20,1,1,30
201501KG70262,0.14433,51.535923,3,2,1,2015-06-02,3,June,11:40:00,11,1,1,30
201501KG70263,0.146415,51.543438,3,2,1,2015-06-03,4,June,18:00:00,18,1,1,30
201501KG70264,0.094566,51.535563,3,2,2,2015-05-29,6,May,15:00:00,15,1,1,30
201501KG70265,0.152272,51.551425,3,2,1,2015-06-08,2,June,19:03:00,19,1,1,30
201501KG70266,0.080457,51.542379,3,1,1,2015-05-30,7,May,14:30:00,14,1,1,30
201501KG70268,0.14574,51.547498,3,2,1,2015-06-10,4,June,12:35:00,12,1,1,30
201501KG70269,0.103778,51.532071,3,3,4,2015-05-22,6,May,20:15:00,20,1,1,50
201501KG70270,0.084015,51.541326,3,1,1,2015-06-10,4,June,21:45:00,21,1,1,30
201501KG70271,0.074327,51.540779,3,1,1,2015-06-09,3,June,15:25:00,15,1,1,30
201501KG70272,0.087066,51.529222,3,2,1,2015-06-10,4,June,18:31:00,18,1,1,50
201501KG70275,0.154402,51.529353,3,2,1,2015-06-05,6,June,09:05:00,9,1,1,30
201501KG70277,0.072425,51.53065,3,1,1,2015-06-05,6,June,17:26:00,17,1,1,30
201501KG70278,0.081751,51.535971,3,1,2,2015-06-22,2,June,10:12:00,10,1,1,30
201501KG70282,0.083136,51.528392,3,2,1,2015-06-13,7,June,00:50:00,0,1,1,50
201501KG70283,0.107288,51.551882,3,2,1,2015-05-19,3,May,09:10:00,9,1,1,30
201501KG70284,0.160315,51.538507,3,2,3,2015-05-19,3,May,13:45:00,13,1,1,30
201501KG70285,0.126915,51.542804,3,1,1,2015-06-13,7,June,16:55:00,16,1,1,30
201501KG70286,0.147782,51.56023,3,1,1,2015-06-18,5,June,16:46:00,16,1,1,30
201501KG70287,0.158726,51.544561,3,1,1,2015-06-25,5,June,15:40:00,15,1,1,30
201501KG70288,0.127273,51.531917,3,2,1,2015-06-26,6,June,17:10:00,17,1,1,30
201501KG70291,0.087712,51.543329,3,2,1,2015-06-03,4,June,17:20:00,17,1,1,30
201501KG70292,0.147847,51.540175,3,2,1,2015-06-17,4,June,22:35:00,22,1,1,30
201501KG70295,0.09084,51.529784,3,2,1,2015-04-29,4,April,16:45:00,16,1,1,50
201501KG70296,0.155731,51.557476,3,2,1,2015-06-23,3,June,09:30:00,9,1,1,30
201501KG70297,0.124741,51.564247,3,2,2,2015-06-15,2,June,18:00:00,18,1,1,30
201501KG70299,0.121671,51.544788,3,1,1,2015-06-28,1,June,06:13:00,6,1,1,30
201501KG70301,0.099333,51.535747,2,2,2,2015-06-30,3,June,22:51:00,22,1,1,30
201501KG70303,0.085497,51.542199,3,2,2,2015-07-05,1,July,15:02:00,15,1,1,30
201501KG70305,0.149576,51.540143,3,2,1,2015-06-23,3,June,16:50:00,16,1,1,30
201501KG70306,0.127701,51.531819,3,2,1,2015-06-08,2,June,06:10:00,6,1,1,50
201501KG70308,0.113477,51.55159,3,2,2,2015-05-30,7,May,16:00:00,16,1,1,30
201501KG70309,0.125858,51.538687,3,2,1,2015-06-29,2,June,16:48:00,16,1,1,30
201501KG70310,0.127595,51.538835,3,2,1,2015-07-02,5,July,09:50:00,9,1,1,30
201501KG70311,0.148135,51.54017,3,1,1,2015-07-08,4,July,10:45:00,10,1,1,30
201501KG70314,0.116205,51.532656,3,2,1,2015-06-30,3,June,16:14:00,16,1,1,40
201501KG70315,0.144885,51.53852,3,2,2,2015-06-19,6,June,15:50:00,15,1,1,30
201501KG70317,0.130301,51.553534,3,2,1,2015-07-05,1,July,13:55:00,13,1,1,30
201501KG70320,0.113559,51.55024,3,1,2,2015-07-11,7,July,23:22:00,23,1,1,30
201501KG70321,0.127273,51.531917,3,2,2,2015-06-28,1,June,13:00:00,13,2,2,30
201501KG70322,0.119771,51.53493,3,1,1,2015-07-11,7,July,16:10:00,16,1,1,30
201501KG70323,0.079897,51.542748,3,1,1,2015-07-04,7,July,16:25:00,16,1,1,30
201501KG70324,0.089392,51.52963,2,2,1,2015-06-18,5,June,17:54:00,17,1,1,50
201501KG70325,0.085497,51.542199,3,2,1,2015-07-09,5,July,09:26:00,9,1,1,30
201501KG70326,0.147826,51.545841,3,2,1,2015-05-30,7,May,09:30:00,9,1,1,30
201501KG70327,0.162881,51.547003,3,1,1,2015-06-16,3,June,18:55:00,18,1,1,30
201501KG70329,0.129986,51.556058,3,1,1,2015-07-14,3,July,16:23:00,16,1,1,30
201501KG70330,0.117773,51.532268,3,2,1,2015-06-10,4,June,08:04:00,8,1,1,40
201501KG70331,0.103766,51.534949,3,2,1,2015-06-20,7,June,19:50:00,19,2,2,30
201501KG70332,0.135521,51.584914,3,1,1,2015-06-29,2,June,07:45:00,7,1,1,30
201501KG70333,0.071519,51.532915,3,2,4,2015-06-13,7,June,08:12:00,8,1,1,50
201501KG70334,0.147979,51.533787,3,1,1,2015-07-02,5,July,18:03:00,18,1,1,30
201501KG70335,0.092051,51.531021,3,2,1,2015-07-03,6,July,17:30:00,17,1,1,30
201501KG70336,0.096504,51.530672,3,2,2,2015-07-01,4,July,16:05:00,16,1,1,50
201501KG70337,0.070842,51.537063,3,1,1,2015-07-11,7,July,12:37:00,12,1,1,30
201501KG70338,0.114054,51.55158,3,2,1,2015-07-19,1,July,17:55:00,17,1,1,30
201501KG70339,0.120489,51.55659,3,2,1,2015-07-23,5,July,07:12:00,7,1,1,30
201501KG70340,0.147969,51.561126,3,2,1,2015-07-15,4,July,15:10:00,15,1,1,30
201501KG70342,0.122915,51.562211,3,2,1,2015-07-13,2,July,08:47:00,8,1,1,30
201501KG70343,0.075003,51.539777,2,1,1,2015-07-14,3,July,18:55:00,18,1,1,30
201501KG70344,0.145967,51.56458,3,2,1,2015-06-05,6,June,09:10:00,9,1,1,30
201501KG70345,0.147826,51.545841,3,2,1,2015-07-15,4,July,15:45:00,15,1,1,30
201501KG70346,0.088716,51.533779,3,1,1,2015-07-13,2,July,08:05:00,8,1,1,30
201501KG70347,0.144937,51.567206,3,2,2,2015-07-17,6,July,10:35:00,10,1,1,30
201501KG70348,0.102214,51.535696,3,2,1,2015-07-16,5,July,12:00:00,12,1,1,30
201501KG70349,0.135587,51.552449,3,2,1,2015-07-19,1,July,12:00:00,12,1,1,30
201501KG70351,0.125535,51.547236,3,3,3,2015-07-11,7,July,10:52:00,10,1,1,30
201501KG70352,0.080278,51.53213,2,1,1,2015-07-24,6,July,21:00:00,21,1,1,30
201501KG70353,0.146964,51.555119,3,1,1,2015-07-14,3,July,17:00:00,17,1,1,30
201501KG70355,0.098905,51.535845,3,1,1,2015-05-17,1,May,00:57:00,0,1,1,30
201501KG70356,0.110356,51.534021,3,2,1,2015-07-02,5,July,11:40:00,11,1,1,30
201501KG70359,0.147355,51.551155,3,2,1,2015-07-11,7,July,10:35:00,10,1,1,30
201501KG70360,0.102498,51.535601,3,1,2,2015-07-04,7,July,11:29:00,11,1,1,30
201501KG70361,0.090552,51.532937,3,1,1,2015-06-25,5,June,23:20:00,23,1,1,30
201501KG70362,0.141853,51.572209,3,2,1,2015-07-26,1,July,08:12:00,8,1,1,30
201501KG70363,0.103346,51.535226,3,1,1,2015-07-31,6,July,19:00:00,19,1,1,30
201501KG70364,0.113152,51.544582,3,1,1,2015-08-01,7,August,07:07:00,7,1,1,30
201501KG70365,0.147906,51.54449,3,1,1,2015-08-01,7,August,11:40:00,11,1,1,30
201501KG70366,0.068948,51.536647,3,2,2,2015-08-01,7,August,16:50:00,16,1,1,50
201501KG70368,0.072307,51.537577,3,2,1,2015-07-28,3,July,10:55:00,10,1,1,30
201501KG70369,0.091861,51.530036,3,2,1,2015-07-23,5,July,18:10:00,18,1,1,30
201501KG70370,0.146841,51.564744,2,2,1,2015-05-25,2,May,22:20:00,22,1,1,30
201501KG70372,0.159289,51.562537,3,3,2,2015-07-25,7,July,14:43:00,14,1,1,30
201501KG70373,0.128375,51.555548,3,2,1,2015-07-21,3,July,12:30:00,12,1,1,30
201501KG70374,0.099627,51.542127,3,2,2,2015-08-01,7,August,12:45:00,12,1,1,30
201501KG70377,0.160542,51.552442,2,2,1,2015-07-29,4,July,03:26:00,3,1,1,30
201501KG70379,0.127429,51.541446,3,2,1,2015-07-31,6,July,11:15:00,11,1,1,30
201501KG70380,0.090532,51.52934,3,4,3,2015-07-24,6,July,07:36:00,7,2,2,50
201501KG70384,0.093591,51.545742,3,1,2,2015-08-05,4,August,17:06:00,17,1,1,30
201501KG70385,0.148,51.540352,3,1,1,2015-08-11,3,August,18:30:00,18,1,1,30
201501KG70386,0.150585,51.540125,3,2,1,2015-08-10,2,August,17:53:00,17,1,1,30
201501KG70388,0.092318,51.530567,3,2,3,2015-07-25,7,July,15:25:00,15,1,1,30
201501KG70389,0.081068,51.536792,3,3,1,2015-08-01,7,August,01:25:00,1,1,1,30
201501KG70390,0.113446,51.547814,3,2,1,2015-07-29,4,July,14:10:00,14,1,1,30
201501KG70391,0.14774,51.559331,3,2,1,2015-07-22,4,July,15:00:00,15,1,1,30
201501KG70392,0.167817,51.520383,3,2,1,2015-08-07,6,August,07:40:00,7,1,1,70
201501KG70393,0.144885,51.53852,3,2,2,2015-08-11,3,August,16:20:00,16,1,1,30
201501KG70394,0.127591,51.538745,3,1,1,2015-08-04,3,August,12:30:00,12,1,1,30
201501KG70395,0.074451,51.540327,3,2,2,2015-08-10,2,August,15:25:00,15,1,1,30
201501KG70396,0.154335,51.540146,3,2,2,2015-07-24,6,July,14:42:00,14,2,2,30
201501KG70397,0.123731,51.54565,3,2,1,2015-08-19,4,August,12:20:00,12,1,1,30
201501KG70398,0.12712,51.53174,3,4,3,2015-08-19,4,August,20:50:00,20,2,2,30
201501KG70399,0.133739,51.531439,3,2,1,2015-08-07,6,August,11:10:00,11,1,1,70
201501KG70400,0.12728,51.566089,3,2,1,2015-08-25,3,August,14:20:00,14,1,1,30
201501KG70401,0.144051,51.594381,3,2,1,2015-08-17,2,August,21:00:00,21,1,1,30
201501KG70402,0.132858,51.571204,3,2,1,2015-07-22,4,July,18:58:00,18,1,1,30
201501KG70404,0.147886,51.531811,2,1,1,2015-08-10,2,August,11:32:00,11,1,1,30
201501KG70405,0.141109,51.580945,3,2,1,2015-08-22,7,August,13:30:00,13,1,1,30
201501KG70406,0.110665,51.534465,3,3,1,2015-08-24,2,August,15:38:00,15,1,1,30
201501KG70407,0.116633,51.532559,3,3,2,2015-07-20,2,July,17:25:00,17,1,1,50
201501KG70408,0.072043,51.538121,3,2,1,2015-07-24,6,July,22:10:00,22,2,2,30
201501KG70409,0.091503,51.531661,3,1,1,2015-08-19,4,August,14:10:00,14,1,1,30
201501KG70411,0.068924,51.536108,3,2,2,2015-08-29,7,August,18:35:00,18,2,2,30
201501KG70412,0.155998,51.550907,3,2,1,2015-08-12,4,August,13:40:00,13,1,1,30
201501KG70413,0.095199,51.530516,3,2,1,2015-08-28,6,August,17:30:00,17,1,1,30
201501KG70414,0.087457,51.53461,3,1,2,2015-08-28,6,August,13:26:00,13,1,1,30
201501KG70415,0.160788,51.551538,3,1,1,2015-08-16,1,August,14:30:00,14,1,1,30
201501KG70416,0.152123,51.551337,3,2,1,2015-08-30,1,August,19:10:00,19,1,1,30
201501KG70417,0.130305,51.553624,3,4,6,2015-08-24,2,August,16:38:00,16,2,2,30
201501KG70418,0.069673,51.536724,3,2,1,2015-08-11,3,August,14:45:00,14,1,1,30
201501KG70419,0.147249,51.551966,3,2,1,2015-08-17,2,August,12:54:00,12,1,1,30
201501KG70420,0.145247,51.558478,3,3,3,2015-08-20,5,August,14:12:00,14,1,1,30
201501KG70421,0.112871,51.541619,3,1,1,2015-08-21,6,August,15:40:00,15,1,1,30
201501KG70422,0.164442,51.55255,3,1,1,2015-08-27,5,August,12:45:00,12,1,1,30
201501KG70423,0.126926,51.561599,3,1,1,2015-07-21,3,July,08:45:00,8,1,1,30
201501KG70424,0.072307,51.537577,3,1,1,2015-09-04,6,September,06:21:00,6,1,1,30
201501KG70425,0.080946,51.527802,3,2,1,2015-09-10,5,September,20:24:00,20,1,1,50
201501KG70426,0.143983,51.53467,3,2,1,2015-09-09,4,September,17:23:00,17,1,1,30
201501KG70427,0.134613,51.562449,3,2,1,2015-09-03,5,September,19:10:00,19,1,1,30
201501KG70428,0.123199,51.562116,3,4,1,2015-08-29,7,August,02:20:00,2,9,2,30
201501KG70430,0.074789,51.538252,3,1,1,2015-09-02,4,September,14:05:00,14,1,2,30
201501KG70431,0.141542,51.580938,3,2,1,2015-08-20,5,August,08:07:00,8,9,2,50
201501KG70432,0.157204,51.539823,3,1,1,2015-09-07,2,September,08:15:00,8,1,1,30
201501KG70433,0.1478,51.542244,3,1,1,2015-09-15,3,September,15:50:00,15,1,2,30
201501KG70434,0.139357,51.562093,2,1,1,2015-09-02,4,September,16:30:00,16,1,2,30
201501KG70435,0.083125,51.540802,3,1,1,2015-09-01,3,September,09:26:00,9,1,1,30
201501KG70436,0.130134,51.556145,3,1,1,2015-09-02,4,September,16:00:00,16,1,1,30
201501KG70437,0.153565,51.551311,3,1,1,2015-09-06,1,September,14:44:00,14,1,1,30
201501KG70438,0.134142,51.552385,3,2,1,2015-09-08,3,September,23:10:00,23,1,1,30
201501KG70439,0.139671,51.581062,3,3,2,2015-09-08,3,September,08:05:00,8,1,1,50
201501KG70440,0.14757,51.561853,3,2,3,2015-08-02,1,August,18:07:00,18,1,1,30
201501KG70443,0.115624,51.532577,3,2,1,2015-08-27,5,August,06:45:00,6,1,1,40
201501KG70444,0.130649,51.551729,3,1,2,2015-09-09,4,September,19:17:00,19,1,1,30
201501KG70445,0.097841,51.525253,3,1,1,2015-08-27,5,August,17:00:00,17,1,1,30
201501KG70446,0.117655,51.554573,3,2,1,2015-09-06,1,September,07:15:00,7,1,1,30
201501KG70448,0.069912,51.535641,3,2,1,2015-09-19,7,September,20:49:00,20,1,1,30
201501KG70449,0.093888,51.545917,3,2,1,2015-09-14,2,September,11:00:00,11,1,1,30
201501KG70452,0.117773,51.532268,3,2,1,2015-09-22,3,September,07:40:00,7,2,2,40
201501KG70453,0.129961,51.555519,3,2,1,2015-09-19,7,September,19:40:00,19,1,2,30
201501KG70455,0.092418,51.545313,3,2,2,2015-09-18,6,September,08:00:00,8,1,1,30
201501KG70456,0.151941,51.553589,3,2,1,2015-09-15,3,September,20:55:00,20,1,1,30
201501KG70457,0.068524,51.536834,3,2,1,2015-09-18,6,September,15:40:00,15,1,1,30
201501KG70458,0.175319,51.559813,3,2,1,2015-09-23,4,September,18:00:00,18,4,1,30
201501KG70459,0.147546,51.539911,3,3,1,2015-09-18,6,September,10:30:00,10,1,1,30
201501KG70460,0.071723,51.537407,3,2,1,2015-09-16,4,September,14:44:00,14,2,2,30
201501KG70461,0.143796,51.539889,3,2,1,2015-09-14,2,September,15:10:00,15,1,1,30
201501KG70462,0.109022,51.533235,3,2,1,2015-09-22,3,September,20:15:00,20,1,1,30
201501KG70464,0.116756,51.532107,3,2,1,2015-09-30,4,September,20:54:00,20,1,1,30
201501KG70465,0.165078,51.538599,3,2,1,2015-09-28,2,September,07:36:00,7,1,1,30
201501KG70467,0.069344,51.535831,3,2,1,2015-09-18,6,September,22:28:00,22,1,1,50
201501KG70468,0.175433,51.559181,3,2,1,2015-10-02,6,October,17:15:00,17,1,1,30
201501KG70469,0.158163,51.544842,3,2,1,2015-10-02,6,October,12:25:00,12,1,1,30
201501KG70470,0.082987,51.528305,3,2,1,2015-10-07,4,October,19:50:00,19,1,2,40
201501KG70471,0.121498,51.531751,3,2,1,2015-10-06,3,October,14:45:00,14,1,1,50
201501KG70472,0.111018,51.53275,3,2,1,2015-09-12,7,September,01:23:00,1,1,1,40
201501KG70473,0.116083,51.542461,3,2,1,2015-09-16,4,September,09:30:00,9,1,2,30
201501KG70474,0.086338,51.529055,2,2,1,2015-09-16,4,September,11:30:00,11,1,1,50
201501KG70476,0.079481,51.527288,3,2,1,2015-09-22,3,September,19:00:00,19,1,1,50
201501KG70477,0.132385,51.53641,3,1,1,2015-10-03,7,October,16:40:00,16,1,1,30
201501KG70478,0.111427,51.53535,3,2,2,2015-09-21,2,September,09:01:00,9,2,2,30
201501KG70479,0.159674,51.555425,3,3,1,2015-09-21,2,September,17:35:00,17,2,2,30
201501KG70482,0.142209,51.527598,3,4,3,2015-10-02,6,October,22:38:00,22,1,1,50
201501KG70483,0.129814,51.561637,3,1,1,2015-10-09,6,October,06:55:00,6,1,1,30
201501KG70484,0.112188,51.551793,3,2,2,2015-10-15,5,October,09:17:00,9,1,1,30
201501KG70485,0.090544,51.532757,3,3,1,2015-10-08,5,October,09:30:00,9,1,1,30
201501KG70486,0.120527,51.551193,3,1,1,2015-10-14,4,October,07:55:00,7,1,1,30
201501KG70487,0.093591,51.545742,3,1,1,2015-10-12,2,October,17:15:00,17,1,1,30
201501KG70489,0.129819,51.558669,3,2,1,2015-10-05,2,October,19:29:00,19,2,2,30
201501KG70490,0.116687,51.527522,3,2,1,2015-09-24,5,September,12:57:00,12,1,1,30
201501KG70491,0.145187,51.566393,3,2,1,2015-10-16,6,October,08:40:00,8,1,1,30
201501KG70494,0.16992,51.5252,3,3,1,2015-10-12,2,October,06:29:00,6,1,1,30
201501KG70495,0.147906,51.54449,3,1,1,2015-09-28,2,September,15:59:00,15,1,1,30
201501KG70496,0.141542,51.580938,3,2,1,2015-10-23,6,October,17:25:00,17,1,1,40
201501KG70497,0.140762,51.576635,3,2,1,2015-10-25,1,October,13:52:00,13,1,1,30
201501KG70498,0.100434,51.528354,3,1,1,2015-08-31,2,August,16:20:00,16,1,1,30
201501KG70500,0.07882,51.538091,3,1,1,2015-10-28,4,October,08:15:00,8,1,1,30
201501KG70501,0.081587,51.535524,3,1,1,2015-09-10,5,September,11:24:00,11,1,1,30
201501KG70502,0.175433,51.559181,3,2,1,2015-10-02,6,October,07:40:00,7,1,1,30
201501KG70503,0.112846,51.54108,3,1,1,2015-10-08,5,October,07:00:00,7,1,1,30
201501KG70504,0.167638,51.55303,3,1,1,2015-10-16,6,October,07:00:00,7,1,1,30
201501KG70505,0.140192,51.530692,3,2,2,2015-10-22,5,October,09:30:00,9,1,1,30
201501KG70507,0.156282,51.550811,3,2,1,2015-10-15,5,October,16:50:00,16,2,2,30
201501KG70510,0.169065,51.537536,3,1,1,2015-10-30,6,October,17:00:00,17,1,1,40
201501KG70511,0.128627,51.551676,3,2,2,2015-10-21,4,October,15:00:00,15,1,1,30
201501KG70512,0.143535,51.531261,3,2,1,2015-10-11,1,October,13:50:00,13,1,1,40
201501KG70514,0.141989,51.572027,3,2,1,2015-10-02,6,October,22:30:00,22,1,1,40
201501KG70515,0.140744,51.579333,3,2,1,2015-10-16,6,October,15:20:00,15,1,1,30
201501KG70516,0.069397,51.536999,3,3,1,2015-10-22,5,October,15:55:00,15,1,1,30
201501KG70517,0.110208,51.533934,3,2,2,2015-10-25,1,October,08:30:00,8,1,1,30
201501KG70518,0.085029,51.528808,3,2,1,2015-10-24,7,October,12:30:00,12,1,1,50
201501KG70519,0.147015,51.562312,3,2,3,2015-09-14,2,September,11:05:00,11,1,1,30
201501KG70520,0.140192,51.530692,3,2,2,2015-10-31,7,October,12:15:00,12,1,1,30
201501KG70521,0.116968,51.542894,3,2,1,2015-10-25,1,October,15:54:00,15,1,1,30
201501KG70522,0.094769,51.546261,3,1,2,2015-11-03,3,November,07:55:00,7,1,1,30
201501KG70523,0.072307,51.537577,3,2,1,2015-11-04,4,November,06:30:00,6,2,2,30
201501KG70525,0.081068,51.536792,3,2,1,2015-11-05,5,November,11:40:00,11,1,2,30
201501KG70526,0.145458,51.566028,3,1,1,2015-11-08,1,November,12:45:00,12,1,1,30
201501KG70527,0.110057,51.527551,3,2,1,2015-11-07,7,November,18:20:00,18,1,2,30
201501KG70530,0.13806,51.531361,2,2,1,2015-11-04,4,November,21:00:00,21,1,1,30
201501KG70531,0.12712,51.53174,3,2,1,2015-10-21,4,October,16:27:00,16,1,1,50
201501KG70532,0.148089,51.533066,2,2,1,2015-11-02,2,November,12:30:00,12,1,1,30
201501KG70533,0.140766,51.576725,3,2,1,2015-11-03,3,November,05:53:00,5,1,1,30
201501KG70536,0.083418,51.540887,3,2,1,2015-10-22,5,October,07:35:00,7,1,1,30
201501KG70537,0.147786,51.56032,3,2,1,2015-11-04,4,November,16:55:00,16,1,1,30
201501KG70539,0.081627,51.53957,3,1,1,2015-11-12,5,November,15:08:00,15,1,1,30
201501KG70541,0.109607,51.533405,3,1,1,2015-11-13,6,November,19:54:00,19,1,2,30
201501KG70542,0.165329,51.540843,3,2,2,2015-09-09,4,September,12:50:00,12,1,1,30
201501KG70543,0.127016,51.535698,3,1,1,2015-10-06,3,October,15:30:00,15,1,1,30
201501KG70544,0.143963,51.531163,3,3,3,2015-11-02,2,November,14:03:00,14,1,1,30
201501KG70546,0.165893,51.54362,3,2,1,2015-11-06,6,November,06:40:00,6,1,1,30
201501KG70547,0.141257,51.581033,3,2,5,2015-11-14,7,November,23:02:00,23,2,2,30
201501KG70548,0.154402,51.529353,3,1,1,2015-11-18,4,November,06:20:00,6,1,2,30
201501KG70549,0.08793,51.529206,3,1,1,2015-11-16,2,November,08:10:00,8,1,2,40
201501KG70551,0.078095,51.538014,3,1,1,2015-10-19,2,October,14:15:00,14,1,1,30
201501KG70553,0.154818,51.528986,2,3,3,2015-10-19,2,October,22:05:00,22,1,1,40
201501KG70554,0.154335,51.540146,3,2,1,2015-11-08,1,November,20:12:00,20,1,1,30
201501KG70555,0.11073,51.532755,3,3,1,2015-10-28,4,October,18:40:00,18,1,1,40
201501KG70556,0.122545,51.551157,3,2,1,2015-11-15,1,November,17:15:00,17,1,1,30
201501KG70557,0.092721,51.52993,3,2,2,2015-11-10,3,November,08:05:00,8,1,1,30
201501KG70558,0.114613,51.541858,3,1,1,2015-11-15,1,November,01:50:00,1,1,1,30
201501KG70559,0.143473,51.545291,3,2,2,2015-11-15,1,November,09:34:00,9,1,1,30
201501KG70561,0.149855,51.561361,3,2,1,2015-11-17,3,November,08:45:00,8,1,1,30
201501KG70562,0.153254,51.532522,3,1,1,2015-11-10,3,November,09:20:00,9,1,1,30
201501KG70563,0.071918,51.532188,3,3,1,2015-11-06,6,November,19:35:00,19,1,1,50
201501KG70564,0.126949,51.534261,3,2,3,2015-11-22,1,November,08:49:00,8,1,1,30
201501KG70565,0.087016,51.534438,3,2,1,2015-11-13,6,November,14:30:00,14,2,2,30
201501KG70566,0.130386,51.570799,3,2,1,2015-11-13,6,November,23:56:00,23,1,1,30
201501KG70567,0.072719,51.527588,3,2,1,2015-10-10,7,October,17:00:00,17,1,1,50
201501KG70568,0.134581,51.534032,3,2,1,2015-11-26,5,November,18:20:00,18,1,1,30
201501KG70569,0.126949,51.534261,3,2,1,2015-11-28,7,November,13:53:00,13,1,1,30
201501KG70570,0.116629,51.526264,3,1,1,2015-10-31,7,October,19:20:00,19,1,1,30
201501KG70571,0.142091,51.592618,3,2,1,2015-09-15,3,September,07:45:00,7,1,1,30
201501KG70572,0.147414,51.558528,3,3,3,2015-11-28,7,November,16:00:00,16,1,1,30
201501KG70573,0.09985,51.528184,3,2,1,2015-11-29,1,November,17:05:00,17,2,2,30
201501KG70574,0.080153,51.538877,3,2,1,2015-11-05,5,November,17:55:00,17,2,2,20
201501KG70576,0.085609,51.528888,3,2,1,2015-11-15,1,November,00:11:00,0,1,2,50
201501KG70577,0.130505,51.551732,3,1,1,2015-11-18,4,November,15:10:00,15,1,1,30
201501KG70579,0.129094,51.558592,3,1,1,2015-11-21,7,November,13:30:00,13,1,1,30
201501KG70580,0.087712,51.543329,3,1,1,2015-11-14,7,November,13:45:00,13,2,2,30
201501KG70581,0.06147,51.521131,3,1,1,2015-11-23,2,November,07:55:00,7,1,1,30
201501KG70582,0.102561,51.536949,3,2,2,2015-11-25,4,November,16:20:00,16,1,1,30
201501KG70583,0.14173,51.572661,3,2,1,2015-11-26,5,November,17:26:00,17,1,1,30
201501KG70584,0.119493,51.532057,3,2,1,2015-12-03,5,December,06:35:00,6,1,1,40
201501KG70585,0.130399,51.552543,3,3,1,2015-12-06,1,December,07:41:00,7,1,1,30
201501KG70586,0.109607,51.533405,3,1,1,2015-11-06,6,November,14:48:00,14,1,1,30
201501KG70587,0.096388,51.521861,3,2,1,2015-11-22,1,November,14:40:00,14,1,1,30
201501KG70588,0.127273,51.531917,3,2,2,2015-11-23,2,November,12:05:00,12,1,1,30
201501KG70590,0.085901,51.528973,3,2,1,2015-12-03,5,December,11:30:00,11,1,1,50
201501KG70591,0.129961,51.555519,3,2,1,2015-11-24,3,November,16:55:00,16,2,2,30
201501KG70592,0.156184,51.545687,3,1,1,2015-11-24,3,November,15:15:00,15,1,1,30
201501KG70593,0.147585,51.531546,3,1,1,2015-11-29,1,November,11:55:00,11,1,1,30
201501KG70594,0.147293,51.531462,3,1,2,2015-11-18,4,November,13:10:00,13,2,2,30
201501KG70595,0.140906,51.57969,3,2,1,2015-11-21,7,November,17:30:00,17,1,2,30
201501KG70597,0.160932,51.551535,3,2,1,2015-10-27,3,October,18:55:00,18,1,1,30
201501KG70599,0.122343,51.562312,3,2,1,2015-11-27,6,November,12:13:00,12,1,1,30
201501KG70600,0.155908,51.539847,3,2,1,2015-12-10,5,December,18:20:00,18,2,2,30
201501KG70601,0.114757,51.541855,3,1,1,2015-11-15,1,November,01:00:00,1,1,1,30
201501KG70603,0.10282,51.536314,3,2,1,2015-12-07,2,December,21:59:00,21,1,1,30
201501KG70604,0.144741,51.538523,3,2,1,2015-12-10,5,December,11:12:00,11,1,2,30
201501KG70606,0.147864,51.537477,3,1,1,2015-11-25,4,November,07:56:00,7,1,1,30
201501KG70607,0.147991,51.540172,3,2,2,2015-12-08,3,December,21:16:00,21,1,2,30
201501KG70608,0.081327,51.539306,3,1,1,2015-11-21,7,November,14:18:00,14,1,1,30
201501KG70609,0.072099,51.532994,3,2,1,2015-12-04,6,December,09:15:00,9,1,1,30
201501KG70612,0.146918,51.557188,3,2,1,2015-11-26,5,November,12:35:00,12,1,1,30
201501KG70613,0.081627,51.53957,3,1,1,2015-11-30,2,November,16:30:00,16,1,1,30
201501KG70614,0.129464,51.566499,3,2,2,2015-12-06,1,December,19:35:00,19,2,2,30
201501KG70616,0.117773,51.532268,3,2,1,2015-12-22,3,December,22:48:00,22,1,1,30
201501KG70617,0.127273,51.531917,3,2,2,2015-12-20,1,December,14:20:00,14,2,2,30
201501KG70618,0.14574,51.547498,3,2,1,2015-12-20,1,December,17:30:00,17,2,2,30
201501KG70619,0.156146,51.550994,3,2,1,2015-11-13,6,November,16:15:00,16,1,1,30
201501KG70620,0.098827,51.540433,3,1,1,2015-12-11,6,December,20:05:00,20,1,1,30
201501KG70621,0.087309,51.534523,3,2,1,2015-12-03,5,December,18:30:00,18,1,1,30
201501KG70623,0.148153,51.537471,3,2,2,2015-12-12,7,December,16:40:00,16,1,1,30
201501KG70624,0.163569,51.552386,3,1,1,2015-12-23,4,December,18:25:00,18,1,2,30
201501KG70628,0.127273,51.531917,3,2,1,2015-12-21,2,December,06:30:00,6,1,1,30
201501KG70629,0.068788,51.53629,3,2,1,2015-12-28,2,December,18:30:00,18,1,1,30
201501KG70630,0.141854,51.590644,3,2,1,2015-12-29,3,December,17:56:00,17,1,1,30
201501KG70632,0.154175,51.548962,2,2,1,2015-12-19,7,December,15:25:00,15,1,1,30
201501KG70633,0.113053,51.551778,3,2,1,2015-12-29,3,December,16:15:00,16,1,1,30
201501KG70635,0.148012,51.540621,3,1,1,2015-12-07,2,December,11:26:00,11,1,1,30
201501KG70637,0.098546,51.531175,3,4,4,2015-12-28,2,December,04:40:00,4,1,1,50
201501KG70638,0.121055,51.547047,3,2,1,2015-12-29,3,December,19:15:00,19,1,1,20
201501KG70640,0.127211,51.536774,3,1,1,2015-12-16,4,December,07:45:00,7,1,2,30
201501KG70641,0.129464,51.566499,3,2,2,2015-12-18,6,December,20:10:00,20,1,1,30
201501KG70642,0.09523,51.543734,3,2,1,2015-12-30,4,December,03:55:00,3,1,2,30
201501KG70646,0.144465,51.572521,3,1,1,2015-11-11,4,November,20:15:00,20,1,1,30
201501KG70651,0.138561,51.529733,3,2,1,2015-12-30,4,December,21:00:00,21,2,2,30
201501KG70652,0.146202,51.548119,3,1,1,2015-11-07,7,November,17:50:00,17,1,2,30
201501KG79007,0.121523,51.544701,3,1,1,2015-11-05,5,November,15:56:00,15,2,2,30
201501KG79009,0.11391,51.551583,3,2,1,2015-12-25,6,December,13:01:00,13,2,2,30
201501KG79032,0.155489,51.552355,3,1,1,2015-11-20,6,November,14:23:00,14,1,1,30
201501KG79036,0.123409,51.551141,3,1,1,2015-12-15,3,December,17:33:00,17,2,2,30
201501KG79049,0.112222,51.536955,3,2,1,2015-09-09,4,September,13:50:00,13,1,1,30
201501LX50001,-0.11833,51.460486,2,2,1,2015-01-02,6,January,22:00:00,22,1,1,30
201501LX50002,-0.124943,51.443147,3,2,1,2015-01-04,1,January,06:07:00,6,1,1,30
201501LX50005,-0.116454,51.502541,3,2,1,2015-01-12,2,January,17:30:00,17,2,2,30
201501LX50006,-0.124556,51.442061,3,1,1,2015-01-12,2,January,21:36:00,21,5,2,30
201501LX50007,-0.143355,51.461065,3,1,1,2015-01-07,4,January,06:15:00,6,1,1,30
201501LX50009,-0.121237,51.459813,3,2,1,2015-01-11,1,January,14:25:00,14,1,2,30
201501LX50010,-0.119111,51.480013,3,1,1,2015-01-13,3,January,18:25:00,18,2,2,30
201501LX50011,-0.119292,51.475609,3,1,1,2015-01-14,4,January,07:56:00,7,1,1,30
201501LX50012,-0.113085,51.441068,2,1,1,2015-01-10,7,January,23:51:00,23,1,1,30
201501LX50014,-0.12769,51.446338,3,2,1,2015-01-13,3,January,21:50:00,21,1,2,30
201501LX50015,-0.127959,51.467924,3,2,1,2015-01-10,7,January,23:25:00,23,1,1,30
201501LX50016,-0.113206,51.462562,3,1,1,2015-01-14,4,January,07:30:00,7,1,1,30
201501LX50018,-0.128444,51.434929,3,2,1,2015-01-06,3,January,21:12:00,21,1,1,30
201501LX50020,-0.122638,51.450214,3,2,1,2015-01-06,3,January,14:43:00,14,1,1,30
201501LX50021,-0.125824,51.484886,3,1,1,2015-01-09,6,January,11:20:00,11,1,1,30
201501LX50022,-0.113085,51.441068,3,2,1,2015-01-07,4,January,09:19:00,9,1,1,30
201501LX50023,-0.131418,51.429042,3,2,1,2015-01-07,4,January,15:16:00,15,1,2,30
201501LX50024,-0.130948,51.475796,3,2,1,2015-01-07,4,January,23:40:00,23,1,1,30
201501LX50025,-0.112802,51.472358,3,2,2,2015-01-01,5,January,02:40:00,2,1,1,30
201501LX50026,-0.118818,51.448624,3,2,1,2015-01-01,5,January,07:38:00,7,1,1,30
201501LX50027,-0.111166,51.491036,3,2,1,2015-01-01,5,January,01:07:00,1,1,1,30
201501LX50028,-0.125435,51.469772,3,2,1,2015-01-06,3,January,08:30:00,8,2,2,30
201501LX50029,-0.123088,51.449771,3,1,1,2015-01-14,4,January,23:40:00,23,5,5,30
201501LX50031,-0.122151,51.434019,3,2,1,2015-01-03,7,January,20:46:00,20,1,2,30
201501LX50034,-0.117404,51.458493,3,1,1,2015-01-17,7,January,16:40:00,16,1,1,30
201501LX50035,-0.100457,51.447159,3,2,1,2015-01-16,6,January,08:50:00,8,1,1,30
201501LX50036,-0.101604,51.429911,2,1,1,2015-01-17,7,January,04:20:00,4,1,1,30
201501LX50037,-0.121554,51.452085,3,1,1,2015-01-08,5,January,15:15:00,15,1,2,30
201501LX50038,-0.124579,51.466072,3,2,2,2015-01-16,6,January,13:33:00,13,1,1,30
201501LX50040,-0.133346,51.473496,3,1,1,2015-01-14,4,January,16:00:00,16,1,1,30
201501LX50041,-0.136301,51.471654,3,2,1,2015-01-13,3,January,08:11:00,8,2,2,30
201501LX50042,-0.097898,51.439473,3,1,1,2015-01-21,4,January,06:05:00,6,1,1,30
201501LX50043,-0.097159,51.422645,3,2,1,2015-01-05,2,January,14:10:00,14,1,1,30
201501LX50048,-0.116383,51.486803,3,1,1,2015-01-20,3,January,08:54:00,8,1,1,30
201501LX50049,-0.105948,51.488344,3,2,1,2015-01-23,6,January,19:00:00,19,1,1,30
201501LX50050,-0.129452,51.463092,3,2,1,2015-01-14,4,January,08:10:00,8,1,1,30
201501LX50051,-0.114546,51.499903,2,1,1,2015-01-09,6,January,19:10:00,19,1,1,30
201501LX50053,-0.148818,51.461241,2,1,1,2015-01-19,2,January,17:00:00,17,1,1,30
201501LX50054,-0.138738,51.425921,2,1,1,2015-01-25,1,January,18:55:00,18,1,1,30
201501LX50055,-0.129926,51.430367,3,2,1,2015-01-11,1,January,20:45:00,20,1,2,30
201501LX50056,-0.105952,51.488254,3,2,1,2015-01-10,7,January,17:15:00,17,1,1,30
201501LX50058,-0.129444,51.459765,3,1,1,2015-01-18,1,January,18:20:00,18,1,4,30
201501LX50059,-0.112611,51.470016,3,1,1,2015-01-15,5,January,15:20:00,15,1,1,30
201501LX50060,-0.12172,51.451548,3,1,1,2015-01-12,2,January,20:00:00,20,5,2,30
201501LX50061,-0.13049,51.451778,3,2,1,2015-01-27,3,January,15:59:00,15,1,1,30
201501LX50064,-0.121407,51.452172,3,2,1,2015-01-21,4,January,08:46:00,8,1,1,30
201501LX50066,-0.124269,51.459592,3,1,1,2015-01-19,2,January,15:03:00,15,1,1,30
201501LX50067,-0.138848,51.41612,2,1,1,2015-01-23,6,January,21:27:00,21,1,1,30
201501LX50069,-0.118186,51.467498,3,2,1,2015-01-21,4,January,19:11:00,19,1,1,30
201501LX50070,-0.119004,51.475605,3,2,1,2015-01-26,2,January,06:50:00,6,1,2,30
201501LX50071,-0.130077,51.430189,3,1,1,2015-01-28,4,January,15:24:00,15,1,2,30
201501LX50072,-0.124371,51.446555,3,1,1,2015-01-16,6,January,18:59:00,18,1,2,30
201501LX50073,-0.102881,51.426875,3,2,1,2015-01-30,6,January,12:15:00,12,1,1,30
201501LX50075,-0.116404,51.461804,3,2,1,2015-02-01,1,February,07:05:00,7,1,1,30
201501LX50076,-0.123044,51.471892,3,1,1,2015-02-01,1,February,01:10:00,1,2,2,30
201501LX50077,-0.130447,51.421113,3,2,1,2015-01-14,4,January,11:03:00,11,1,1,30
201501LX50078,-0.126565,51.484359,3,2,2,2015-02-01,1,February,05:40:00,5,1,2,30
201501LX50079,-0.111501,51.482948,3,2,1,2015-01-18,1,January,19:44:00,19,1,1,30
201501LX50080,-0.10587,51.438074,3,2,1,2015-01-27,3,January,19:10:00,19,1,1,30
201501LX50081,-0.113965,51.465092,3,1,1,2015-01-09,6,January,13:10:00,13,1,1,30
201501LX50082,-0.127761,51.423498,3,2,1,2015-01-29,5,January,20:26:00,20,1,1,30
201501LX50083,-0.105812,51.436005,3,2,1,2015-01-31,7,January,21:01:00,21,1,1,30
201501LX50084,-0.103279,51.455478,3,1,1,2015-01-31,7,January,19:32:00,19,2,2,30
201501LX50085,-0.111937,51.461912,3,1,1,2015-01-28,4,January,12:13:00,12,5,2,30
201501LX50086,-0.12882,51.432777,3,1,1,2015-01-19,2,January,17:00:00,17,1,1,30
201501LX50087,-0.103138,51.465817,3,1,1,2015-02-02,2,February,01:05:00,1,1,1,30
201501LX50088,-0.149186,51.466373,2,1,1,2015-01-29,5,January,04:00:00,4,1,1,30
201501LX50089,-0.105734,51.437892,3,2,1,2015-01-31,7,January,21:00:00,21,1,1,30
201501LX50090,-0.115058,51.463042,3,2,1,2015-02-03,3,February,19:47:00,19,2,2,30
201501LX50091,-0.120704,51.500811,3,3,1,2015-02-03,3,February,20:12:00,20,1,2,30
201501LX50092,-0.121005,51.426897,3,2,1,2015-02-01,1,February,07:02:00,7,1,1,30
201501LX50094,-0.135164,51.41831,3,2,1,2015-01-29,5,January,18:00:00,18,2,2,30
201501LX50095,-0.104827,51.466743,3,3,2,2015-02-06,6,February,09:14:00,9,1,1,30
201501LX50096,-0.113523,51.482801,3,2,1,2015-02-06,6,February,19:20:00,19,1,1,30
201501LX50097,-0.117083,51.466311,3,2,1,2015-02-07,7,February,22:15:00,22,1,1,30
201501LX50098,-0.092481,51.469331,3,2,2,2015-02-07,7,February,17:50:00,17,1,1,30
201501LX50099,-0.123402,51.477204,3,2,1,2015-02-06,6,February,12:06:00,12,1,1,30
201501LX50102,-0.111941,51.461822,3,2,1,2015-01-27,3,January,09:00:00,9,2,2,30
201501LX50103,-0.140491,51.414618,3,2,1,2015-02-07,7,February,10:40:00,10,1,1,30
201501LX50104,-0.119555,51.4552,3,2,1,2015-02-06,6,February,09:40:00,9,1,1,30
201501LX50105,-0.113186,51.504917,3,2,1,2015-02-08,1,February,02:01:00,2,1,1,30
201501LX50106,-0.116404,51.461804,3,2,1,2015-02-03,3,February,19:20:00,19,2,2,30
201501LX50107,-0.098635,51.463316,2,2,1,2015-02-09,2,February,21:38:00,21,1,1,30
201501LX50108,-0.124985,51.470215,3,1,1,2015-01-28,4,January,06:56:00,6,1,1,30
201501LX50109,-0.116154,51.460901,3,2,1,2015-02-09,2,February,07:40:00,7,1,1,30
201501LX50110,-0.125848,51.459707,3,2,1,2015-02-02,2,February,19:10:00,19,1,1,30
201501LX50112,-0.129075,51.45823,3,2,1,2015-01-31,7,January,11:50:00,11,1,2,30
201501LX50113,-0.116942,51.466219,3,2,1,2015-01-29,5,January,14:55:00,14,2,2,30
201501LX50114,-0.122022,51.451193,3,2,1,2015-02-02,2,February,08:25:00,8,1,1,30
201501LX50115,-0.128497,51.465325,3,2,1,2015-02-03,3,February,13:10:00,13,1,1,30
201501LX50116,-0.124841,51.470213,3,2,1,2015-01-16,6,January,17:39:00,17,1,2,30
201501LX50117,-0.111222,51.444365,3,2,1,2015-02-01,1,February,18:00:00,18,1,1,30
201501LX50118,-0.14051,51.460211,3,4,3,2015-02-10,3,February,17:55:00,17,1,1,30
201501LX50119,-0.135778,51.449165,3,3,1,2015-02-10,3,February,08:00:00,8,1,1,30
201501LX50120,-0.138523,51.413507,3,2,1,2015-02-11,4,February,17:15:00,17,1,1,30
201501LX50123,-0.121727,51.433833,3,2,1,2015-02-09,2,February,10:15:00,10,1,1,30
201501LX50124,-0.136383,51.462573,3,2,1,2015-02-08,1,February,21:29:00,21,1,1,30
201501LX50125,-0.112628,51.476581,3,2,1,2015-02-08,1,February,04:28:00,4,1,1,30
201501LX50126,-0.136243,51.462481,3,2,1,2015-02-10,3,February,22:49:00,22,1,1,30
201501LX50127,-0.115999,51.461168,3,1,1,2015-02-10,3,February,06:38:00,6,1,1,30
201501LX50129,-0.122159,51.472418,3,2,1,2015-02-07,7,February,01:38:00,1,1,1,30
201501LX50130,-0.145749,51.469466,3,2,1,2015-02-05,5,February,08:54:00,8,1,2,30
201501LX50131,-0.123092,51.449681,3,2,1,2015-02-08,1,February,17:10:00,17,1,1,30
201501LX50132,-0.124233,51.414808,3,1,1,2015-02-14,7,February,13:48:00,13,1,1,30
201501LX50133,-0.120048,51.485243,3,2,1,2015-02-10,3,February,17:40:00,17,1,1,30
201501LX50134,-0.145469,51.455073,3,2,1,2015-02-14,7,February,21:18:00,21,1,2,30
201501LX50135,-0.122594,51.472335,3,2,1,2015-02-17,3,February,18:50:00,18,1,1,30
201501LX50136,-0.11667,51.486808,3,2,1,2015-02-16,2,February,18:31:00,18,1,1,30
201501LX50137,-0.10657,51.50463,3,2,1,2015-02-16,2,February,19:15:00,19,2,2,30
201501LX50138,-0.111233,51.489418,3,2,2,2015-02-12,5,February,22:30:00,22,1,1,30
201501LX50139,-0.136243,51.462481,3,2,1,2015-02-17,3,February,11:00:00,11,1,1,30
201501LX50140,-0.103234,51.491267,3,3,2,2015-02-17,3,February,11:23:00,11,1,1,30
201501LX50143,-0.135513,51.462739,3,1,1,2015-02-17,3,February,10:30:00,10,1,1,30
201501LX50144,-0.138891,51.461084,3,2,1,2015-02-14,7,February,19:10:00,19,1,2,30
201501LX50147,-0.133641,51.473321,2,1,1,2015-02-13,6,February,15:45:00,15,2,2,30
201501LX50148,-0.11348,51.476865,3,2,1,2015-02-17,3,February,17:38:00,17,1,1,30
201501LX50149,-0.112553,51.481886,3,2,1,2015-02-13,6,February,06:10:00,6,2,2,30
201501LX50150,-0.135567,51.472002,3,1,1,2015-02-16,2,February,18:20:00,18,2,2,30
201501LX50151,-0.107573,51.463011,3,2,1,2015-02-09,2,February,08:28:00,8,1,1,30
201501LX50152,-0.106614,51.440963,3,1,1,2015-02-13,6,February,14:50:00,14,2,2,30
201501LX50153,-0.108162,51.480106,3,1,1,2015-02-12,5,February,17:58:00,17,1,1,30
201501LX50155,-0.111381,51.503269,3,2,1,2015-02-15,1,February,13:05:00,13,1,1,30
201501LX50156,-0.115338,51.435259,3,2,1,2015-02-13,6,February,17:58:00,17,1,2,30
201501LX50157,-0.129623,51.430722,3,2,1,2015-02-08,1,February,14:30:00,14,1,1,30
201501LX50158,-0.098522,51.445239,3,2,1,2015-02-19,5,February,12:50:00,12,1,1,30
201501LX50159,-0.144365,51.468095,2,2,1,2015-02-20,6,February,19:38:00,19,1,1,30
201501LX50160,-0.131123,51.464468,3,2,1,2015-02-18,4,February,11:18:00,11,1,1,30
201501LX50163,-0.106326,51.440959,3,2,3,2015-02-08,1,February,01:35:00,1,1,1,30
201501LX50164,-0.145469,51.455073,3,2,1,2015-01-15,5,January,18:20:00,18,1,1,30
201501LX50165,-0.099092,51.448845,3,3,1,2015-02-20,6,February,18:20:00,18,1,1,30
201501LX50167,-0.143639,51.461159,3,2,3,2015-02-21,7,February,22:26:00,22,8,1,30
201501LX50168,-0.093092,51.471949,3,2,2,2015-02-24,3,February,14:50:00,14,1,1,30
201501LX50169,-0.123292,51.483407,3,1,1,2015-02-25,4,February,13:15:00,13,1,1,30
201501LX50170,-0.131381,51.426433,3,2,1,2015-02-19,5,February,09:23:00,9,1,1,30
201501LX50171,-0.135952,51.462566,3,1,1,2015-02-25,4,February,12:39:00,12,1,2,30
201501LX50172,-0.10549,51.488966,3,1,1,2015-02-25,4,February,20:57:00,20,1,1,30
201501LX50173,-0.123262,51.459576,3,2,1,2015-02-25,4,February,19:25:00,19,1,1,30
201501LX50174,-0.100909,51.450134,3,2,1,2015-02-21,7,February,11:17:00,11,1,1,30
201501LX50175,-0.108225,51.454209,3,2,1,2015-02-24,3,February,14:54:00,14,1,1,30
201501LX50176,-0.101683,51.452304,3,2,1,2015-02-23,2,February,13:20:00,13,1,1,30
201501LX50177,-0.125195,51.415903,3,2,1,2015-02-26,5,February,11:25:00,11,1,1,30
201501LX50178,-0.108797,51.440369,3,2,2,2015-02-01,1,February,18:00:00,18,1,1,30
201501LX50179,-0.10544,51.424128,3,2,1,2015-02-22,1,February,17:58:00,17,2,2,30
201501LX50181,-0.113801,51.455108,3,2,1,2015-02-20,6,February,18:40:00,18,1,1,30
201501LX50182,-0.113536,51.454564,3,2,1,2015-02-27,6,February,12:10:00,12,1,1,30
201501LX50183,-0.113555,51.489006,3,1,1,2015-02-26,5,February,14:52:00,14,1,1,30
201501LX50185,-0.137282,51.426347,3,1,2,2015-03-03,3,March,20:05:00,20,1,1,30
201501LX50186,-0.131247,51.475531,3,2,1,2015-03-02,2,March,14:40:00,14,1,1,30
201501LX50187,-0.121377,51.459906,3,1,1,2015-03-02,2,March,15:53:00,15,1,1,30
201501LX50189,-0.110848,51.481319,3,2,1,2015-02-27,6,February,12:30:00,12,1,1,30
201501LX50190,-0.11101,51.480872,3,2,1,2015-02-22,1,February,21:18:00,21,1,1,30
201501LX50192,-0.116832,51.489868,3,2,1,2015-02-24,3,February,08:45:00,8,1,1,30
201501LX50193,-0.129648,51.465343,3,2,3,2015-02-28,7,February,19:23:00,19,2,2,30
201501LX50194,-0.10603,51.43421,3,2,1,2015-02-04,4,February,08:39:00,8,1,1,30
201501LX50195,-0.127705,51.481139,3,1,1,2015-03-01,1,March,12:21:00,12,1,1,30
201501LX50196,-0.132221,51.472848,3,1,2,2015-03-03,3,March,13:48:00,13,1,1,30
201501LX50197,-0.137121,51.462135,3,1,1,2015-02-28,7,February,01:30:00,1,1,1,30
201501LX50198,-0.12457,51.445209,3,2,2,2015-02-28,7,February,21:20:00,21,1,2,30
201501LX50199,-0.124375,51.446465,3,3,1,2015-03-04,4,March,19:41:00,19,1,1,30
201501LX50200,-0.132588,51.463862,3,2,1,2015-02-28,7,February,13:50:00,13,1,1,30
201501LX50201,-0.115376,51.455313,3,2,1,2015-03-03,3,March,17:45:00,17,1,1,30
201501LX50202,-0.122602,51.472155,3,1,1,2015-02-12,5,February,07:00:00,7,1,1,30
201501LX50203,-0.129537,51.422267,3,2,1,2015-03-05,5,March,08:10:00,8,1,1,30
201501LX50205,-0.117542,51.486642,3,2,1,2015-03-06,6,March,08:27:00,8,1,1,30
201501LX50206,-0.125639,51.44019,3,2,1,2015-03-07,7,March,19:20:00,19,1,1,30
201501LX50207,-0.118049,51.467316,3,1,1,2015-03-08,1,March,03:09:00,3,1,1,30
201501LX50208,-0.124988,51.459604,3,2,2,2015-03-06,6,March,11:55:00,11,1,1,30
201501LX50209,-0.119004,51.475605,3,2,1,2015-03-08,1,March,15:30:00,15,1,1,30
201501LX50211,-0.120196,51.474635,3,2,1,2015-03-09,2,March,13:00:00,13,1,1,30
201501LX50212,-0.11491,51.463129,3,1,1,2015-02-27,6,February,23:50:00,23,1,1,30
201501LX50213,-0.118623,51.484861,3,2,1,2015-03-01,1,March,09:57:00,9,1,1,30
201501LX50214,-0.128676,51.432775,3,2,2,2015-03-05,5,March,05:45:00,5,1,1,30
201501LX50216,-0.117178,51.498956,3,2,1,2015-03-10,3,March,14:40:00,14,1,1,30
201501LX50217,-0.112869,51.467233,3,2,1,2015-03-05,5,March,20:15:00,20,1,1,30
201501LX50218,-0.130386,51.464906,3,2,1,2015-03-09,2,March,09:35:00,9,1,1,30
201501LX50221,-0.120517,51.466816,3,2,1,2015-03-12,5,March,17:09:00,17,1,1,30
201501LX50222,-0.119021,51.443681,3,2,1,2015-03-12,5,March,18:45:00,18,1,1,30
201501LX50223,-0.124034,51.486386,3,2,1,2015-03-12,5,March,08:10:00,8,1,1,30
201501LX50224,-0.121709,51.451818,3,1,1,2015-03-12,5,March,16:02:00,16,1,1,30
201501LX50225,-0.10438,51.428877,3,2,1,2015-03-12,5,March,08:40:00,8,1,1,30
201501LX50226,-0.10043,51.465143,3,2,1,2015-03-11,4,March,20:43:00,20,1,1,30
201501LX50228,-0.112831,51.475146,3,2,1,2015-03-12,5,March,13:38:00,13,1,1,30
201501LX50229,-0.127062,51.468719,2,2,1,2015-03-08,1,March,18:30:00,18,1,1,30
201501LX50230,-0.114265,51.499718,3,1,2,2015-02-03,3,February,14:53:00,14,1,1,30
201501LX50231,-0.124821,51.442605,3,1,1,2015-03-15,1,March,21:31:00,21,8,2,30
201501LX50232,-0.130595,51.424532,3,1,1,2015-03-13,6,March,22:20:00,22,1,1,30
201501LX50233,-0.112666,51.468668,3,2,1,2015-03-11,4,March,12:49:00,12,1,1,30
201501LX50234,-0.113276,51.499253,3,2,1,2015-05-17,1,May,08:45:00,8,1,2,30
201501LX50235,-0.13071,51.425253,3,1,1,2015-03-11,4,March,11:39:00,11,1,1,30
201501LX50236,-0.103053,51.429665,3,2,1,2015-03-13,6,March,07:12:00,7,1,1,30
201501LX50237,-0.116028,51.463956,3,1,1,2015-03-10,3,March,13:30:00,13,1,1,30
201501LX50238,-0.098078,51.455933,3,1,1,2015-03-09,2,March,18:50:00,18,1,1,30
201501LX50239,-0.11398,51.464733,3,1,1,2015-03-10,3,March,16:40:00,16,1,1,30
201501LX50240,-0.111937,51.461912,3,1,1,2015-02-28,7,February,22:35:00,22,1,1,30
201501LX50242,-0.127663,51.468099,2,2,1,2015-03-19,5,March,08:15:00,8,1,1,30
201501LX50243,-0.119339,51.484962,2,2,1,2015-03-19,5,March,16:38:00,16,1,1,30
201501LX50244,-0.104679,51.466831,3,2,1,2015-03-10,3,March,20:40:00,20,1,1,30
201501LX50245,-0.145469,51.455073,3,3,1,2015-03-18,4,March,19:48:00,19,1,1,30
201501LX50246,-0.117213,51.484119,3,2,1,2015-03-19,5,March,18:52:00,18,1,1,30
201501LX50247,-0.127177,51.437787,3,2,1,2015-03-19,5,March,13:05:00,13,1,1,30
201501LX50248,-0.125884,51.416633,3,2,1,2015-03-23,2,March,07:05:00,7,1,1,30
201501LX50249,-0.117017,51.460915,3,1,1,2015-03-19,5,March,08:52:00,8,1,1,30
201501LX50250,-0.105866,51.438164,3,2,2,2015-03-15,1,March,05:05:00,5,1,1,30
201501LX50251,-0.103562,51.466004,3,1,1,2015-03-13,6,March,20:20:00,20,1,1,30
201501LX50253,-0.128437,51.435109,3,1,1,2015-03-21,7,March,14:10:00,14,1,1,30
201501LX50254,-0.103682,51.431833,3,1,1,2015-03-20,6,March,10:35:00,10,1,1,30
201501LX50256,-0.104897,51.475467,3,2,1,2015-03-23,2,March,12:41:00,12,1,1,30
201501LX50257,-0.124808,51.474529,3,2,1,2015-03-20,6,March,20:26:00,20,1,1,30
201501LX50258,-0.110839,51.485005,3,2,1,2015-03-25,4,March,19:27:00,19,1,1,30
201501LX50259,-0.117956,51.476577,3,2,2,2015-03-04,4,March,16:00:00,16,1,1,30
201501LX50260,-0.095912,51.469926,3,1,1,2015-03-25,4,March,13:55:00,13,1,1,30
201501LX50263,-0.121853,51.472863,3,2,1,2015-03-22,1,March,13:00:00,13,1,1,30
201501LX50264,-0.103843,51.490468,2,2,1,2015-03-23,2,March,07:00:00,7,1,1,30
201501LX50265,-0.129795,51.465256,3,2,1,2015-03-24,3,March,14:50:00,14,1,1,30
201501LX50266,-0.114945,51.455306,3,2,1,2015-03-23,2,March,21:20:00,21,1,1,30
201501LX50267,-0.127812,51.418732,3,2,1,2015-03-27,6,March,10:07:00,10,1,1,30
201501LX50268,-0.138852,51.416031,3,2,1,2015-03-26,5,March,08:59:00,8,1,1,30
201501LX50269,-0.12882,51.432777,3,1,1,2015-03-23,2,March,20:25:00,20,1,1,30
201501LX50270,-0.112809,51.472178,3,2,1,2015-03-23,2,March,08:07:00,8,1,1,30
201501LX50271,-0.122782,51.450216,2,2,1,2015-03-30,2,March,17:47:00,17,2,2,30
201501LX50272,-0.127656,51.468279,3,2,1,2015-03-28,7,March,21:30:00,21,1,1,30
201501LX50273,-0.117875,51.433051,3,2,1,2015-03-23,2,March,18:13:00,18,1,1,30
201501LX50274,-0.113796,51.465719,3,2,1,2015-03-29,1,March,17:50:00,17,5,2,30
201501LX50275,-0.095992,51.440342,3,2,1,2015-03-28,7,March,07:20:00,7,1,1,30
201501LX50276,-0.111664,51.461548,3,2,1,2015-03-30,2,March,22:56:00,22,1,2,30
201501LX50277,-0.133633,51.427638,2,2,1,2015-03-29,1,March,10:15:00,10,1,1,30
201501LX50278,-0.124498,51.415352,3,1,2,2015-03-29,1,March,07:53:00,7,2,2,30
201501LX50279,-0.130201,51.423627,3,2,1,2015-03-30,2,March,07:48:00,7,1,1,30
201501LX50281,-0.114505,51.479939,3,2,1,2015-03-23,2,March,17:05:00,17,1,1,30
201501LX50282,-0.132739,51.463684,2,2,1,2015-03-23,2,March,19:49:00,19,1,1,30
201501LX50283,-0.125027,51.486762,3,2,1,2015-03-26,5,March,11:00:00,11,1,1,30
201501LX50284,-0.11928,51.4864,3,1,2,2015-03-29,1,March,09:36:00,9,1,1,30
201501LX50285,-0.13909,51.47035,3,1,1,2015-03-24,3,March,18:20:00,18,1,1,30
201501LX50286,-0.113467,51.505101,3,2,1,2015-03-27,6,March,10:20:00,10,1,1,30
201501LX50287,-0.12033,51.453864,2,2,1,2015-04-01,4,April,11:43:00,11,1,1,30
201501LX50288,-0.103059,51.422561,3,1,2,2015-03-31,3,March,20:07:00,20,1,1,30
201501LX50289,-0.111642,51.479533,3,2,1,2015-04-01,4,April,17:50:00,17,1,1,30
201501LX50291,-0.104356,51.464218,3,2,1,2015-03-25,4,March,18:00:00,18,1,1,30
201501LX50293,-0.109854,51.48445,3,3,2,2015-04-02,5,April,14:28:00,14,1,1,30
201501LX50294,-0.114305,51.505744,3,2,1,2015-03-26,5,March,19:34:00,19,1,2,30
201501LX50295,-0.112811,51.461656,3,1,1,2015-04-04,7,April,06:30:00,6,1,2,30
201501LX50296,-0.124688,51.442333,3,1,1,2015-04-05,1,April,21:40:00,21,1,1,30
201501LX50298,-0.104245,51.435619,3,2,1,2015-04-05,1,April,22:13:00,22,1,1,30
201501LX50299,-0.107985,51.477406,3,2,1,2015-04-02,5,April,14:10:00,14,1,1,30
201501LX50300,-0.116946,51.434655,2,1,1,2015-04-04,7,April,17:27:00,17,1,1,30
201501LX50302,-0.123402,51.477204,3,2,1,2015-04-04,7,April,21:15:00,21,1,1,30
201501LX50303,-0.131048,51.420493,3,2,1,2015-04-02,5,April,01:43:00,1,1,1,30
201501LX50304,-0.109618,51.458817,3,2,1,2015-04-07,3,April,13:00:00,13,1,1,30
201501LX50305,-0.123487,51.478644,3,2,1,2015-04-07,3,April,11:15:00,11,1,1,30
201501LX50306,-0.115209,51.462864,3,1,1,2015-04-07,3,April,16:45:00,16,1,1,30
201501LX50307,-0.130201,51.423627,3,2,1,2015-04-03,6,April,20:39:00,20,1,1,30
201501LX50308,-0.139477,51.467928,3,2,1,2015-03-27,6,March,18:12:00,18,1,1,30
201501LX50309,-0.130537,51.464728,3,2,1,2015-03-30,2,March,13:15:00,13,1,1,30
201501LX50310,-0.131247,51.475531,3,3,1,2015-04-03,6,April,01:18:00,1,2,2,30
201501LX50311,-0.111941,51.461822,3,2,1,2015-04-09,5,April,20:04:00,20,1,1,30
201501LX50312,-0.11198,51.453909,3,2,3,2015-04-06,2,April,19:00:00,19,1,1,30
201501LX50313,-0.119165,51.443683,2,1,1,2015-03-14,7,March,04:30:00,4,1,1,30
201501LX50314,-0.122037,51.471876,3,2,1,2015-04-10,6,April,07:12:00,7,1,1,30
201501LX50315,-0.13516,51.4184,3,2,1,2015-04-11,7,April,19:50:00,19,1,1,30
201501LX50316,-0.109679,51.502612,3,2,1,2015-03-27,6,March,14:15:00,14,1,1,30
201501LX50317,-0.13784,51.462147,3,2,1,2015-04-10,6,April,17:48:00,17,1,1,30
201501LX50318,-0.115855,51.461166,3,1,1,2015-04-10,6,April,16:00:00,16,1,1,30
201501LX50319,-0.130681,51.46473,3,2,1,2015-03-20,6,March,08:30:00,8,1,1,30
201501LX50320,-0.112498,51.462281,3,1,2,2015-04-09,5,April,17:39:00,17,1,1,30
201501LX50321,-0.129792,51.465346,3,2,1,2015-04-13,2,April,17:15:00,17,1,1,30
201501LX50322,-0.117314,51.443204,3,2,1,2015-04-12,1,April,17:30:00,17,1,1,30
201501LX50323,-0.116537,51.465583,3,2,1,2015-04-13,2,April,18:00:00,18,1,1,30
201501LX50324,-0.148818,51.461241,3,2,3,2015-03-23,2,March,06:08:00,6,1,1,30
201501LX50325,-0.134343,51.459663,3,2,1,2015-04-07,3,April,13:55:00,13,1,1,30
201501LX50326,-0.111635,51.444821,3,2,1,2015-04-09,5,April,17:12:00,17,1,1,30
201501LX50327,-0.11211,51.478641,3,2,1,2015-04-10,6,April,07:35:00,7,1,1,30
201501LX50329,-0.117079,51.466401,3,2,2,2015-04-12,1,April,03:02:00,3,1,1,30
201501LX50330,-0.123041,51.471982,3,1,1,2015-04-09,5,April,18:30:00,18,1,1,30
201501LX50331,-0.134491,51.463083,3,2,1,2015-04-01,4,April,08:20:00,8,1,1,30
201501LX50332,-0.108817,51.460783,3,1,1,2015-04-14,3,April,13:29:00,13,1,1,30
201501LX50333,-0.127808,51.418822,3,2,1,2015-04-13,2,April,08:19:00,8,1,1,30
201501LX50334,-0.124045,51.48261,3,2,1,2015-04-09,5,April,09:59:00,9,1,1,30
201501LX50335,-0.110254,51.506129,3,2,1,2015-04-14,3,April,10:38:00,10,1,1,30
201501LX50336,-0.101583,51.426943,3,1,1,2015-04-15,4,April,08:31:00,8,1,1,30
201501LX50337,-0.110139,51.481037,3,1,1,2015-04-13,2,April,17:41:00,17,1,1,30
201501LX50339,-0.100111,51.43816,3,2,1,2015-04-14,3,April,15:00:00,15,1,1,30
201501LX50340,-0.078578,51.419824,3,2,1,2015-02-27,6,February,09:07:00,9,1,1,30
201501LX50341,-0.133826,51.444098,3,1,1,2015-04-13,2,April,13:35:00,13,1,1,30
201501LX50342,-0.119408,51.50079,3,2,1,2015-04-07,3,April,19:00:00,19,1,1,30
201501LX50343,-0.128275,51.435556,3,2,1,2015-04-14,3,April,13:12:00,13,1,1,30
201501LX50344,-0.088338,51.423761,3,2,1,2015-04-14,3,April,19:27:00,19,1,1,30
201501LX50345,-0.131381,51.426433,3,2,1,2015-04-14,3,April,00:01:00,0,1,1,30
201501LX50346,-0.124045,51.48261,3,2,1,2015-04-15,4,April,18:10:00,18,1,1,30
201501LX50347,-0.116613,51.502184,3,2,1,2015-04-15,4,April,21:30:00,21,1,1,30
201501LX50348,-0.106326,51.440959,3,2,1,2015-04-03,6,April,13:30:00,13,1,1,30
201501LX50349,-0.124694,51.484329,3,2,1,2015-04-16,5,April,12:30:00,12,1,1,30
201501LX50350,-0.108797,51.440369,3,1,1,2015-04-19,1,April,16:54:00,16,1,1,30
201501LX50351,-0.1162,51.470254,3,1,1,2015-04-16,5,April,17:14:00,17,1,1,30
201501LX50352,-0.127807,51.436448,3,2,2,2015-04-12,1,April,14:54:00,14,1,1,30
201501LX50353,-0.121104,51.47357,3,2,1,2015-03-31,3,March,17:46:00,17,4,1,30
201501LX50354,-0.103873,51.434175,3,2,1,2015-03-30,2,March,07:35:00,7,1,1,30
201501LX50355,-0.11912,51.500786,3,1,1,2015-04-11,7,April,18:30:00,18,1,1,30
201501LX50356,-0.137556,51.462052,3,2,1,2015-04-14,3,April,22:40:00,22,1,1,30
201501LX50357,-0.123897,51.482697,3,2,1,2015-04-13,2,April,08:45:00,8,1,1,30
201501LX50359,-0.106605,51.434219,3,2,1,2015-04-08,4,April,07:20:00,7,1,1,30
201501LX50360,-0.129476,51.430809,3,1,1,2015-04-16,5,April,13:25:00,13,1,1,30
201501LX50361,-0.11505,51.463221,3,1,1,2015-04-17,6,April,13:45:00,13,1,1,30
201501LX50362,-0.129454,51.431348,3,1,1,2015-04-15,4,April,15:53:00,15,1,1,30
201501LX50364,-0.103241,51.491088,2,1,1,2015-04-17,6,April,16:23:00,16,1,1,30
201501LX50365,-0.100089,51.476828,3,2,1,2015-04-15,4,April,08:39:00,8,1,1,30
201501LX50366,-0.130979,51.464465,3,4,1,2015-04-20,2,April,06:40:00,6,1,1,30
201501LX50367,-0.146663,51.454013,3,2,1,2015-04-20,2,April,22:43:00,22,1,1,30
201501LX50368,-0.115748,51.484725,3,2,1,2015-04-20,2,April,08:22:00,8,1,1,30
201501LX50369,-0.120052,51.474632,3,2,1,2015-04-21,3,April,12:00:00,12,1,1,30
201501LX50372,-0.125182,51.440812,2,1,1,2015-03-08,1,March,14:28:00,14,1,1,30
201501LX50373,-0.129189,51.458951,3,2,1,2015-04-22,4,April,11:20:00,11,1,1,30
201501LX50375,-0.128673,51.432865,3,2,1,2015-04-14,3,April,12:00:00,12,1,1,30
201501LX50376,-0.110988,51.495349,3,2,1,2015-04-21,3,April,15:50:00,15,1,1,30
201501LX50378,-0.118246,51.455539,3,1,1,2015-04-22,4,April,15:35:00,15,1,1,30
201501LX50379,-0.121573,51.427086,3,2,1,2015-04-23,5,April,08:12:00,8,1,1,30
201501LX50380,-0.116664,51.48348,3,2,2,2015-03-25,4,March,12:30:00,12,1,1,30
201501LX50381,-0.107429,51.463009,3,2,1,2015-04-21,3,April,11:00:00,11,1,1,30
201501LX50383,-0.101752,51.429824,3,1,1,2015-04-21,3,April,18:30:00,18,1,1,30
201501LX50386,-0.112872,51.474157,3,2,1,2015-04-24,6,April,06:10:00,6,1,1,30
201501LX50387,-0.110293,51.484277,3,2,1,2015-04-24,6,April,11:04:00,11,1,1,30
201501LX50388,-0.118409,51.486566,3,3,2,2015-04-20,2,April,16:50:00,16,1,1,30
201501LX50389,-0.124432,51.480188,3,2,1,2015-04-23,5,April,18:00:00,18,1,1,30
201501LX50390,-0.140495,51.467674,3,2,1,2015-04-27,2,April,09:00:00,9,1,1,30
201501LX50391,-0.117685,51.486644,3,1,1,2015-03-31,3,March,13:11:00,13,1,2,30
201501LX50392,-0.130201,51.423627,3,2,1,2015-04-22,4,April,16:30:00,16,1,1,30
201501LX50394,-0.117744,51.460747,3,1,1,2015-04-23,5,April,16:20:00,16,1,1,30
201501LX50395,-0.123214,51.488801,3,1,1,2015-04-23,5,April,17:29:00,17,1,1,30
201501LX50396,-0.130533,51.464818,3,1,1,2015-04-20,2,April,18:10:00,18,1,1,30
201501LX50397,-0.132444,51.463859,3,2,2,2015-04-25,7,April,02:00:00,2,2,2,30
201501LX50398,-0.11556,51.461341,3,1,1,2015-04-23,5,April,11:10:00,11,1,1,30
201501LX50399,-0.103998,51.434626,3,2,1,2015-04-23,5,April,12:03:00,12,1,1,30
201501LX50400,-0.111527,51.496257,3,2,1,2015-04-22,4,April,07:27:00,7,1,1,30
201501LX50402,-0.12002,51.454398,3,1,1,2015-04-25,7,April,01:39:00,1,1,1,30
201501LX50404,-0.124226,51.414988,3,2,1,2015-04-24,6,April,15:25:00,15,1,1,30
201501LX50405,-0.121258,51.494345,3,2,1,2015-04-17,6,April,20:15:00,20,1,1,30
201501LX50407,-0.146372,51.454099,3,2,1,2015-04-27,2,April,18:25:00,18,1,1,30
201501LX50408,-0.111941,51.461822,3,2,2,2015-04-28,3,April,09:35:00,9,1,1,30
201501LX50409,-0.138683,51.455595,3,2,1,2015-04-29,4,April,09:05:00,9,1,1,30
201501LX50410,-0.113784,51.504387,3,1,1,2015-04-29,4,April,10:56:00,10,1,1,30
201501LX50411,-0.114446,51.456917,3,2,1,2015-04-25,7,April,19:50:00,19,1,1,30
201501LX50412,-0.130854,51.425256,3,2,1,2015-04-28,3,April,18:05:00,18,1,1,30
201501LX50413,-0.126918,51.468717,3,2,1,2015-04-20,2,April,08:10:00,8,1,1,30
201501LX50414,-0.124342,51.447273,3,2,1,2015-04-24,6,April,20:08:00,20,1,1,30
201501LX50415,-0.111663,51.465055,3,1,1,2015-05-07,5,May,19:14:00,19,1,1,30
201501LX50416,-0.079471,51.422536,3,1,1,2015-04-30,5,April,19:05:00,19,1,1,30
201501LX50417,-0.129401,51.422085,3,1,1,2015-04-29,4,April,17:28:00,17,1,1,30
201501LX50418,-0.10573,51.437982,3,2,3,2015-04-30,5,April,00:45:00,0,1,1,30
201501LX50419,-0.109337,51.458633,3,1,1,2015-04-28,3,April,09:45:00,9,1,1,30
201501LX50420,-0.119552,51.500793,3,2,1,2015-05-02,7,May,21:20:00,21,1,1,30
201501LX50421,-0.138108,51.416648,3,2,1,2015-05-02,7,May,19:00:00,19,1,1,30
201501LX50422,-0.135423,51.472,3,2,2,2015-05-01,6,May,21:55:00,21,1,1,30
201501LX50423,-0.126304,51.41691,3,1,1,2015-05-02,7,May,11:11:00,11,1,1,30
201501LX50424,-0.136684,51.433981,3,1,1,2015-05-03,1,May,12:07:00,12,1,2,30
201501LX50425,-0.117005,51.499673,3,2,1,2015-04-30,5,April,08:15:00,8,1,1,30
201501LX50426,-0.117711,51.458048,3,2,1,2015-05-04,2,May,18:00:00,18,1,1,30
201501LX50427,-0.137556,51.462052,3,2,1,2015-04-30,5,April,09:20:00,9,1,1,30
201501LX50428,-0.089442,51.431782,3,2,1,2015-05-02,7,May,18:00:00,18,1,1,30
201501LX50430,-0.118326,51.46759,3,2,1,2015-05-03,1,May,23:15:00,23,1,1,30
201501LX50431,-0.118323,51.457159,3,1,1,2015-05-01,6,May,08:40:00,8,1,1,30
201501LX50432,-0.124294,51.444935,3,2,1,2015-05-05,3,May,05:30:00,5,2,2,30
201501LX50433,-0.109766,51.50747,3,2,1,2015-04-30,5,April,08:55:00,8,1,1,30
201501LX50434,-0.122941,51.449859,3,2,1,2015-04-21,3,April,13:31:00,13,1,1,30
201501LX50436,-0.122037,51.471876,3,2,1,2015-04-25,7,April,22:30:00,22,1,1,30
201501LX50439,-0.103998,51.434626,3,1,1,2015-05-03,1,May,03:07:00,3,1,1,30
201501LX50441,-0.136387,51.462483,3,2,1,2015-05-07,5,May,11:40:00,11,1,1,30
201501LX50442,-0.125575,51.469865,3,2,1,2015-05-08,6,May,09:00:00,9,1,1,30
201501LX50443,-0.107425,51.463098,3,2,1,2015-03-10,3,March,17:30:00,17,1,1,30
201501LX50444,-0.116116,51.493274,3,2,1,2015-04-23,5,April,18:10:00,18,1,1,30
201501LX50447,-0.098569,51.468351,3,2,1,2015-05-09,7,May,18:30:00,18,1,1,30
201501LX50448,-0.097835,51.447925,3,2,1,2015-05-08,6,May,20:25:00,20,1,1,30
201501LX50449,-0.123969,51.435307,3,1,1,2015-05-05,3,May,16:16:00,16,1,1,30
201501LX50450,-0.131395,51.475443,3,1,1,2015-04-16,5,April,09:49:00,9,1,1,30
201501LX50452,-0.129799,51.422901,3,2,1,2015-05-11,2,May,09:35:00,9,1,1,30
201501LX50453,-0.092423,51.422388,3,2,1,2015-05-11,2,May,16:25:00,16,1,1,30
201501LX50454,-0.124699,51.442063,3,1,1,2015-05-09,7,May,23:02:00,23,1,1,30
201501LX50455,-0.125636,51.44028,3,2,1,2015-05-08,6,May,21:30:00,21,2,2,30
201501LX50456,-0.12403,51.486476,3,2,1,2015-05-06,4,May,22:59:00,22,1,1,30
201501LX50458,-0.12916,51.45967,3,2,1,2015-05-12,3,May,12:48:00,12,1,1,30
201501LX50459,-0.108008,51.462928,3,2,1,2015-05-13,4,May,16:45:00,16,1,1,30
201501LX50463,-0.129016,51.459668,2,1,1,2015-05-13,4,May,15:20:00,15,1,1,30
201501LX50464,-0.130677,51.46482,3,1,1,2015-04-27,2,April,08:30:00,8,1,1,30
201501LX50465,-0.144422,51.456046,3,2,1,2015-05-13,4,May,18:04:00,18,1,1,30
201501LX50468,-0.124579,51.466072,3,2,1,2015-05-05,3,May,16:55:00,16,4,1,30
201501LX50469,-0.1181,51.476579,3,1,1,2015-05-01,6,May,18:47:00,18,1,1,30
201501LX50470,-0.107897,51.441254,3,1,1,2015-05-14,5,May,15:20:00,15,2,2,30
201501LX50471,-0.110676,51.443637,3,1,1,2015-05-16,7,May,12:05:00,12,1,1,30
201501LX50473,-0.125953,51.439566,3,2,1,2015-05-13,4,May,16:35:00,16,1,1,30
201501LX50474,-0.13813,51.447943,3,1,1,2015-05-04,2,May,17:10:00,17,1,1,30
201501LX50475,-0.112728,51.470648,3,2,1,2015-05-16,7,May,17:25:00,17,1,1,30
201501LX50476,-0.11165,51.503723,3,2,1,2015-05-14,5,May,19:52:00,19,1,2,30
201501LX50477,-0.117069,51.487624,3,1,1,2015-05-18,2,May,17:40:00,17,4,1,30
201501LX50478,-0.129484,51.455269,3,1,1,2015-05-19,3,May,21:30:00,21,1,2,30
201501LX50480,-0.114775,51.476886,3,3,1,2015-05-15,6,May,09:00:00,9,1,1,30
201501LX50481,-0.126565,51.484359,3,2,1,2015-05-18,2,May,18:45:00,18,4,1,30
201501LX50482,-0.129985,51.41481,3,2,1,2015-05-14,5,May,07:30:00,7,1,1,30
201501LX50484,-0.08339,51.421701,3,2,1,2015-05-14,5,May,06:27:00,6,1,1,30
201501LX50486,-0.100291,51.45462,3,2,1,2015-05-14,5,May,15:27:00,15,2,2,30
201501LX50488,-0.121258,51.494345,3,2,1,2015-05-20,4,May,08:32:00,8,1,1,30
201501LX50489,-0.127663,51.468099,3,2,1,2015-05-16,7,May,21:56:00,21,1,1,30
201501LX50490,-0.127812,51.418732,3,2,1,2015-05-19,3,May,07:54:00,7,1,1,30
201501LX50492,-0.120056,51.474542,3,2,1,2015-05-19,3,May,08:15:00,8,1,1,30
201501LX50493,-0.130177,51.452403,3,1,1,2015-05-15,6,May,21:55:00,21,1,1,30
201501LX50494,-0.107566,51.463191,3,1,1,2015-05-20,4,May,15:23:00,15,1,2,30
201501LX50495,-0.144868,51.448589,3,1,1,2015-05-21,5,May,11:45:00,11,1,1,30
201501LX50496,-0.11013,51.50217,3,2,1,2015-05-12,3,May,06:15:00,6,1,1,30
201501LX50497,-0.103522,51.491272,3,1,1,2015-04-17,6,April,16:30:00,16,1,1,30
201501LX50499,-0.126304,51.41691,3,2,1,2015-05-07,5,May,08:20:00,8,1,1,30
201501LX50500,-0.106078,51.42261,3,2,1,2015-05-14,5,May,18:00:00,18,2,2,30
201501LX50501,-0.123985,51.459498,3,2,1,2015-05-07,5,May,07:32:00,7,1,1,30
201501LX50502,-0.110676,51.443637,3,1,1,2015-05-18,2,May,21:22:00,21,1,1,30
201501LX50503,-0.118189,51.467408,3,1,1,2015-05-13,4,May,12:20:00,12,1,1,30
201501LX50504,-0.137696,51.462144,3,2,1,2015-05-25,2,May,15:30:00,15,1,1,30
201501LX50506,-0.103613,51.440465,3,2,1,2015-05-19,3,May,06:01:00,6,1,1,30
201501LX50508,-0.111941,51.479268,3,3,2,2015-07-27,2,July,19:40:00,19,1,1,30
201501LX50509,-0.105853,51.46631,3,2,1,2015-05-22,6,May,16:20:00,16,1,1,30
201501LX50510,-0.117542,51.486642,3,2,1,2015-05-23,7,May,09:23:00,9,1,1,30
201501LX50511,-0.125583,51.469685,3,2,1,2015-05-19,3,May,10:00:00,10,1,1,30
201501LX50512,-0.096158,51.446729,3,2,1,2015-05-18,2,May,16:50:00,16,1,1,30
201501LX50513,-0.117357,51.484121,3,2,1,2015-05-26,3,May,06:08:00,6,1,1,30
201501LX50514,-0.111941,51.479268,3,2,2,2015-05-25,2,May,06:53:00,6,1,1,30
201501LX50516,-0.115368,51.459,3,1,1,2015-05-20,4,May,23:39:00,23,1,1,30
201501LX50517,-0.119004,51.475605,3,2,1,2015-05-26,3,May,17:30:00,17,1,1,30
201501LX50518,-0.131243,51.47562,3,1,1,2015-05-13,4,May,12:00:00,12,1,1,30
201501LX50520,-0.105052,51.42655,2,2,1,2015-05-23,7,May,00:51:00,0,1,1,30
201501LX50521,-0.112802,51.472358,3,1,1,2015-05-26,3,May,14:44:00,14,1,1,30
201501LX50522,-0.144872,51.455604,3,2,1,2015-05-27,4,May,13:54:00,13,1,1,30
201501LX50523,-0.144875,51.44841,3,2,1,2015-05-08,6,May,14:33:00,14,1,1,30
201501LX50524,-0.115685,51.461793,3,2,1,2015-05-25,2,May,19:15:00,19,1,1,30
201501LX50525,-0.123088,51.449771,3,1,1,2015-05-27,4,May,10:22:00,10,1,1,30
201501LX50526,-0.119951,51.428049,3,2,1,2015-05-23,7,May,00:24:00,0,1,1,30
201501LX50527,-0.128146,51.435194,3,2,1,2015-03-26,5,March,17:39:00,17,1,1,30
201501LX50528,-0.103998,51.434626,3,3,1,2015-05-02,7,May,13:00:00,13,1,1,30
201501LX50529,-0.130077,51.430189,3,2,1,2015-05-20,4,May,20:27:00,20,1,1,30
201501LX50530,-0.130389,51.464816,3,2,1,2015-05-31,1,May,14:50:00,14,1,1,30
201501LX50534,-0.11099,51.460458,3,2,1,2015-05-27,4,May,15:01:00,15,1,1,30
201501LX50535,-0.115689,51.461703,3,1,1,2015-05-28,5,May,18:13:00,18,1,1,30
201501LX50536,-0.122314,51.472151,3,2,1,2015-05-29,6,May,23:10:00,23,1,1,30
201501LX50538,-0.110214,51.50361,3,2,1,2015-05-29,6,May,18:42:00,18,1,1,30
201501LX50540,-0.102956,51.432002,3,1,1,2015-05-31,1,May,15:00:00,15,2,2,30
201501LX50544,-0.106039,51.440954,3,2,1,2015-05-25,2,May,23:00:00,23,1,1,30
201501LX50545,-0.104301,51.489846,2,2,1,2015-06-01,2,June,12:21:00,12,1,1,30
201501LX50547,-0.106315,51.441228,3,2,1,2015-06-01,2,June,17:20:00,17,1,1,30
201501LX50549,-0.112715,51.498884,3,1,2,2015-05-26,3,May,08:52:00,8,1,1,30
201501LX50550,-0.119562,51.469049,3,1,1,2015-05-22,6,May,23:04:00,23,1,1,30
201501LX50551,-0.122443,51.472512,3,1,1,2015-05-31,1,May,08:40:00,8,1,1,30
201501LX50552,-0.1127,51.481798,3,1,1,2015-05-13,4,May,19:24:00,19,1,1,30
201501LX50553,-0.102686,51.45241,3,2,1,2015-05-26,3,May,23:30:00,23,1,1,30
201501LX50554,-0.105597,51.43771,3,1,1,2015-06-01,2,June,15:58:00,15,1,1,30
201501LX50555,-0.112731,51.474065,3,2,1,2015-06-01,2,June,08:49:00,8,1,1,30
201501LX50556,-0.106114,51.456513,3,2,1,2015-06-03,4,June,07:00:00,7,1,1,30
201501LX50557,-0.111789,51.479445,3,1,1,2015-06-03,4,June,10:36:00,10,1,1,30
201501LX50558,-0.118172,51.457336,3,2,1,2015-06-04,5,June,19:15:00,19,1,1,30
201501LX50559,-0.116222,51.501189,3,2,1,2015-05-27,4,May,08:59:00,8,1,1,30
201501LX50560,-0.127062,51.468719,3,2,1,2015-05-11,2,May,07:10:00,7,1,1,30
201501LX50561,-0.114261,51.46141,3,1,1,2015-06-04,5,June,09:23:00,9,1,1,30
201501LX50562,-0.141289,51.469395,3,2,2,2015-06-03,4,June,20:47:00,20,1,1,30
201501LX50563,-0.139234,51.470352,3,2,1,2015-06-03,4,June,11:30:00,11,1,1,30
201501LX50564,-0.117005,51.499673,2,2,1,2015-06-04,5,June,23:30:00,23,1,1,30
201501LX50565,-0.105432,51.424308,3,1,2,2015-06-05,6,June,15:29:00,15,1,1,30
201501LX50566,-0.101377,51.452749,3,2,1,2015-06-04,5,June,20:28:00,20,1,1,30
201501LX50567,-0.140071,51.460384,3,2,1,2015-06-08,2,June,18:25:00,18,1,1,30
201501LX50569,-0.098569,51.468351,3,2,1,2015-06-05,6,June,19:45:00,19,1,1,30
201501LX50570,-0.112664,51.461744,3,1,1,2015-06-07,1,June,15:20:00,15,1,1,30
201501LX50571,-0.103982,51.46628,3,2,1,2015-06-05,6,June,18:57:00,18,1,1,30
201501LX50572,-0.134983,51.429818,3,2,1,2015-06-08,2,June,13:25:00,13,1,1,30
201501LX50573,-0.122742,51.472247,2,1,1,2015-06-07,1,June,02:54:00,2,1,1,30
201501LX50574,-0.111317,51.480427,3,2,2,2015-06-05,6,June,20:00:00,20,1,1,30
201501LX50575,-0.121407,51.452172,3,2,1,2015-06-03,4,June,14:47:00,14,1,1,30
201501LX50576,-0.127177,51.437787,3,2,1,2015-06-09,3,June,17:40:00,17,1,1,30
201501LX50577,-0.142687,51.452691,3,1,1,2015-06-07,1,June,06:15:00,6,1,1,30
201501LX50579,-0.109574,51.44245,3,3,1,2015-06-06,7,June,19:43:00,19,1,1,30
201501LX50580,-0.111519,51.496437,3,2,1,2015-06-03,4,June,18:35:00,18,1,1,30
201501LX50581,-0.126421,51.484356,3,2,1,2015-05-08,6,May,08:18:00,8,1,1,30
201501LX50583,-0.137707,51.461875,3,2,1,2015-06-01,2,June,08:00:00,8,1,1,30
201501LX50584,-0.113216,51.448354,2,2,1,2015-05-23,7,May,17:00:00,17,1,1,30
201501LX50585,-0.112596,51.470376,3,2,1,2015-06-10,4,June,17:41:00,17,1,1,30
201501LX50586,-0.119925,51.435692,3,2,1,2015-06-10,4,June,13:00:00,13,1,1,30
201501LX50587,-0.103847,51.490378,3,2,1,2015-06-08,2,June,19:45:00,19,1,1,30
201501LX50589,-0.131757,51.459532,3,1,1,2015-06-07,1,June,12:20:00,12,1,1,30
201501LX50590,-0.129493,51.465611,3,3,2,2015-06-12,6,June,00:20:00,0,1,1,30
201501LX50591,-0.101821,51.448979,2,1,1,2015-06-10,4,June,20:00:00,20,4,1,30
201501LX50593,-0.131189,51.427599,3,2,1,2015-06-11,5,June,23:16:00,23,1,1,30
201501LX50594,-0.131881,51.470595,3,2,1,2015-06-05,6,June,18:19:00,18,1,1,30
201501LX50596,-0.112644,51.469208,3,2,1,2015-06-09,3,June,09:30:00,9,1,1,30
201501LX50597,-0.129296,51.459852,3,1,1,2015-06-08,2,June,06:30:00,6,1,1,30
201501LX50598,-0.100396,51.427823,3,1,1,2015-06-04,5,June,08:48:00,8,1,1,30
201501LX50599,-0.111003,51.481051,3,1,6,2015-06-05,6,June,19:15:00,19,1,1,30
201501LX50600,-0.132739,51.463684,3,2,1,2015-06-13,7,June,16:20:00,16,1,1,30
201501LX50601,-0.144422,51.456046,3,2,1,2015-06-11,5,June,09:05:00,9,1,1,30
201501LX50603,-0.123635,51.478556,3,1,1,2015-05-31,1,May,13:35:00,13,2,2,30
201501LX50604,-0.1312,51.427329,3,2,1,2015-06-10,4,June,15:46:00,15,1,1,30
201501LX50605,-0.11556,51.461341,3,1,1,2015-06-13,7,June,00:28:00,0,1,1,30
201501LX50606,-0.103398,51.452602,3,2,1,2015-06-11,5,June,10:56:00,10,1,1,30
201501LX50608,-0.109496,51.458276,3,1,1,2015-06-05,6,June,22:45:00,22,1,1,30
201501LX50609,-0.11511,51.479229,3,2,1,2015-06-12,6,June,14:01:00,14,1,1,30
201501LX50610,-0.128275,51.435556,2,2,1,2015-06-15,2,June,07:00:00,7,1,1,30
201501LX50611,-0.114409,51.499721,3,1,1,2015-06-16,3,June,13:30:00,13,1,1,30
201501LX50612,-0.112473,51.476849,3,3,3,2015-05-26,3,May,21:50:00,21,1,1,30
201501LX50613,-0.112435,51.442856,3,3,2,2015-06-13,7,June,20:45:00,20,1,1,30
201501LX50615,-0.119094,51.455912,3,2,1,2015-06-15,2,June,15:30:00,15,1,1,30
201501LX50616,-0.123937,51.471187,3,2,1,2015-06-16,3,June,21:25:00,21,1,1,30
201501LX50617,-0.144238,51.442824,3,1,1,2015-06-16,3,June,08:36:00,8,1,1,30
201501LX50618,-0.101684,51.466153,3,2,1,2015-06-13,7,June,20:06:00,20,1,1,30
201501LX50620,-0.129496,51.462014,3,2,1,2015-06-12,6,June,14:00:00,14,1,1,30
201501LX50621,-0.124808,51.474529,3,1,1,2015-06-15,2,June,16:48:00,16,1,1,30
201501LX50623,-0.108181,51.50052,3,2,1,2015-06-17,4,June,08:45:00,8,1,1,30
201501LX50624,-0.113962,51.465182,3,2,1,2015-06-11,5,June,15:30:00,15,1,1,30
201501LX50625,-0.119008,51.475515,3,2,1,2015-06-17,4,June,14:00:00,14,1,1,30
201501LX50626,-0.13649,51.417522,3,2,1,2015-06-19,6,June,11:30:00,11,1,1,30
201501LX50627,-0.130375,51.429924,3,2,1,2015-06-11,5,June,19:15:00,19,1,1,30
201501LX50628,-0.125097,51.432358,3,1,1,2015-06-17,4,June,15:26:00,15,1,1,30
201501LX50629,-0.096795,51.427945,3,2,1,2015-06-18,5,June,08:45:00,8,1,1,30
201501LX50631,-0.120653,51.474012,3,1,1,2015-06-12,6,June,15:25:00,15,1,1,30
201501LX50632,-0.099814,51.473047,2,1,1,2015-06-21,1,June,15:00:00,15,1,1,30
201501LX50634,-0.11783,51.444651,3,2,1,2015-06-13,7,June,23:05:00,23,1,1,30
201501LX50635,-0.101273,51.46219,3,2,1,2015-06-19,6,June,13:16:00,13,1,1,30
201501LX50637,-0.121573,51.451636,3,2,1,2015-06-19,6,June,08:30:00,8,1,1,30
201501LX50638,-0.110567,51.481134,3,2,1,2015-06-19,6,June,20:25:00,20,1,1,30
201501LX50640,-0.113085,51.441068,3,2,1,2015-06-18,5,June,17:00:00,17,1,1,30
201501LX50641,-0.149182,51.466463,3,2,1,2015-06-16,3,June,16:05:00,16,1,1,30
201501LX50642,-0.103145,51.465637,3,1,1,2015-06-21,1,June,19:40:00,19,1,1,30
201501LX50643,-0.102636,51.491797,3,1,1,2015-06-17,4,June,23:00:00,23,1,1,30
201501LX50644,-0.109129,51.463665,3,1,1,2015-06-13,7,June,19:00:00,19,1,1,30
201501LX50645,-0.10965,51.489393,3,2,1,2015-06-23,3,June,02:04:00,2,1,1,30
201501LX50647,-0.106319,51.441139,2,1,1,2015-06-23,3,June,16:57:00,16,1,1,30
201501LX50648,-0.128679,51.446803,3,1,1,2015-06-25,5,June,17:04:00,17,1,1,30
201501LX50649,-0.103877,51.434085,3,3,2,2015-06-26,6,June,18:12:00,18,1,1,30
201501LX50651,-0.128478,51.43412,3,2,1,2015-06-26,6,June,13:30:00,13,1,1,30
201501LX50652,-0.115231,51.462325,3,2,1,2015-06-23,3,June,22:29:00,22,1,1,30
201501LX50653,-0.145019,51.455516,3,1,1,2015-06-28,1,June,03:10:00,3,1,1,30
201501LX50655,-0.135378,51.430723,3,2,1,2015-06-25,5,June,17:35:00,17,1,1,30
201501LX50656,-0.13071,51.425253,3,2,1,2015-06-28,1,June,17:32:00,17,2,2,30
201501LX50657,-0.124336,51.486031,3,2,1,2015-06-20,7,June,09:55:00,9,1,1,30
201501LX50658,-0.120332,51.485338,3,2,1,2015-06-27,7,June,06:11:00,6,1,1,30
201501LX50659,-0.130638,51.47633,3,2,1,2015-06-26,6,June,20:48:00,20,1,1,30
201501LX50660,-0.127812,51.418732,3,2,1,2015-06-29,2,June,16:20:00,16,1,1,30
201501LX50661,-0.120944,51.49497,3,1,2,2015-06-30,3,June,17:55:00,17,1,1,30
201501LX50662,-0.122594,51.472335,3,1,1,2015-06-28,1,June,20:01:00,20,1,1,30
201501LX50663,-0.143519,51.457021,3,2,1,2015-06-15,2,June,00:15:00,0,1,1,30
201501LX50664,-0.098638,51.463226,3,2,1,2015-06-29,2,June,09:00:00,9,1,1,30
201501LX50665,-0.130077,51.430189,3,2,1,2015-06-29,2,June,09:20:00,9,1,1,30
201501LX50667,-0.113801,51.455108,3,2,2,2015-06-26,6,June,18:00:00,18,1,1,30
201501LX50668,-0.120949,51.459809,3,2,1,2015-06-30,3,June,15:50:00,15,1,1,30
201501LX50671,-0.148954,51.461423,3,2,1,2015-06-26,6,June,09:40:00,9,1,1,30
201501LX50673,-0.13071,51.425253,3,1,1,2015-06-25,5,June,07:40:00,7,1,1,30
201501LX50674,-0.137058,51.449545,3,2,1,2015-07-01,4,July,16:30:00,16,1,1,30
201501LX50675,-0.112909,51.473258,3,2,1,2015-07-01,4,July,19:53:00,19,1,1,30
201501LX50677,-0.129277,51.432155,2,1,1,2015-07-02,5,July,19:10:00,19,1,1,30
201501LX50678,-0.11211,51.478641,3,1,1,2015-06-13,7,June,12:15:00,12,1,1,30
201501LX50679,-0.097898,51.439473,3,2,2,2015-07-02,5,July,12:28:00,12,1,1,30
201501LX50680,-0.136253,51.433975,3,2,1,2015-06-19,6,June,16:05:00,16,1,1,30
201501LX50681,-0.105432,51.424308,3,1,1,2015-07-02,5,July,08:05:00,8,1,1,30
201501LX50682,-0.111493,51.469189,3,2,1,2015-06-30,3,June,18:43:00,18,1,1,30
201501LX50683,-0.103308,51.46519,3,1,1,2015-07-03,6,July,07:20:00,7,1,1,30
201501LX50684,-0.111519,51.496437,3,2,1,2015-07-03,6,July,09:00:00,9,1,1,30
201501LX50685,-0.114919,51.476888,3,2,1,2015-07-06,2,July,18:55:00,18,1,1,30
201501LX50686,-0.130742,51.420937,3,2,1,2015-06-27,7,June,13:20:00,13,1,1,30
201501LX50687,-0.123104,51.48799,3,2,1,2015-07-04,7,July,16:26:00,16,1,1,30
201501LX50688,-0.117049,51.498594,3,2,1,2015-06-23,3,June,21:00:00,21,1,1,30
201501LX50689,-0.103669,51.466905,3,2,1,2015-07-06,2,July,18:03:00,18,1,1,30
201501LX50690,-0.115604,51.484722,3,2,1,2015-06-24,4,June,16:15:00,16,1,1,30
201501LX50691,-0.110919,51.462166,3,2,1,2015-07-07,3,July,18:15:00,18,1,1,30
201501LX50692,-0.097463,51.439556,3,2,1,2015-07-06,2,July,19:53:00,19,1,1,30
201501LX50693,-0.111229,51.489508,3,2,1,2015-07-03,6,July,20:40:00,20,1,1,30
201501LX50694,-0.105085,51.425741,2,1,1,2015-07-07,3,July,22:10:00,22,1,1,30
201501LX50695,-0.133781,51.42755,3,1,1,2015-07-08,4,July,08:30:00,8,1,1,30
201501LX50697,-0.117059,51.477372,3,2,1,2015-07-08,4,July,14:24:00,14,1,1,30
201501LX50700,-0.114512,51.504219,3,1,1,2015-07-10,6,July,00:30:00,0,1,1,30
201501LX50702,-0.104787,51.436438,3,2,1,2015-07-09,5,July,07:08:00,7,1,1,30
201501LX50703,-0.124639,51.485677,2,2,1,2015-07-03,6,July,07:01:00,7,1,1,30
201501LX50706,-0.110502,51.461799,2,2,1,2015-07-10,6,July,19:09:00,19,1,1,30
201501LX50707,-0.113186,51.504917,3,2,1,2015-07-08,4,July,23:45:00,23,1,1,30
201501LX50708,-0.111014,51.480782,3,1,2,2015-07-10,6,July,09:38:00,9,1,1,30
201501LX50709,-0.107504,51.502937,3,2,1,2015-07-09,5,July,10:38:00,10,1,1,30
201501LX50711,-0.13054,51.464638,3,2,1,2015-07-10,6,July,09:40:00,9,1,1,30
201501LX50712,-0.126406,51.439033,3,2,1,2015-07-11,7,July,23:40:00,23,1,1,30
201501LX50713,-0.129644,51.423168,3,2,1,2015-07-11,7,July,23:45:00,23,2,2,30
201501LX50714,-0.13071,51.425253,3,2,1,2015-06-25,5,June,09:10:00,9,1,1,30
201501LX50715,-0.114268,51.464737,3,1,1,2015-06-08,2,June,14:30:00,14,1,1,30
201501LX50716,-0.108078,51.464728,3,1,1,2015-07-13,2,July,15:56:00,15,1,1,30
201501LX50718,-0.13649,51.417522,3,1,2,2015-07-12,1,July,21:20:00,21,1,1,30
201501LX50719,-0.106089,51.42234,3,1,1,2015-07-13,2,July,09:22:00,9,1,1,30
201501LX50720,-0.129716,51.477754,3,2,1,2015-07-01,4,July,08:40:00,8,1,1,30
201501LX50721,-0.128006,51.438609,3,2,1,2015-07-13,2,July,13:10:00,13,1,1,30
201501LX50722,-0.143364,51.457288,3,2,1,2015-07-13,2,July,15:50:00,15,1,2,30
201501LX50724,-0.103537,51.435338,3,2,1,2015-07-11,7,July,07:55:00,7,1,1,30
201501LX50725,-0.122797,51.484928,3,1,1,2015-06-19,6,June,08:00:00,8,1,1,30
201501LX50726,-0.129364,51.465249,3,2,1,2015-07-14,3,July,19:07:00,19,2,2,30
201501LX50728,-0.103185,51.440368,3,3,1,2015-07-05,1,July,17:15:00,17,1,1,30
201501LX50729,-0.116376,51.507936,3,1,2,2015-07-10,6,July,20:52:00,20,1,1,30
201501LX50730,-0.126531,51.474646,3,1,2,2015-07-14,3,July,09:21:00,9,1,1,30
201501LX50731,-0.124364,51.446734,2,1,1,2015-07-09,5,July,13:50:00,13,1,1,30
201501LX50732,-0.131189,51.427599,2,1,1,2015-07-11,7,July,18:38:00,18,1,1,30
201501LX50733,-0.1285,51.433581,3,1,1,2015-07-15,4,July,13:50:00,13,1,1,30
201501LX50734,-0.119148,51.475607,3,2,1,2015-07-15,4,July,18:20:00,18,1,1,30
201501LX50735,-0.124174,51.486478,2,2,1,2015-06-17,4,June,18:30:00,18,1,1,30
201501LX50736,-0.113799,51.504027,2,1,1,2015-07-13,2,July,09:30:00,9,1,1,30
201501LX50737,-0.109548,51.484895,3,2,1,2015-07-15,4,July,11:30:00,11,1,1,30
201501LX50738,-0.126819,51.474651,3,2,1,2015-07-15,4,July,10:05:00,10,1,1,30
201501LX50739,-0.111481,51.486904,3,2,1,2015-06-29,2,June,16:30:00,16,1,1,30
201501LX50740,-0.127948,51.418914,3,2,1,2015-07-07,3,July,11:30:00,11,1,1,30
201501LX50741,-0.093367,51.468806,3,1,1,2015-07-15,4,July,15:30:00,15,1,1,30
201501LX50742,-0.116527,51.486806,3,2,1,2015-07-13,2,July,22:15:00,22,2,2,30
201501LX50743,-0.098709,51.468443,3,2,1,2015-07-16,5,July,08:14:00,8,1,1,30
201501LX50744,-0.114593,51.463843,3,1,1,2015-07-15,4,July,12:00:00,12,1,1,30
201501LX50745,-0.114438,51.464111,3,2,1,2015-07-16,5,July,20:47:00,20,1,1,30
201501LX50746,-0.139035,51.461086,3,2,1,2015-07-16,5,July,16:45:00,16,1,1,30
201501LX50748,-0.112326,51.487367,3,1,1,2015-07-15,4,July,17:45:00,17,1,1,30
201501LX50749,-0.110775,51.462163,3,2,1,2015-07-13,2,July,18:50:00,18,1,1,30
201501LX50750,-0.125888,51.416543,3,2,1,2015-07-16,5,July,22:50:00,22,1,1,30
201501LX50751,-0.12945,51.431438,3,2,1,2015-07-16,5,July,19:00:00,19,1,1,30
201501LX50752,-0.113965,51.465092,3,1,1,2015-07-16,5,July,13:35:00,13,1,1,30
201501LX50753,-0.112869,51.467233,3,2,1,2015-07-06,2,July,18:30:00,18,1,1,30
201501LX50755,-0.124432,51.480188,3,1,1,2015-06-30,3,June,12:40:00,12,1,1,30
201501LX50756,-0.133178,51.463511,3,2,1,2015-07-16,5,July,19:10:00,19,1,1,30
201501LX50757,-0.138197,51.449832,3,3,3,2015-07-16,5,July,15:23:00,15,1,1,30
201501LX50758,-0.124129,51.4595,3,2,1,2015-07-16,5,July,15:40:00,15,1,1,30
201501LX50759,-0.113099,51.461661,3,2,1,2015-07-19,1,July,10:35:00,10,1,1,30
201501LX50760,-0.106466,51.441051,3,2,1,2015-07-20,2,July,01:10:00,1,1,1,30
201501LX50761,-0.128676,51.432775,3,1,2,2015-07-17,6,July,18:45:00,18,1,1,30
201501LX50762,-0.1432,51.454228,3,1,1,2015-07-16,5,July,09:15:00,9,1,1,30
201501LX50763,-0.122406,51.473411,3,1,1,2015-07-04,7,July,13:36:00,13,1,1,30
201501LX50764,-0.114733,51.505841,3,1,1,2015-07-01,4,July,09:47:00,9,1,1,30
201501LX50765,-0.132229,51.426806,3,1,1,2015-07-08,4,July,12:06:00,12,1,1,30
201501LX50766,-0.13829,51.461704,3,2,1,2015-07-12,1,July,14:09:00,14,1,1,30
201501LX50767,-0.101654,51.425236,3,1,1,2015-07-07,3,July,15:45:00,15,1,1,30
201501LX50768,-0.130592,51.424622,3,1,2,2015-07-19,1,July,06:00:00,6,1,2,30
201501LX50769,-0.119168,51.443594,3,2,1,2015-07-15,4,July,09:15:00,9,1,1,30
201501LX50771,-0.12231,51.47224,3,2,1,2015-07-18,7,July,05:40:00,5,1,1,30
201501LX50772,-0.130324,51.452315,3,2,1,2015-07-18,7,July,22:52:00,22,1,1,30
201501LX50774,-0.116605,51.477904,3,2,1,2015-07-20,2,July,08:44:00,8,1,1,30
201501LX50775,-0.124943,51.443147,3,2,1,2015-07-20,2,July,16:15:00,16,1,1,30
201501LX50777,-0.124434,51.445027,3,2,1,2015-07-21,3,July,07:20:00,7,1,1,30
201501LX50778,-0.118965,51.45555,3,1,1,2015-07-19,1,July,15:09:00,15,1,1,30
201501LX50779,-0.108499,51.485867,3,2,1,2015-07-17,6,July,13:55:00,13,1,1,30
201501LX50780,-0.110381,51.489135,3,2,1,2015-07-20,2,July,14:35:00,14,1,1,30
201501LX50781,-0.090704,51.436029,3,2,1,2015-07-21,3,July,19:00:00,19,1,1,30
201501LX50782,-0.109332,51.43786,3,2,1,2015-07-20,2,July,14:49:00,14,1,1,30
201501LX50783,-0.126262,51.439031,3,1,1,2015-07-17,6,July,12:00:00,12,1,1,30
201501LX50784,-0.125707,51.459615,2,1,2,2015-07-21,3,July,21:25:00,21,1,1,30
201501LX50786,-0.150488,51.466214,3,2,1,2015-07-11,7,July,23:28:00,23,1,1,30
201501LX50788,-0.104298,51.489936,3,1,1,2015-07-23,5,July,18:59:00,18,1,1,30
201501LX50789,-0.10333,51.464651,3,1,1,2015-07-26,1,July,00:44:00,0,1,1,30
201501LX50790,-0.128293,51.459746,3,2,1,2015-07-24,6,July,22:24:00,22,8,2,30
201501LX50791,-0.126567,51.459719,3,3,3,2015-07-26,1,July,10:30:00,10,1,1,30
201501LX50792,-0.132444,51.463859,3,2,1,2015-07-26,1,July,15:14:00,15,2,2,30
201501LX50793,-0.109998,51.484452,3,1,1,2015-07-25,7,July,22:58:00,22,2,2,30
201501LX50795,-0.139041,51.446788,3,1,1,2015-07-05,1,July,08:20:00,8,1,1,30
201501LX50796,-0.105938,51.422518,3,2,1,2015-07-22,4,July,10:08:00,10,1,1,30
201501LX50797,-0.13071,51.425253,3,1,1,2015-07-26,1,July,22:25:00,22,1,2,30
201501LX50800,-0.146822,51.453656,3,2,1,2015-07-20,2,July,17:10:00,17,1,1,30
201501LX50802,-0.143626,51.465026,3,2,1,2015-07-23,5,July,18:08:00,18,1,1,30
201501LX50803,-0.106231,51.439788,3,2,1,2015-07-06,2,July,09:15:00,9,1,1,30
201501LX50804,-0.145804,51.45391,3,2,1,2015-06-10,4,June,18:38:00,18,1,1,30
201501LX50805,-0.12217,51.486177,3,1,1,2015-07-18,7,July,02:35:00,2,1,1,30
201501LX50806,-0.122767,51.419011,3,2,1,2015-07-28,3,July,17:50:00,17,1,1,30
201501LX50807,-0.129803,51.422811,3,2,1,2015-07-28,3,July,12:48:00,12,1,1,30
201501LX50808,-0.110952,51.492741,3,2,1,2015-07-28,3,July,19:50:00,19,1,1,30
201501LX50809,-0.118975,51.469309,2,1,1,2015-07-12,1,July,23:27:00,23,1,1,30
201501LX50810,-0.128077,51.419276,3,1,1,2015-07-27,2,July,22:17:00,22,1,1,30
201501LX50811,-0.126721,51.417276,3,2,1,2015-07-23,5,July,09:57:00,9,1,1,30
201501LX50812,-0.11163,51.479803,3,2,2,2015-07-08,4,July,22:15:00,22,1,1,30
201501LX50813,-0.124989,51.470125,3,2,1,2015-07-29,4,July,10:40:00,10,1,1,30
201501LX50814,-0.119268,51.500698,3,1,1,2015-07-17,6,July,10:56:00,10,1,1,30
201501LX50816,-0.112556,51.481796,3,3,2,2015-07-29,4,July,04:14:00,4,1,1,30
201501LX50817,-0.13098,51.429214,3,1,1,2015-07-20,2,July,13:45:00,13,1,1,30
201501LX50818,-0.112743,51.473795,3,2,1,2015-07-29,4,July,09:20:00,9,1,1,30
201501LX50819,-0.124795,51.443234,2,1,1,2015-08-02,1,August,21:20:00,21,1,1,40
201501LX50821,-0.128066,51.419546,3,2,2,2015-08-02,1,August,04:19:00,4,1,1,30
201501LX50822,-0.114385,51.423463,3,1,1,2015-07-31,6,July,14:15:00,14,1,1,30
201501LX50823,-0.119421,51.468957,3,1,1,2015-07-27,2,July,17:52:00,17,1,1,30
201501LX50824,-0.125461,51.423461,3,1,1,2015-08-02,1,August,13:50:00,13,1,1,30
201501LX50825,-0.108044,51.479475,3,2,1,2015-07-29,4,July,08:55:00,8,1,1,30
201501LX50826,-0.109986,51.502168,3,2,1,2015-07-24,6,July,15:50:00,15,2,2,30
201501LX50827,-0.097525,51.469233,3,2,1,2015-08-03,2,August,00:50:00,0,1,1,30
201501LX50828,-0.114556,51.464742,3,2,1,2015-08-03,2,August,18:03:00,18,1,1,30
201501LX50829,-0.121524,51.459818,3,2,1,2015-08-02,1,August,14:40:00,14,1,1,30
201501LX50830,-0.117253,51.45867,3,3,1,2015-07-31,6,July,06:50:00,6,1,1,30
201501LX50831,-0.123829,51.435215,3,3,3,2015-08-01,7,August,10:15:00,10,1,1,30
201501LX50832,-0.117474,51.4638,3,2,1,2015-08-01,7,August,15:15:00,15,1,1,30
201501LX50833,-0.124704,51.459509,3,2,2,2015-08-02,1,August,20:48:00,20,1,1,30
201501LX50834,-0.112029,51.463173,3,1,1,2015-07-31,6,July,22:45:00,22,1,1,30
201501LX50835,-0.112728,51.470648,3,2,1,2015-08-04,3,August,08:21:00,8,1,1,30
201501LX50836,-0.119897,51.4749,3,1,1,2015-08-04,3,August,07:40:00,7,1,1,30
201501LX50837,-0.115545,51.4617,3,1,1,2015-08-04,3,August,15:00:00,15,1,1,30
201501LX50838,-0.114652,51.504311,3,1,2,2015-07-31,6,July,17:55:00,17,1,1,30
201501LX50839,-0.10602,51.430972,3,2,1,2015-08-05,4,August,11:45:00,11,1,1,30
201501LX50840,-0.100797,51.428549,3,2,1,2015-08-05,4,August,18:47:00,18,1,1,30
201501LX50841,-0.116753,51.477817,3,4,3,2015-08-05,4,August,09:13:00,9,1,1,30
201501LX50843,-0.125288,51.46986,3,2,1,2015-08-03,2,August,07:50:00,7,1,1,30
201501LX50844,-0.13933,51.460911,3,2,1,2015-08-06,5,August,13:47:00,13,1,1,30
201501LX50845,-0.103507,51.45692,3,1,1,2015-08-06,5,August,20:21:00,20,1,1,30
201501LX50846,-0.115619,51.431936,3,2,1,2015-07-27,2,July,15:36:00,15,1,1,30
201501LX50847,-0.120861,51.426894,3,2,2,2015-06-28,1,June,13:25:00,13,2,2,30
201501LX50848,-0.116527,51.486806,3,2,3,2015-08-07,6,August,02:32:00,2,1,1,30
201501LX50849,-0.103168,51.465098,3,1,1,2015-08-07,6,August,01:00:00,1,1,1,30
201501LX50850,-0.129644,51.423168,3,2,1,2015-08-08,7,August,22:40:00,22,1,1,30
201501LX50851,-0.118739,51.468047,3,2,1,2015-08-07,6,August,19:49:00,19,1,1,30
201501LX50852,-0.111635,51.444821,3,2,1,2015-08-08,7,August,18:28:00,18,1,1,30
201501LX50853,-0.124027,51.423348,3,2,1,2015-08-07,6,August,22:00:00,22,1,1,30
201501LX50859,-0.125087,51.443149,3,2,3,2015-08-10,2,August,17:08:00,17,1,1,30
201501LX50861,-0.12234,51.48555,3,2,1,2015-08-08,7,August,06:00:00,6,1,1,30
201501LX50866,-0.130868,51.424896,3,2,1,2015-07-17,6,July,09:13:00,9,1,1,30
201501LX50867,-0.101101,51.466323,2,1,1,2015-08-07,6,August,09:39:00,9,1,1,30
201501LX50868,-0.127414,51.484732,3,2,1,2015-07-30,5,July,14:35:00,14,1,1,30
201501LX50869,-0.1197,51.500705,3,2,1,2015-08-05,4,August,19:40:00,19,1,1,30
201501LX50870,-0.131946,51.447845,3,2,1,2015-08-12,4,August,06:06:00,6,2,2,30
201501LX50871,-0.120249,51.438305,3,2,3,2015-08-11,3,August,08:53:00,8,1,1,30
201501LX50872,-0.096868,51.42273,3,2,1,2015-08-12,4,August,17:15:00,17,1,1,30
201501LX50875,-0.123973,51.435217,3,2,1,2015-08-15,7,August,01:55:00,1,1,1,30
201501LX50876,-0.131319,51.449094,3,2,1,2015-08-03,2,August,21:10:00,21,1,1,30
201501LX50877,-0.129448,51.463182,3,1,1,2015-08-15,7,August,10:35:00,10,1,1,30
201501LX50879,-0.126717,51.417366,3,3,2,2015-08-06,5,August,19:15:00,19,1,1,30
201501LX50880,-0.13516,51.4184,3,2,1,2015-08-03,2,August,07:10:00,7,1,1,30
201501LX50881,-0.144361,51.468185,2,2,1,2015-08-16,1,August,16:09:00,16,1,1,30
201501LX50883,-0.102555,51.431276,3,2,1,2015-08-13,5,August,02:44:00,2,1,1,30
201501LX50884,-0.12255,51.473413,3,2,1,2015-08-14,6,August,16:20:00,16,2,2,30
201501LX50885,-0.12415,51.444932,3,2,1,2015-08-09,1,August,00:22:00,0,1,1,30
201501LX50886,-0.124638,51.415444,2,2,1,2015-08-11,3,August,22:02:00,22,1,1,30
201501LX50887,-0.137704,51.461965,3,2,1,2015-08-14,6,August,17:30:00,17,1,1,30
201501LX50888,-0.116408,51.486174,3,2,1,2015-07-27,2,July,08:20:00,8,1,1,30
201501LX50889,-0.132228,51.440925,3,3,1,2015-08-07,6,August,14:15:00,14,1,1,30
201501LX50891,-0.126717,51.417366,3,2,1,2015-08-13,5,August,14:15:00,14,1,1,30
201501LX50892,-0.118739,51.468047,3,2,1,2015-08-11,3,August,20:40:00,20,1,1,30
201501LX50894,-0.11556,51.461341,3,2,1,2015-08-06,5,August,17:15:00,17,1,1,30
201501LX50895,-0.09289,51.469877,3,2,2,2015-08-17,2,August,17:37:00,17,1,1,30
201501LX50896,-0.141281,51.469575,3,2,1,2015-08-18,3,August,14:15:00,14,1,1,30
201501LX50897,-0.116527,51.486806,3,2,1,2015-08-13,5,August,07:50:00,7,1,1,30
201501LX50898,-0.104294,51.490026,3,1,1,2015-07-31,6,July,08:27:00,8,1,1,30
201501LX50901,-0.103937,51.432647,3,2,1,2015-08-19,4,August,18:55:00,18,2,2,30
201501LX50903,-0.14538,51.453723,2,2,1,2015-08-20,5,August,19:15:00,19,1,1,30
201501LX50904,-0.110139,51.481037,3,1,2,2015-08-17,2,August,17:21:00,17,1,1,30
201501LX50905,-0.101037,51.454002,3,2,1,2015-08-20,5,August,11:15:00,11,1,1,30
201501LX50906,-0.112006,51.498603,3,2,1,2015-08-04,3,August,10:30:00,10,1,1,30
201501LX50907,-0.145775,51.454629,3,2,2,2015-07-03,6,July,21:40:00,21,1,1,30
201501LX50908,-0.124364,51.446734,3,1,1,2015-08-17,2,August,17:12:00,17,1,1,30
201501LX50909,-0.134491,51.463083,3,2,1,2015-08-22,7,August,13:00:00,13,1,1,30
201501LX50911,-0.133322,51.463514,3,1,1,2015-08-19,4,August,23:32:00,23,2,2,30
201501LX50913,-0.141235,51.463639,3,2,1,2015-08-22,7,August,01:30:00,1,1,1,30
201501LX50914,-0.131694,51.439927,3,2,2,2015-08-24,2,August,22:32:00,22,2,2,30
201501LX50915,-0.113006,51.467415,3,1,2,2015-08-20,5,August,06:00:00,6,1,1,30
201501LX50916,-0.12169,51.469802,3,1,1,2015-08-23,1,August,17:57:00,17,1,1,30
201501LX50917,-0.111985,51.464251,3,2,1,2015-08-18,3,August,21:45:00,21,1,1,30
201501LX50918,-0.136634,51.417524,3,2,2,2015-08-15,7,August,22:45:00,22,1,1,30
201501LX50920,-0.10655,51.487724,3,2,1,2015-08-21,6,August,08:35:00,8,1,1,30
201501LX50921,-0.115952,51.500735,3,1,3,2015-08-11,3,August,13:53:00,13,1,1,30
201501LX50922,-0.105389,51.453174,3,2,2,2015-08-23,1,August,23:26:00,23,1,1,30
201501LX50923,-0.111014,51.480782,2,1,1,2015-08-25,3,August,10:10:00,10,1,1,30
201501LX50924,-0.111941,51.461822,3,2,1,2015-08-01,7,August,08:23:00,8,1,1,30
201501LX50925,-0.115707,51.461253,3,1,1,2015-07-17,6,July,12:16:00,12,1,1,30
201501LX50926,-0.13807,51.41404,3,2,1,2015-08-22,7,August,22:17:00,22,1,1,30
201501LX50927,-0.111479,51.47998,3,3,5,2015-08-15,7,August,05:15:00,5,1,2,30
201501LX50928,-0.097011,51.422733,3,2,1,2015-08-24,2,August,17:35:00,17,1,1,30
201501LX50930,-0.090522,51.464533,3,2,1,2015-08-20,5,August,07:20:00,7,1,1,30
201501LX50931,-0.11211,51.478641,3,2,1,2015-08-25,3,August,16:20:00,16,2,2,30
201501LX50932,-0.110126,51.50226,3,2,1,2015-08-06,5,August,08:50:00,8,1,1,30
201501LX50934,-0.093742,51.435629,3,2,1,2015-08-24,2,August,20:35:00,20,1,2,30
201501LX50935,-0.124902,51.444135,3,2,1,2015-08-24,2,August,18:50:00,18,2,2,30
201501LX50936,-0.122218,51.488515,3,1,1,2015-08-24,2,August,09:12:00,9,2,2,30
201501LX50937,-0.111477,51.486994,3,2,1,2015-08-27,5,August,07:15:00,7,1,1,30
201501LX50938,-0.135571,51.471912,3,2,1,2015-08-04,3,August,18:20:00,18,1,1,30
201501LX50939,-0.132144,51.474736,2,1,1,2015-08-29,7,August,22:15:00,22,1,1,30
201501LX50940,-0.139891,51.415238,2,3,3,2015-08-28,6,August,22:22:00,22,1,1,30
201501LX50941,-0.123258,51.477202,3,2,1,2015-08-19,4,August,00:34:00,0,1,1,30
201501LX50942,-0.143839,51.449113,3,2,1,2015-08-19,4,August,17:45:00,17,1,2,30
201501LX50943,-0.112949,51.47227,3,2,1,2015-08-26,4,August,13:00:00,13,2,2,30
201501LX50944,-0.123088,51.449771,3,1,1,2015-08-24,2,August,20:05:00,20,1,1,30
201501LX50946,-0.146516,51.454101,2,2,1,2015-09-01,3,September,15:45:00,15,1,1,30
201501LX50947,-0.119917,51.439379,3,2,2,2015-08-27,5,August,08:14:00,8,1,1,30
201501LX50948,-0.104124,51.435078,3,1,2,2015-08-28,6,August,20:50:00,20,1,1,30
201501LX50949,-0.123731,51.486741,3,2,1,2015-08-21,6,August,07:30:00,7,1,1,30
201501LX50950,-0.092423,51.422388,3,2,1,2015-08-27,5,August,07:00:00,7,1,1,30
201501LX50953,-0.119782,51.481192,3,2,1,2015-08-25,3,August,18:15:00,18,1,1,30
201501LX50955,-0.121402,51.473305,3,2,1,2015-09-03,5,September,06:28:00,6,1,1,30
201501LX50956,-0.116895,51.46388,3,2,1,2015-09-02,4,September,08:10:00,8,1,1,30
201501LX50958,-0.12186,51.45164,3,2,2,2015-08-29,7,August,19:21:00,19,2,2,30
201501LX50959,-0.108339,51.489731,3,2,1,2015-09-02,4,September,06:45:00,6,1,1,30
201501LX50960,-0.104624,51.457747,3,2,1,2015-08-26,4,August,15:20:00,15,2,2,30
201501LX50961,-0.131211,51.42706,2,1,1,2015-09-03,5,September,21:10:00,21,1,1,30
201501LX50962,-0.1075,51.471733,3,2,1,2015-08-06,5,August,14:35:00,14,1,1,30
201501LX50964,-0.103232,51.470494,3,2,1,2015-08-30,1,August,09:55:00,9,1,1,30
201501LX50965,-0.122026,51.486174,3,2,1,2015-08-27,5,August,19:30:00,19,2,2,30
201501LX50966,-0.115124,51.461424,3,1,1,2015-09-02,4,September,17:20:00,17,1,1,30
201501LX50967,-0.12616,51.416907,3,2,4,2015-09-04,6,September,23:27:00,23,1,1,30
201501LX50968,-0.104112,51.435348,2,2,1,2015-09-03,5,September,15:00:00,15,1,1,30
201501LX50969,-0.111377,51.48942,3,1,1,2015-08-28,6,August,23:32:00,23,1,1,30
201501LX50970,-0.106156,51.441586,3,3,1,2015-09-01,3,September,16:50:00,16,1,2,30
201501LX50972,-0.116669,51.465855,2,1,1,2015-09-07,2,September,10:40:00,10,1,1,30
201501LX50973,-0.127781,51.437077,3,2,1,2015-09-03,5,September,06:16:00,6,1,1,30
201501LX50974,-0.123255,51.487813,3,2,1,2015-09-01,3,September,20:15:00,20,2,2,30
201501LX50975,-0.112913,51.487107,3,2,1,2015-09-01,3,September,12:19:00,12,1,1,30
201501LX50977,-0.103987,51.434896,3,2,3,2015-09-07,2,September,00:28:00,0,1,1,30
201501LX50978,-0.124373,51.4149,2,2,1,2015-09-09,4,September,07:05:00,7,1,1,30
201501LX50979,-0.112811,51.461656,3,2,1,2015-09-06,1,September,06:55:00,6,1,1,30
201501LX50980,-0.114357,51.504486,3,1,1,2015-09-08,3,September,21:45:00,21,1,1,30
201501LX50982,-0.113486,51.466254,3,2,2,2015-08-07,6,August,12:10:00,12,1,1,30
201501LX50983,-0.111255,51.461002,3,2,1,2015-07-15,4,July,07:20:00,7,1,1,30
201501LX50984,-0.122159,51.472418,3,2,1,2015-09-12,7,September,10:50:00,10,1,1,30
201501LX50985,-0.141185,51.450689,3,1,1,2015-09-10,5,September,08:20:00,8,1,1,30
201501LX50986,-0.126446,51.43103,3,2,1,2015-09-10,5,September,20:35:00,20,1,1,30
201501LX50987,-0.112913,51.487107,3,2,1,2015-09-14,2,September,08:00:00,8,8,2,30
201501LX50988,-0.127808,51.418822,3,2,1,2015-09-12,7,September,15:47:00,15,1,1,30
201501LX50989,-0.130972,51.429394,3,2,1,2015-09-08,3,September,20:48:00,20,1,1,30
201501LX50990,-0.112746,51.473706,3,2,2,2015-09-11,6,September,14:47:00,14,1,1,30
201501LX50991,-0.124568,51.462834,2,3,1,2015-09-14,2,September,17:49:00,17,1,1,30
201501LX50992,-0.126565,51.484359,3,2,1,2015-09-07,2,September,10:10:00,10,1,1,30
201501LX50993,-0.115146,51.506297,3,1,1,2015-09-08,3,September,07:40:00,7,1,1,30
201501LX50994,-0.120632,51.453509,2,2,1,2015-09-15,3,September,18:17:00,18,1,1,30
201501LX50995,-0.124688,51.442333,2,1,1,2015-09-15,3,September,18:10:00,18,1,1,30
201501LX50996,-0.114906,51.463219,3,2,1,2015-09-09,4,September,14:00:00,14,1,1,30
201501LX50997,-0.101475,51.422625,3,2,1,2015-09-08,3,September,17:20:00,17,1,1,30
201501LX50998,-0.101684,51.466153,3,2,1,2015-09-15,3,September,20:51:00,20,1,2,30
201501LX51000,-0.105089,51.467377,3,1,1,2015-09-16,4,September,16:50:00,16,1,1,30
201501LX51001,-0.124425,51.480368,3,2,1,2015-09-16,4,September,08:08:00,8,1,1,30
201501LX51002,-0.104543,51.466649,3,1,1,2015-09-09,4,September,08:15:00,8,1,1,30
201501LX51003,-0.126771,51.468805,3,1,2,2015-09-17,5,September,08:19:00,8,1,1,30
201501LX51004,-0.110301,51.484098,3,3,1,2015-09-17,5,September,14:15:00,14,1,1,30
201501LX51006,-0.116606,51.502364,3,3,1,2015-09-17,5,September,14:45:00,14,1,1,30
201501LX51007,-0.145919,51.454631,3,2,1,2015-09-19,7,September,13:07:00,13,1,1,30
201501LX51008,-0.144361,51.468185,3,2,1,2015-09-19,7,September,07:39:00,7,1,1,30
201501LX51010,-0.117008,51.499583,3,2,1,2015-09-18,6,September,08:00:00,8,1,1,30
201501LX51011,-0.124544,51.442331,3,2,1,2015-09-17,5,September,11:30:00,11,1,1,30
201501LX51012,-0.113158,51.481176,3,2,1,2015-09-18,6,September,01:00:00,1,1,1,30
201501LX51013,-0.097011,51.422733,3,2,2,2015-09-21,2,September,17:53:00,17,1,1,30
201501LX51014,-0.128275,51.435556,3,2,1,2015-09-17,5,September,12:00:00,12,1,1,30
201501LX51015,-0.121996,51.479879,2,1,1,2015-08-21,6,August,08:05:00,8,1,1,30
201501LX51016,-0.128335,51.42,3,2,1,2015-09-19,7,September,15:15:00,15,1,1,30
201501LX51017,-0.122934,51.474588,3,2,3,2015-08-30,1,August,21:57:00,21,8,2,30
201501LX51020,-0.132605,51.428161,3,1,1,2015-08-28,6,August,16:20:00,16,1,1,30
201501LX51021,-0.139326,51.461001,3,2,2,2015-09-21,2,September,13:13:00,13,2,2,30
201501LX51024,-0.116606,51.502364,3,1,1,2015-09-18,6,September,08:00:00,8,1,1,30
201501LX51025,-0.099806,51.466302,3,1,1,2015-08-15,7,August,15:20:00,15,1,1,30
201501LX51026,-0.089462,51.424408,3,1,1,2015-09-10,5,September,10:00:00,10,1,1,30
201501LX51027,-0.102772,51.422556,3,2,1,2015-09-23,4,September,14:27:00,14,1,1,30
201501LX51028,-0.123222,51.488621,3,2,1,2015-09-07,2,September,17:20:00,17,1,1,30
201501LX51029,-0.10387,51.434265,3,1,1,2015-09-23,4,September,19:05:00,19,1,1,30
201501LX51030,-0.111425,51.505698,3,2,1,2015-09-23,4,September,17:59:00,17,1,1,30
201501LX51031,-0.111311,51.487531,3,1,1,2015-09-24,5,September,15:45:00,15,1,1,30
201501LX51032,-0.106694,51.487726,3,2,1,2015-09-24,5,September,09:50:00,9,2,2,30
201501LX51033,-0.1176,51.460744,3,2,1,2015-09-24,5,September,10:30:00,10,1,1,30
201501LX51034,-0.114952,51.479586,3,2,1,2015-09-25,6,September,12:30:00,12,1,1,30
201501LX51035,-0.111642,51.479533,3,2,1,2015-09-25,6,September,14:35:00,14,1,1,30
201501LX51036,-0.118774,51.491698,3,2,1,2015-09-25,6,September,17:34:00,17,1,1,30
201501LX51037,-0.11101,51.480872,3,2,1,2015-09-25,6,September,13:13:00,13,1,1,30
201501LX51038,-0.114443,51.457007,3,2,1,2015-09-25,6,September,19:05:00,19,1,1,30
201501LX51039,-0.130808,51.454571,3,2,1,2015-09-26,7,September,12:35:00,12,1,1,30
201501LX51040,-0.127645,51.436895,3,2,2,2015-09-26,7,September,22:00:00,22,1,1,30
201501LX51041,-0.126986,51.41782,3,1,1,2015-09-26,7,September,17:25:00,17,1,1,30
201501LX51042,-0.115844,51.461435,2,1,1,2015-09-14,2,September,10:20:00,10,2,2,30
201501LX51044,-0.124834,51.480914,2,1,1,2015-09-25,6,September,23:15:00,23,1,1,30
201501LX51048,-0.129364,51.422984,3,1,1,2015-09-27,1,September,11:50:00,11,1,1,30
201501LX51049,-0.11455,51.499813,3,2,1,2015-09-27,1,September,16:10:00,16,1,1,30
201501LX51050,-0.111474,51.487084,3,1,1,2015-09-29,3,September,08:51:00,8,1,1,30
201501LX51051,-0.117001,51.499762,3,2,1,2015-09-29,3,September,08:45:00,8,1,1,30
201501LX51052,-0.142767,51.457818,3,1,1,2015-09-30,4,September,06:00:00,6,1,1,30
201501LX51053,-0.115711,51.461164,3,2,1,2015-10-01,5,October,00:27:00,0,1,1,30
201501LX51055,-0.103329,51.440371,3,3,1,2015-09-29,3,September,12:40:00,12,1,1,30
201501LX51056,-0.124838,51.484331,3,1,1,2015-09-29,3,September,14:05:00,14,1,1,20
201501LX51057,-0.117059,51.477372,3,2,1,2015-10-01,5,October,08:50:00,8,1,1,30
201501LX51058,-0.122591,51.472425,3,1,1,2015-10-01,5,October,08:40:00,8,1,1,30
201501LX51059,-0.128968,51.432689,3,1,1,2015-10-01,5,October,16:40:00,16,1,1,30
201501LX51060,-0.128229,51.426113,3,2,1,2015-09-26,7,September,01:40:00,1,1,1,30
201501LX51061,-0.131031,51.427956,3,1,1,2015-09-23,4,September,11:23:00,11,1,1,30
201501LX51062,-0.146519,51.454011,3,2,1,2015-09-13,1,September,20:10:00,20,1,1,30
201501LX51063,-0.105108,51.456496,3,3,1,2015-10-02,6,October,08:07:00,8,1,1,30
201501LX51064,-0.124486,51.447276,3,2,1,2015-10-02,6,October,08:25:00,8,1,1,30
201501LX51065,-0.119778,51.481282,3,2,1,2015-09-21,2,September,16:01:00,16,2,2,30
201501LX51066,-0.11663,51.459829,3,2,2,2015-09-27,1,September,00:45:00,0,1,1,30
201501LX51067,-0.108647,51.485779,3,2,1,2015-10-02,6,October,06:55:00,6,1,1,30
201501LX51068,-0.128367,51.433309,3,1,2,2015-09-12,7,September,19:15:00,19,1,1,30
201501LX51069,-0.112875,51.474067,2,2,1,2015-09-15,3,September,11:15:00,11,1,1,30
201501LX51070,-0.126739,51.451988,3,2,1,2015-08-30,1,August,02:00:00,2,1,1,30
201501LX51071,-0.117711,51.458048,3,2,1,2015-10-02,6,October,19:00:00,19,1,1,30
201501LX51072,-0.144673,51.456949,3,1,1,2015-10-04,1,October,14:10:00,14,1,1,30
201501LX51073,-0.112909,51.473258,3,2,1,2015-10-05,2,October,14:45:00,14,2,2,30
201501LX51076,-0.117393,51.458763,3,2,2,2015-10-02,6,October,11:20:00,11,1,1,30
201501LX51077,-0.132512,51.472763,3,2,1,2015-10-04,1,October,13:00:00,13,1,1,30
201501LX51078,-0.118493,51.491513,2,2,1,2015-10-04,1,October,05:50:00,5,1,1,30
201501LX51079,-0.120801,51.459896,3,2,1,2015-09-30,4,September,14:15:00,14,1,1,30
201501LX51082,-0.100802,51.466588,3,2,1,2015-10-05,2,October,12:40:00,12,1,1,30
201501LX51083,-0.104896,51.489406,3,2,1,2015-09-28,2,September,15:46:00,15,1,1,30
201501LX51084,-0.121554,51.473128,3,2,1,2015-09-24,5,September,16:00:00,16,1,1,30
201501LX51085,-0.145696,51.445905,3,2,1,2015-10-05,2,October,13:20:00,13,1,1,30
201501LX51086,-0.111405,51.481777,3,3,1,2015-10-04,1,October,05:27:00,5,1,1,30
201501LX51087,-0.11186,51.460292,3,2,1,2015-08-21,6,August,19:30:00,19,1,1,30
201501LX51088,-0.127528,51.418638,3,4,3,2015-10-06,3,October,12:15:00,12,1,2,30
201501LX51091,-0.11099,51.460458,3,1,1,2015-10-06,3,October,23:00:00,23,1,1,30
201501LX51093,-0.132101,51.447577,3,2,1,2015-10-02,6,October,08:30:00,8,1,1,30
201501LX51094,-0.119253,51.49755,3,2,1,2015-10-08,5,October,08:45:00,8,1,1,30
201501LX51095,-0.128293,51.435107,3,2,1,2015-10-08,5,October,06:36:00,6,1,1,30
201501LX51096,-0.120951,51.49479,3,2,1,2015-10-08,5,October,09:48:00,9,1,1,30
201501LX51097,-0.11301,51.481264,2,2,1,2015-10-08,5,October,16:20:00,16,1,1,30
201501LX51098,-0.111523,51.496347,3,2,1,2015-10-08,5,October,13:30:00,13,1,1,30
201501LX51099,-0.106047,51.468562,3,2,1,2015-09-23,4,September,07:50:00,7,1,1,30
201501LX51100,-0.119811,51.494502,3,2,1,2015-09-30,4,September,07:55:00,7,1,1,30
201501LX51102,-0.113249,51.447545,3,2,1,2015-10-09,6,October,10:46:00,10,1,1,30
201501LX51103,-0.101081,51.47028,3,2,2,2015-10-10,7,October,13:15:00,13,1,1,30
201501LX51105,-0.105609,51.43744,3,2,1,2015-09-08,3,September,07:10:00,7,1,1,30
201501LX51106,-0.121399,51.473395,3,1,1,2015-10-10,7,October,09:30:00,9,1,1,30
201501LX51107,-0.113109,51.447453,3,2,1,2015-10-12,2,October,07:20:00,7,1,1,30
201501LX51109,-0.113186,51.504917,3,2,1,2015-10-02,6,October,00:30:00,0,1,1,30
201501LX51110,-0.102146,51.430729,3,2,3,2015-10-12,2,October,18:10:00,18,1,1,30
201501LX51111,-0.108775,51.440908,3,1,1,2015-10-08,5,October,10:48:00,10,1,1,30
201501LX51112,-0.114145,51.425797,3,1,1,2015-10-02,6,October,16:00:00,16,1,1,30
201501LX51113,-0.137706,51.447756,3,2,1,2015-10-13,3,October,15:14:00,15,1,1,30
201501LX51115,-0.108527,51.502594,3,1,1,2015-10-13,3,October,20:38:00,20,1,1,30
201501LX51116,-0.135017,51.418398,3,2,1,2015-10-11,1,October,21:20:00,21,1,1,30
201501LX51117,-0.107598,51.486752,3,2,1,2015-10-04,1,October,20:50:00,20,1,1,30
201501LX51118,-0.117001,51.499762,3,3,1,2015-10-01,5,October,15:20:00,15,1,1,30
201501LX51119,-0.110944,51.465044,3,1,4,2015-10-14,4,October,14:10:00,14,1,1,30
201501LX51121,-0.130735,51.421117,3,1,1,2015-10-14,4,October,15:55:00,15,1,2,30
201501LX51123,-0.09819,51.439388,3,2,1,2015-10-07,4,October,18:02:00,18,1,1,30
201501LX51124,-0.132914,51.469982,3,2,1,2015-10-11,1,October,17:35:00,17,1,1,30
201501LX51125,-0.124576,51.48019,3,2,1,2015-10-15,5,October,08:30:00,8,1,1,30
201501LX51126,-0.112578,51.498702,3,2,1,2015-10-15,5,October,10:20:00,10,1,1,30
201501LX51127,-0.110973,51.467832,3,3,1,2015-10-06,3,October,11:15:00,11,1,1,30
201501LX51129,-0.117457,51.443206,3,2,1,2015-10-15,5,October,06:45:00,6,1,1,30
201501LX51130,-0.116162,51.502627,3,2,1,2015-10-15,5,October,19:47:00,19,1,1,30
201501LX51131,-0.130832,51.464553,3,1,1,2015-10-09,6,October,22:30:00,22,1,1,30
201501LX51132,-0.109703,51.484627,3,1,1,2015-10-19,2,October,08:15:00,8,1,1,30
201501LX51134,-0.131142,51.428767,3,1,2,2015-10-17,7,October,11:50:00,11,1,1,30
201501LX51135,-0.115217,51.459177,3,2,1,2015-10-12,2,October,17:20:00,17,1,1,30
201501LX51136,-0.106504,51.440152,3,1,1,2015-09-23,4,September,06:00:00,6,1,1,30
201501LX51137,-0.112177,51.445639,3,2,1,2015-10-16,6,October,22:51:00,22,1,1,30
201501LX51138,-0.115952,51.500735,3,2,2,2015-10-18,1,October,23:34:00,23,1,1,30
201501LX51139,-0.132591,51.463772,3,1,1,2015-10-15,5,October,17:00:00,17,1,1,30
201501LX51140,-0.129537,51.422267,3,2,2,2015-10-19,2,October,21:59:00,21,1,1,30
201501LX51141,-0.148164,51.466717,3,2,1,2015-10-20,3,October,16:05:00,16,1,1,30
201501LX51144,-0.114438,51.464111,3,3,1,2015-10-03,7,October,03:30:00,3,1,1,30
201501LX51145,-0.111656,51.482681,3,2,1,2015-10-21,4,October,20:19:00,20,1,2,30
201501LX51146,-0.092283,51.439562,3,2,1,2015-10-18,1,October,04:30:00,4,1,1,30
201501LX51147,-0.115855,51.461166,3,2,1,2015-10-18,1,October,11:10:00,11,1,1,30
201501LX51148,-0.112578,51.498702,3,1,1,2015-10-22,5,October,17:30:00,17,1,1,30
201501LX51149,-0.093885,51.435631,3,2,1,2015-10-22,5,October,18:16:00,18,1,1,30
201501LX51152,-0.118104,51.476489,3,2,1,2015-10-20,3,October,18:30:00,18,1,1,30
201501LX51153,-0.112567,51.498972,3,1,1,2015-10-22,5,October,21:28:00,21,1,1,30
201501LX51154,-0.132739,51.463684,3,2,1,2015-10-21,4,October,14:30:00,14,2,2,30
201501LX51155,-0.137117,51.462225,3,3,1,2015-10-23,6,October,19:25:00,19,1,1,30
201501LX51156,-0.111631,51.444911,3,3,1,2015-10-27,3,October,07:26:00,7,1,1,30
201501LX51157,-0.129156,51.45976,3,2,1,2015-09-30,4,September,21:00:00,21,1,1,30
201501LX51158,-0.118251,51.476402,3,2,1,2015-10-21,4,October,17:40:00,17,1,1,30
201501LX51159,-0.121059,51.492184,3,1,1,2015-10-20,3,October,08:20:00,8,1,1,30
201501LX51160,-0.101141,51.451486,3,2,1,2015-10-18,1,October,22:20:00,22,1,1,30
201501LX51161,-0.125888,51.416543,3,2,1,2015-10-23,6,October,13:14:00,13,1,1,30
201501LX51163,-0.148891,51.466548,3,1,1,2015-10-23,6,October,15:30:00,15,1,1,30
201501LX51164,-0.100298,51.464872,3,1,1,2015-10-24,7,October,18:46:00,18,1,1,30
201501LX51165,-0.1211,51.452617,3,2,1,2015-10-21,4,October,13:30:00,13,1,1,30
201501LX51167,-0.119105,51.455643,2,2,4,2015-10-18,1,October,08:35:00,8,1,1,30
201501LX51168,-0.144361,51.468185,3,2,1,2015-10-28,4,October,19:45:00,19,1,1,30
201501LX51169,-0.120134,51.448105,3,1,1,2015-10-29,5,October,22:27:00,22,1,1,30
201501LX51172,-0.115534,51.46197,2,1,1,2015-10-27,3,October,15:00:00,15,1,1,30
201501LX51173,-0.111163,51.491126,3,2,2,2015-10-29,5,October,07:49:00,7,1,1,30
201501LX51174,-0.121901,51.471694,3,1,1,2015-10-30,6,October,16:05:00,16,1,1,30
201501LX51175,-0.14648,51.469208,3,2,1,2015-10-26,2,October,15:30:00,15,1,1,30
201501LX51176,-0.124423,51.445296,3,4,1,2015-10-29,5,October,07:13:00,7,1,1,30
201501LX51177,-0.119811,51.494502,3,1,1,2015-10-29,5,October,08:28:00,8,1,2,30
201501LX51178,-0.116806,51.46253,2,1,1,2015-08-02,1,August,18:20:00,18,1,1,30
201501LX51180,-0.123402,51.477204,3,2,1,2015-10-29,5,October,06:32:00,6,1,1,30
201501LX51181,-0.112578,51.498702,3,2,1,2015-10-25,1,October,10:15:00,10,1,1,30
201501LX51182,-0.099491,51.439229,2,2,1,2015-10-21,4,October,09:05:00,9,2,2,30
201501LX51184,-0.130681,51.46473,3,2,1,2015-10-28,4,October,06:44:00,6,1,1,30
201501LX51185,-0.104105,51.491102,3,1,2,2015-06-09,3,June,08:00:00,8,1,1,30
201501LX51187,-0.116983,51.426742,3,2,1,2015-09-17,5,September,16:05:00,16,1,1,30
201501LX51188,-0.10391,51.433276,3,1,1,2015-11-01,1,November,02:11:00,2,1,1,30
201501LX51189,-0.107569,51.463101,3,2,2,2015-10-30,6,October,20:58:00,20,1,1,30
201501LX51190,-0.125558,51.484342,3,1,1,2015-11-01,1,November,17:30:00,17,1,1,30
201501LX51191,-0.138197,51.449832,3,2,1,2015-09-29,3,September,09:20:00,9,1,1,30
201501LX51192,-0.121418,51.451903,3,2,1,2015-08-05,4,August,11:40:00,11,1,1,30
201501LX51193,-0.100089,51.476828,3,2,1,2015-11-02,2,November,09:00:00,9,1,1,30
201501LX51194,-0.128475,51.420092,3,2,1,2015-09-15,3,September,08:29:00,8,2,2,30
201501LX51195,-0.104106,51.43202,3,1,1,2015-11-03,3,November,04:37:00,4,1,1,30
201501LX51197,-0.083712,51.424315,3,2,1,2015-10-26,2,October,18:57:00,18,1,1,30
201501LX51198,-0.114206,51.480204,3,2,1,2015-11-04,4,November,04:30:00,4,2,2,30
201501LX51199,-0.121355,51.470966,3,1,1,2015-11-02,2,November,12:30:00,12,1,1,30
201501LX51200,-0.086009,51.427859,3,1,1,2015-11-03,3,November,08:25:00,8,1,1,30
201501LX51202,-0.114593,51.463843,3,1,1,2015-11-04,4,November,13:06:00,13,1,2,30
201501LX51204,-0.126918,51.468717,3,2,1,2015-11-03,3,November,09:21:00,9,1,1,30
201501LX51205,-0.1098,51.440475,3,2,1,2015-11-04,4,November,08:20:00,8,1,1,30
201501LX51206,-0.10024,51.476651,2,2,1,2015-11-04,4,November,13:15:00,13,1,1,30
201501LX51209,-0.116975,51.500392,3,2,1,2015-11-05,5,November,12:47:00,12,1,1,30
201501LX51210,-0.109989,51.502078,3,2,1,2015-10-31,7,October,00:45:00,0,1,1,30
201501LX51213,-0.113398,51.478842,3,2,1,2015-11-08,1,November,13:00:00,13,1,1,30
201501LX51214,-0.137563,51.461872,3,1,1,2015-10-31,7,October,22:40:00,22,1,1,30
201501LX51215,-0.117356,51.466675,3,2,1,2015-11-06,6,November,23:12:00,23,1,1,30
201501LX51216,-0.145516,51.446801,3,2,1,2015-11-06,6,November,08:40:00,8,2,2,30
201501LX51217,-0.111659,51.482591,3,2,1,2015-11-06,6,November,09:00:00,9,1,1,30
201501LX51219,-0.116324,51.456767,3,1,1,2015-11-07,7,November,19:30:00,19,8,2,30
201501LX51220,-0.124438,51.444937,3,1,1,2015-11-06,6,November,21:11:00,21,1,2,30
201501LX51222,-0.143531,51.467363,3,2,1,2015-11-02,2,November,11:55:00,11,1,1,30
201501LX51223,-0.113649,51.441347,3,3,2,2015-11-04,4,November,17:30:00,17,1,1,30
201501LX51225,-0.103005,51.465545,3,2,1,2015-11-10,3,November,19:45:00,19,1,1,30
201501LX51226,-0.119284,51.48631,3,1,1,2015-05-06,4,May,13:00:00,13,1,1,30
201501LX51227,-0.122151,51.434019,2,3,1,2015-11-10,3,November,17:45:00,17,1,1,30
201501LX51229,-0.111233,51.503357,3,1,1,2015-10-20,3,October,10:30:00,10,1,1,30
201501LX51230,-0.145919,51.454631,3,2,1,2015-11-08,1,November,19:28:00,19,1,1,30
201501LX51231,-0.112809,51.472178,3,2,1,2015-11-11,4,November,22:39:00,22,1,1,30
201501LX51232,-0.099676,51.438243,2,1,1,2015-11-09,2,November,09:40:00,9,1,1,30
201501LX51233,-0.124346,51.447184,3,1,1,2015-11-05,5,November,22:00:00,22,1,1,30
201501LX51234,-0.134491,51.463083,3,2,1,2015-11-02,2,November,07:50:00,7,1,1,30
201501LX51235,-0.113007,51.481353,3,1,1,2015-11-05,5,November,14:18:00,14,1,1,30
201501LX51236,-0.12936,51.423074,3,3,1,2015-10-14,4,October,11:58:00,11,1,1,30
201501LX51237,-0.106096,51.488256,3,2,2,2015-11-03,3,November,16:15:00,16,1,1,30
201501LX51238,-0.114906,51.463219,3,1,1,2015-11-11,4,November,09:39:00,9,1,1,30
201501LX51239,-0.117542,51.486642,3,2,1,2015-11-07,7,November,13:14:00,13,2,2,30
201501LX51240,-0.143111,51.452878,3,2,1,2015-10-13,3,October,19:30:00,19,1,2,30
201501LX51241,-0.121901,51.471694,2,1,1,2015-11-05,5,November,17:30:00,17,1,1,30
201501LX51242,-0.096299,51.457163,3,2,2,2015-11-07,7,November,21:40:00,21,1,1,30
201501LX51243,-0.105468,51.437348,3,1,1,2015-11-09,2,November,20:20:00,20,4,1,30
201501LX51244,-0.107864,51.462926,3,2,1,2015-11-10,3,November,21:12:00,21,1,1,30
201501LX51245,-0.101434,51.447894,3,1,1,2015-11-12,5,November,07:37:00,7,1,1,30
201501LX51246,-0.145808,51.45382,3,2,1,2015-11-14,7,November,12:27:00,12,2,2,30
201501LX51247,-0.117357,51.452647,2,2,1,2015-11-13,6,November,16:30:00,16,1,1,30
201501LX51249,-0.135256,51.430182,3,2,1,2015-11-13,6,November,09:14:00,9,1,1,30
201501LX51250,-0.119101,51.455733,2,1,1,2015-11-16,2,November,06:50:00,6,1,1,30
201501LX51251,-0.116162,51.502627,3,2,1,2015-11-15,1,November,00:37:00,0,1,2,30
201501LX51252,-0.112476,51.476759,3,2,1,2015-10-14,4,October,23:36:00,23,1,1,30
201501LX51253,-0.108045,51.486399,3,1,1,2015-11-03,3,November,14:00:00,14,1,1,30
201501LX51254,-0.144361,51.468185,3,2,1,2015-11-16,2,November,16:45:00,16,9,1,30
201501LX51255,-0.144365,51.468095,3,2,1,2015-11-13,6,November,17:26:00,17,1,2,30
201501LX51256,-0.139769,51.460738,3,1,1,2015-11-12,5,November,07:09:00,7,1,1,30
201501LX51257,-0.102122,51.452132,3,1,1,2015-11-14,7,November,16:20:00,16,2,2,30
201501LX51258,-0.109396,51.485072,3,1,1,2015-11-17,3,November,08:10:00,8,1,1,30
201501LX51259,-0.132172,51.470509,3,2,1,2015-11-14,7,November,20:50:00,20,2,2,30
201501LX51260,-0.12358,51.486919,3,2,1,2015-11-16,2,November,15:45:00,15,1,1,30
201501LX51261,-0.123063,51.488979,3,2,1,2015-11-17,3,November,09:04:00,9,1,1,30
201501LX51262,-0.124834,51.480914,3,1,1,2015-11-16,2,November,07:40:00,7,1,2,30
201501LX51263,-0.11299,51.453836,3,1,1,2015-11-17,3,November,19:56:00,19,1,1,30
201501LX51264,-0.113637,51.504474,3,2,1,2015-11-17,3,November,22:00:00,22,2,2,30
201501LX51265,-0.104533,51.45298,3,2,1,2015-11-14,7,November,19:05:00,19,1,1,30
201501LX51266,-0.133501,51.45911,3,2,1,2015-11-18,4,November,10:30:00,10,1,1,30
201501LX51267,-0.117782,51.484308,3,1,1,2015-11-16,2,November,13:10:00,13,1,1,30
201501LX51268,-0.106561,51.45616,3,2,3,2015-11-15,1,November,14:30:00,14,1,1,30
201501LX51269,-0.118698,51.476049,3,1,1,2015-11-16,2,November,15:13:00,15,1,1,30
201501LX51270,-0.131131,51.429037,2,1,1,2015-11-16,2,November,23:02:00,23,2,2,30
201501LX51271,-0.110157,51.484095,3,1,1,2015-11-04,4,November,17:56:00,17,1,2,30
201501LX51273,-0.11539,51.461968,3,1,1,2015-11-21,7,November,13:50:00,13,4,1,30
201501LX51274,-0.098569,51.468351,3,2,1,2015-11-17,3,November,21:20:00,21,2,2,30
201501LX51275,-0.136534,51.462396,3,1,1,2015-11-21,7,November,12:30:00,12,1,1,30
201501LX51277,-0.112674,51.468489,3,2,1,2015-11-11,4,November,07:20:00,7,1,1,30
201501LX51279,-0.148395,51.464562,3,2,1,2015-11-23,2,November,16:45:00,16,1,1,30
201501LX51281,-0.121115,51.424201,3,2,1,2015-11-23,2,November,08:13:00,8,1,1,30
201501LX51282,-0.100089,51.476828,3,2,1,2015-11-10,3,November,15:45:00,15,1,1,30
201501LX51283,-0.111531,51.464783,3,2,1,2015-11-23,2,November,10:50:00,10,1,1,30
201501LX51284,-0.104465,51.430317,3,3,2,2015-11-24,3,November,22:20:00,22,1,1,30
201501LX51285,-0.130537,51.464728,3,2,1,2015-11-10,3,November,18:30:00,18,1,1,30
201501LX51286,-0.128216,51.433487,3,2,1,2015-11-21,7,November,12:10:00,12,5,2,30
201501LX51287,-0.125848,51.459707,3,2,1,2015-11-19,5,November,18:25:00,18,1,2,30
201501LX51288,-0.131193,51.427509,3,2,1,2015-11-19,5,November,12:27:00,12,2,2,30
201501LX51290,-0.144361,51.468185,3,2,1,2015-11-23,2,November,06:50:00,6,1,4,30
201501LX51291,-0.122026,51.486174,3,1,1,2015-11-19,5,November,19:35:00,19,1,2,30
201501LX51292,-0.112646,51.476132,3,2,1,2015-11-09,2,November,08:05:00,8,1,1,30
201501LX51293,-0.107353,51.503114,3,2,1,2015-11-21,7,November,07:39:00,7,2,2,30
201501LX51294,-0.1106,51.483833,3,2,1,2015-11-25,4,November,12:20:00,12,1,1,30
201501LX51295,-0.111642,51.479533,3,2,1,2015-11-25,4,November,23:58:00,23,1,1,30
201501LX51296,-0.113061,51.48702,3,1,1,2015-10-16,6,October,11:55:00,11,4,1,30
201501LX51297,-0.125076,51.443418,3,2,1,2015-11-23,2,November,18:50:00,18,1,1,30
201501LX51299,-0.115017,51.505935,3,2,1,2015-11-27,6,November,22:30:00,22,2,2,30
201501LX51301,-0.129496,51.462014,3,2,1,2015-11-30,2,November,09:12:00,9,1,1,30
201501LX51303,-0.123391,51.449416,3,1,1,2015-11-28,7,November,14:45:00,14,1,1,30
201501LX51304,-0.130537,51.464728,3,2,1,2015-11-30,2,November,07:14:00,7,1,2,30
201501LX51305,-0.106953,51.453649,3,1,1,2015-11-25,4,November,09:01:00,9,8,2,30
201501LX51306,-0.103487,51.478232,3,2,1,2015-11-29,1,November,18:44:00,18,1,1,30
201501LX51307,-0.122638,51.450214,3,2,1,2015-11-28,7,November,21:30:00,21,1,1,30
201501LX51308,-0.122782,51.450216,3,2,1,2015-11-27,6,November,08:29:00,8,2,2,30
201501LX51309,-0.134347,51.46308,3,1,1,2015-11-29,1,November,04:00:00,4,8,2,30
201501LX51310,-0.14054,51.441776,3,2,1,2015-11-28,7,November,20:10:00,20,1,1,30
201501LX51311,-0.126433,51.417272,3,1,1,2015-11-27,6,November,18:20:00,18,1,2,30
201501LX51312,-0.106113,51.470451,2,2,1,2015-11-29,1,November,22:00:00,22,1,1,30
201501LX51313,-0.130537,51.464728,3,2,1,2015-11-16,2,November,12:00:00,12,9,1,30
201501LX51314,-0.124391,51.470655,3,2,1,2015-11-29,1,November,17:55:00,17,1,1,30
201501LX51315,-0.105804,51.488341,2,2,1,2015-11-25,4,November,17:55:00,17,1,1,30
201501LX51316,-0.129379,51.422624,3,2,1,2015-11-20,6,November,17:20:00,17,1,1,30
201501LX51317,-0.108789,51.440549,3,1,1,2015-11-26,5,November,17:40:00,17,1,1,30
201501LX51319,-0.122314,51.472151,3,2,1,2015-11-20,6,November,09:45:00,9,1,1,30
201501LX51320,-0.119004,51.475605,3,2,1,2015-11-23,2,November,18:30:00,18,1,1,30
201501LX51321,-0.110478,51.455414,3,1,1,2015-11-25,4,November,07:50:00,7,1,1,30
201501LX51322,-0.125639,51.44019,3,2,2,2015-11-25,4,November,05:45:00,5,1,1,30
201501LX51323,-0.117182,51.498866,3,2,1,2015-12-01,3,December,18:51:00,18,1,1,30
201501LX51325,-0.113801,51.455108,3,2,2,2015-11-27,6,November,19:15:00,19,1,1,30
201501LX51327,-0.095034,51.470272,3,2,1,2015-11-02,2,November,08:55:00,8,1,1,30
201501LX51328,-0.095206,51.435023,3,2,1,2015-11-25,4,November,22:48:00,22,1,1,30
201501LX51329,-0.148383,51.461324,3,2,1,2015-11-28,7,November,15:20:00,15,8,1,30
201501LX51331,-0.134903,51.460032,3,1,1,2015-12-06,1,December,19:50:00,19,1,1,30
201501LX51332,-0.135636,51.431447,3,2,1,2015-12-04,6,December,17:35:00,17,1,1,30
201501LX51333,-0.116873,51.460912,2,1,1,2015-12-04,6,December,11:45:00,11,1,1,30
201501LX51334,-0.125435,51.469772,3,2,1,2015-12-05,7,December,11:55:00,11,4,2,30
201501LX51336,-0.116104,51.500557,3,1,1,2015-12-03,5,December,13:04:00,13,1,1,20
201501LX51337,-0.120559,51.437771,3,2,1,2015-12-01,3,December,16:38:00,16,1,1,30
201501LX51338,-0.102256,51.473176,3,2,1,2015-11-20,6,November,09:25:00,9,1,1,30
201501LX51339,-0.128125,51.442748,3,2,1,2015-12-06,1,December,17:20:00,17,2,2,30
201501LX51340,-0.111944,51.479178,3,2,1,2015-11-27,6,November,07:05:00,7,2,2,30
201501LX51341,-0.147375,51.461309,3,2,1,2015-11-25,4,November,16:00:00,16,1,1,30
201501LX51344,-0.148958,51.461333,3,2,1,2015-10-26,2,October,14:00:00,14,1,1,30
201501LX51345,-0.101972,51.448802,2,1,1,2015-12-07,2,December,14:45:00,14,1,1,30
201501LX51346,-0.097312,51.439734,3,2,1,2015-12-07,2,December,07:40:00,7,1,1,30
201501LX51347,-0.135221,51.462824,2,1,2,2015-11-28,7,November,19:35:00,19,1,1,30
201501LX51348,-0.12436,51.446824,3,1,1,2015-11-27,6,November,15:00:00,15,1,1,30
201501LX51349,-0.124034,51.486386,3,2,1,2015-11-27,6,November,17:50:00,17,1,1,30
201501LX51350,-0.116669,51.465855,3,2,3,2015-08-15,7,August,19:40:00,19,1,1,30
201501LX51351,-0.111412,51.481598,3,2,2,2015-11-29,1,November,00:30:00,0,1,1,30
201501LX51353,-0.117401,51.458583,3,2,1,2015-12-09,4,December,06:44:00,6,1,1,30
201501LX51354,-0.122151,51.434019,3,2,1,2015-12-09,4,December,06:08:00,6,1,1,30
201501LX51355,-0.136243,51.462481,3,1,1,2015-12-07,2,December,14:50:00,14,1,1,30
201501LX51356,-0.112711,51.481529,3,1,1,2015-12-10,5,December,11:40:00,11,1,1,30
201501LX51357,-0.094995,51.42279,3,2,2,2015-12-10,5,December,09:00:00,9,1,1,30
201501LX51359,-0.111219,51.500209,3,2,1,2015-12-06,1,December,18:54:00,18,1,1,30
201501LX51360,-0.097669,51.469235,3,2,1,2015-11-25,4,November,12:23:00,12,1,1,30
201501LX51361,-0.131255,51.425981,3,2,1,2015-12-05,7,December,13:05:00,13,1,1,40
201501LX51362,-0.117636,51.498334,3,2,1,2015-12-05,7,December,16:40:00,16,1,1,30
201501LX51363,-0.110838,51.505958,3,2,1,2015-12-04,6,December,11:45:00,11,1,1,30
201501LX51364,-0.107219,51.440254,3,1,1,2015-12-11,6,December,00:58:00,0,1,1,30
201501LX51365,-0.09837,51.424643,3,1,1,2015-12-12,7,December,00:35:00,0,1,1,30
201501LX51366,-0.122794,51.474496,3,2,1,2015-12-10,5,December,07:25:00,7,1,1,30
201501LX51367,-0.135567,51.472002,3,3,2,2015-12-12,7,December,13:50:00,13,1,1,30
201501LX51368,-0.138208,51.470785,3,2,1,2015-12-13,1,December,00:22:00,0,1,1,30
201501LX51369,-0.103984,51.434986,3,2,1,2015-12-14,2,December,16:41:00,16,1,1,30
201501LX51370,-0.124247,51.470653,3,2,1,2015-09-28,2,September,09:08:00,9,1,1,30
201501LX51373,-0.130857,51.425166,3,2,3,2015-12-09,4,December,16:30:00,16,1,1,30
201501LX51375,-0.103566,51.465914,3,1,1,2015-11-21,7,November,22:30:00,22,1,1,30
201501LX51376,-0.128336,51.479801,3,2,2,2015-12-10,5,December,17:50:00,17,2,2,30
201501LX51377,-0.117359,51.466586,3,1,1,2015-12-08,3,December,15:03:00,15,1,1,30
201501LX51378,-0.119016,51.468321,3,2,1,2015-12-06,1,December,03:00:00,3,1,1,30
201501LX51379,-0.132044,51.441911,3,2,1,2015-12-15,3,December,17:21:00,17,1,1,30
201501LX51380,-0.111519,51.496437,2,2,1,2015-12-15,3,December,05:40:00,5,1,1,30
201501LX51381,-0.126301,51.417,3,2,1,2015-11-24,3,November,22:28:00,22,1,1,30
201501LX51382,-0.137995,51.461879,3,1,2,2015-12-01,3,December,15:58:00,15,1,2,30
201501LX51383,-0.124567,51.441792,3,2,1,2015-12-16,4,December,12:00:00,12,1,1,30
201501LX51384,-0.112806,51.472268,3,2,1,2015-12-16,4,December,21:55:00,21,1,1,30
201501LX51385,-0.128669,51.432954,3,1,1,2015-12-17,5,December,15:31:00,15,1,1,50
201501LX51386,-0.142914,51.457731,3,2,1,2015-12-17,5,December,17:10:00,17,1,1,30
201501LX51389,-0.130201,51.423627,3,2,1,2015-12-11,6,December,08:38:00,8,1,1,30
201501LX51390,-0.129304,51.459673,3,2,3,2015-12-20,1,December,06:05:00,6,1,1,30
201501LX51392,-0.11117,51.490946,3,1,1,2015-12-12,7,December,12:50:00,12,1,1,30
201501LX51393,-0.121407,51.452172,3,2,1,2015-12-19,7,December,17:55:00,17,1,1,30
201501LX51394,-0.12916,51.45967,3,2,1,2015-12-19,7,December,01:17:00,1,9,1,30
201501LX51395,-0.125676,51.484974,3,2,1,2015-12-03,5,December,11:35:00,11,1,1,30
201501LX51396,-0.124943,51.443147,3,1,2,2015-12-14,2,December,14:45:00,14,1,1,30
201501LX51397,-0.093765,51.428165,3,1,1,2015-12-19,7,December,17:49:00,17,1,1,30
201501LX51398,-0.132991,51.439858,3,2,1,2015-12-15,3,December,12:00:00,12,1,1,30
201501LX51400,-0.110433,51.501815,2,2,1,2015-12-21,2,December,17:32:00,17,1,1,30
201501LX51401,-0.097898,51.439473,3,2,1,2015-12-21,2,December,11:30:00,11,1,1,30
201501LX51402,-0.117589,51.454,3,2,1,2015-12-04,6,December,16:50:00,16,1,1,30
201501LX51403,-0.112476,51.476759,3,1,1,2015-12-09,4,December,01:00:00,1,1,1,30
201501LX51404,-0.124821,51.442605,2,1,1,2015-12-08,3,December,08:15:00,8,1,1,30
201501LX51405,-0.114443,51.457007,2,1,1,2015-12-13,1,December,02:30:00,2,1,1,30
201501LX51406,-0.134006,51.414964,3,2,1,2015-12-22,3,December,12:18:00,12,1,1,30
201501LX51407,-0.112899,51.501405,3,2,1,2015-11-28,7,November,18:22:00,18,1,1,30
201501LX51408,-0.133633,51.427638,3,2,1,2015-10-12,2,October,22:30:00,22,1,1,30
201501LX51409,-0.101066,51.429003,2,2,2,2015-12-26,7,December,15:00:00,15,1,1,30
201501LX51410,-0.103896,51.433635,3,1,1,2015-12-30,4,December,20:28:00,20,2,2,30
201501LX51412,-0.145469,51.455073,3,2,2,2015-12-27,1,December,22:25:00,22,1,1,30
201501LX51413,-0.135608,51.460403,3,2,2,2015-12-24,5,December,20:50:00,20,1,1,30
201501LX51415,-0.123398,51.449237,3,3,3,2015-12-25,6,December,20:48:00,20,1,1,30
201501LX51417,-0.111986,51.443298,3,2,1,2015-12-27,1,December,10:46:00,10,1,1,30
201501LX51418,-0.149825,51.461257,3,3,2,2015-12-23,4,December,18:00:00,18,1,1,30
201501LX51419,-0.112625,51.469657,3,1,1,2015-12-23,4,December,07:10:00,7,1,1,30
201501LX51420,-0.109991,51.442816,3,1,1,2015-12-28,2,December,12:03:00,12,1,1,30
201501LX51423,-0.113844,51.499442,3,1,1,2015-12-17,5,December,07:55:00,7,1,1,30
201501LX51424,-0.126518,51.450366,3,2,1,2015-12-31,5,December,19:30:00,19,1,1,30
201501LX51425,-0.148338,51.473104,3,2,1,2015-12-11,6,December,13:20:00,13,1,1,30
201501LX51426,-0.101331,51.464259,3,1,1,2015-12-28,2,December,08:50:00,8,1,1,30
201501LX51427,-0.112571,51.498882,3,2,1,2015-12-25,6,December,17:34:00,17,1,1,30
201501LX51428,-0.106308,51.441408,3,2,1,2015-12-23,4,December,12:05:00,12,1,1,30
201501LX51431,-0.11909,51.456002,3,2,1,2015-12-08,3,December,13:52:00,13,9,1,30
201501LX51433,-0.11402,51.425346,3,2,1,2015-12-31,5,December,20:33:00,20,9,1,30
201501LX51434,-0.122941,51.449859,3,2,1,2015-12-30,4,December,09:13:00,9,1,1,30
201501LX51435,-0.124642,51.415354,3,1,1,2015-12-23,4,December,13:35:00,13,1,1,30
201501LX51437,-0.112603,51.470196,2,2,1,2015-12-31,5,December,21:24:00,21,1,2,30
201501LX51441,-0.112549,51.481976,3,2,1,2015-12-01,3,December,17:30:00,17,1,1,30
201501LX51444,-0.145775,51.454629,3,2,1,2015-12-22,3,December,08:45:00,8,2,2,30
201501LX51445,-0.124567,51.445299,3,2,1,2015-12-18,6,December,17:00:00,17,1,1,30
201501LX51446,-0.120675,51.494516,3,1,1,2015-12-10,5,December,14:20:00,14,1,1,30
201501LX51447,-0.090564,51.435937,3,1,1,2015-12-21,2,December,10:00:00,10,9,2,30
201501LX51449,-0.112288,51.477835,3,2,1,2015-12-29,3,December,12:52:00,12,9,1,30
201501LX51451,-0.141136,51.466066,3,2,1,2015-12-23,4,December,00:06:00,0,2,2,30
201501LX51452,-0.103994,51.427792,3,3,1,2015-12-12,7,December,03:30:00,3,1,1,30
201501LX51455,-0.114906,51.463219,3,2,1,2015-12-31,5,December,22:30:00,22,1,2,30
201501LX51457,-0.130674,51.429659,3,2,1,2015-12-17,5,December,00:40:00,0,1,1,30
201501LX51459,-0.125178,51.486584,2,2,2,2015-09-10,5,September,08:50:00,8,1,1,30
201501LX51460,-0.11333,51.504919,3,2,1,2015-12-31,5,December,07:15:00,7,1,1,30
201501LX51462,-0.112553,51.481886,3,2,1,2015-10-01,5,October,08:15:00,8,1,1,30
201501LX51464,-0.111951,51.46506,3,1,1,2015-10-15,5,October,21:30:00,21,1,1,30
201501LX51465,-0.108352,51.485955,2,1,1,2015-12-21,2,December,07:15:00,7,1,1,30
201501LX51467,-0.140071,51.460384,3,2,1,2015-09-16,4,September,07:50:00,7,1,1,30
201501LX51472,-0.101687,51.452214,3,1,2,2015-12-12,7,December,11:04:00,11,1,1,30
201501LX51473,-0.110683,51.502718,3,1,1,2015-12-13,1,December,14:45:00,14,1,1,30
201501LX51478,-0.131784,51.448292,2,1,1,2015-12-25,6,December,12:00:00,12,1,1,30
201501LX51485,-0.144365,51.468095,3,2,1,2015-12-31,5,December,12:10:00,12,1,1,30
201501LX51487,-0.122944,51.449769,3,2,1,2015-10-24,7,October,22:50:00,22,1,2,30
201501LX59003,-0.112571,51.498882,3,2,1,2015-12-20,1,December,20:10:00,20,1,1,30
201501LX59004,-0.137848,51.461967,3,2,2,2015-12-27,1,December,04:00:00,4,1,1,30
201501LX59010,-0.145505,51.461279,3,1,2,2015-12-31,5,December,11:15:00,11,1,1,30
201501LX59021,-0.135513,51.462739,2,1,1,2015-12-31,5,December,20:00:00,20,1,1,30
201501LX59028,-0.116975,51.500392,3,2,1,2015-12-18,6,December,01:50:00,1,1,1,30
201501LX59029,-0.1211,51.47366,3,1,1,2015-11-10,3,November,15:10:00,15,1,1,30
201501LX59042,-0.133917,51.427732,3,1,1,2015-11-15,1,November,19:40:00,19,2,2,30
201501LX59046,-0.123059,51.47504,3,1,2,2015-12-17,5,December,18:30:00,18,2,2,30
201501LX59049,-0.126126,51.484531,3,2,1,2015-12-29,3,December,19:20:00,19,1,1,30
201501LX59052,-0.108647,51.485779,3,2,1,2015-12-03,5,December,08:43:00,8,1,1,30
201501LX59100,-0.135479,51.4247,3,2,1,2015-12-09,4,December,18:25:00,18,1,1,30
201501MM70001,-0.076708,51.488317,3,1,1,2015-01-11,1,January,11:20:00,11,1,1,30
201501MM70002,-0.061604,51.464058,3,2,1,2015-01-12,2,January,20:59:00,20,2,2,30
201501MM70003,-0.080551,51.496294,3,2,1,2015-01-11,1,January,14:33:00,14,1,1,30
201501MM70008,-0.09833,51.494875,3,2,1,2015-01-15,5,January,03:18:00,3,5,2,30
201501MM70014,-0.068559,51.469839,3,1,1,2015-01-07,4,January,12:06:00,12,1,1,30
201501MM70016,-0.093707,51.484818,3,1,1,2015-01-12,2,January,17:10:00,17,2,2,30
201501MM70017,-0.061189,51.473853,3,1,1,2015-01-05,2,January,08:01:00,8,1,1,30
201501MM70018,-0.098162,51.491995,3,1,1,2015-01-11,1,January,04:20:00,4,1,1,30
201501MM70019,-0.077387,51.489318,3,2,1,2015-01-08,5,January,14:00:00,14,1,1,30
201501MM70020,-0.093378,51.47546,3,1,1,2015-01-01,5,January,19:41:00,19,1,1,30
201501MM70021,-0.075318,51.476874,3,1,1,2015-01-11,1,January,11:38:00,11,1,1,30
201501MM70023,-0.099988,51.493103,3,1,1,2015-01-15,5,January,15:30:00,15,1,1,30
201501MM70025,-0.100312,51.495716,3,2,1,2015-01-16,6,January,14:53:00,14,1,1,30
201501MM70026,-0.078841,51.458137,2,2,1,2015-01-18,1,January,20:55:00,20,1,4,30
201501MM70027,-0.0572,51.479633,3,2,1,2015-01-16,6,January,08:05:00,8,1,1,30
201501MM70028,-0.067936,51.484576,3,2,2,2015-01-16,6,January,13:40:00,13,1,1,30
201501MM70029,-0.082759,51.491744,3,2,1,2015-01-19,2,January,16:41:00,16,1,1,30
201501MM70030,-0.103549,51.497567,3,1,2,2015-01-19,2,January,17:00:00,17,1,1,30
201501MM70031,-0.103767,51.478417,3,2,1,2015-01-10,7,January,18:30:00,18,1,1,30
201501MM70035,-0.082271,51.496502,3,1,1,2015-01-20,3,January,07:46:00,7,1,1,30
201501MM70037,-0.094455,51.480694,3,2,1,2015-01-13,3,January,07:27:00,7,2,2,30
201501MM70038,-0.060381,51.492905,3,2,1,2015-01-21,4,January,12:38:00,12,2,2,30
201501MM70039,-0.063204,51.473887,3,1,1,2015-01-15,5,January,15:40:00,15,1,1,30
201501MM70040,-0.100043,51.495262,3,2,1,2015-01-21,4,January,17:25:00,17,1,1,30
201501MM70042,-0.073576,51.473788,3,2,1,2015-01-26,2,January,04:20:00,4,2,2,30
201501MM70043,-0.057484,51.479727,2,2,1,2015-01-23,6,January,11:30:00,11,1,1,30
201501MM70044,-0.05509,51.498752,3,2,1,2015-01-23,6,January,15:50:00,15,1,1,30
201501MM70046,-0.080105,51.503481,3,2,1,2015-01-22,5,January,09:55:00,9,1,1,30
201501MM70048,-0.094235,51.479071,3,1,2,2015-01-16,6,January,15:49:00,15,1,1,30
201501MM70049,-0.089692,51.505076,3,2,1,2015-01-15,5,January,23:50:00,23,1,1,30
201501MM70050,-0.102371,51.480822,3,1,1,2015-01-23,6,January,17:30:00,17,1,1,30
201501MM70051,-0.070082,51.49855,2,2,1,2015-01-10,7,January,20:45:00,20,1,1,30
201501MM70052,-0.042642,51.490002,3,2,1,2015-01-20,3,January,09:10:00,9,1,1,30
201501MM70053,-0.066729,51.472236,3,1,1,2015-01-14,4,January,16:00:00,16,1,1,30
201501MM70054,-0.095755,51.504815,3,2,1,2015-01-13,3,January,19:06:00,19,1,1,30
201501MM70055,-0.074472,51.449073,2,2,2,2015-01-15,5,January,00:15:00,0,5,5,30
201501MM70056,-0.109138,51.498287,3,1,1,2015-01-16,6,January,17:11:00,17,2,2,30
201501MM70057,-0.107875,51.497457,3,2,1,2015-01-18,1,January,07:50:00,7,1,2,30
201501MM70058,-0.052832,51.490891,3,2,1,2015-01-07,4,January,11:45:00,11,1,1,30
201501MM70060,-0.072477,51.48618,3,2,1,2015-01-27,3,January,16:05:00,16,1,1,30
201501MM70061,-0.097002,51.49908,3,2,1,2015-01-19,2,January,10:00:00,10,1,1,30
201501MM70063,-0.092998,51.474195,3,2,1,2015-01-24,7,January,22:31:00,22,4,1,30
201501MM70067,-0.071652,51.461346,3,2,1,2015-01-24,7,January,17:30:00,17,4,1,30
201501MM70068,-0.061899,51.467301,3,2,1,2015-01-29,5,January,08:00:00,8,1,2,30
201501MM70069,-0.033495,51.501719,2,1,1,2015-01-29,5,January,06:18:00,6,1,2,30
201501MM70070,-0.098474,51.494877,3,1,1,2015-01-26,2,January,00:35:00,0,1,1,30
201501MM70073,-0.076241,51.424102,3,2,1,2015-01-30,6,January,17:20:00,17,1,1,30
201501MM70074,-0.096893,51.456723,3,2,1,2015-01-27,3,January,19:35:00,19,4,1,30
201501MM70077,-0.100125,51.493285,2,1,1,2015-01-30,6,January,19:15:00,19,1,1,30
201501MM70079,-0.099401,51.472591,3,2,1,2015-01-22,5,January,11:00:00,11,1,1,30
201501MM70080,-0.103549,51.497567,3,2,1,2015-01-30,6,January,21:44:00,21,1,1,30
201501MM70085,-0.086684,51.494326,3,2,1,2015-02-04,4,February,14:12:00,14,1,1,30
201501MM70087,-0.090167,51.486829,3,2,1,2015-02-05,5,February,20:05:00,20,1,1,30
201501MM70088,-0.09613,51.475056,3,1,1,2015-02-05,5,February,06:55:00,6,2,2,30
201501MM70089,-0.097002,51.49908,3,2,1,2015-01-25,1,January,16:48:00,16,1,1,30
201501MM70090,-0.100848,51.493207,3,2,1,2015-02-05,5,February,15:40:00,15,1,1,30
201501MM70091,-0.067372,51.484297,3,2,1,2015-02-07,7,February,03:14:00,3,1,1,30
201501MM70092,-0.066376,51.484011,3,2,2,2015-01-21,4,January,08:23:00,8,1,1,30
201501MM70093,-0.063923,51.473899,3,2,1,2015-02-02,2,February,08:45:00,8,1,1,30
201501MM70094,-0.065463,51.485165,3,2,1,2015-02-06,6,February,11:40:00,11,1,1,30
201501MM70095,-0.097633,51.452778,3,2,1,2015-01-23,6,January,07:30:00,7,1,1,30
201501MM70096,-0.058428,51.450697,3,1,2,2015-01-31,7,January,01:36:00,1,1,1,30
201501MM70097,-0.093916,51.476368,3,2,1,2015-01-27,3,January,19:00:00,19,1,1,30
201501MM70098,-0.092812,51.447574,3,2,1,2015-01-08,5,January,09:15:00,9,2,2,30
201501MM70099,-0.074185,51.449068,3,2,3,2015-02-08,1,February,14:58:00,14,1,1,30
201501MM70100,-0.08956,51.47378,3,3,1,2015-02-08,1,February,06:00:00,6,1,1,30
201501MM70102,-0.073905,51.493307,3,1,1,2015-01-21,4,January,08:30:00,8,1,2,30
201501MM70103,-0.050087,51.494442,3,2,1,2015-02-09,2,February,07:52:00,7,1,2,30
201501MM70104,-0.0755,51.486229,3,1,1,2015-02-10,3,February,08:30:00,8,1,2,30
201501MM70106,-0.074212,51.486028,3,1,1,2015-02-10,3,February,09:10:00,9,1,1,30
201501MM70108,-0.098474,51.494877,3,2,1,2015-01-09,6,January,20:50:00,20,4,1,30
201501MM70109,-0.092631,51.500268,3,1,1,2015-02-10,3,February,08:15:00,8,1,1,30
201501MM70110,-0.106558,51.5049,3,1,1,2015-02-09,2,February,07:05:00,7,1,1,30
201501MM70112,-0.05394,51.458086,3,1,1,2015-01-09,6,January,02:00:00,2,5,2,30
201501MM70113,-0.08362,51.481506,3,2,2,2015-01-08,5,January,20:43:00,20,1,1,30
201501MM70114,-0.088551,51.491029,3,2,1,2015-02-06,6,February,20:53:00,20,1,2,30
201501MM70115,-0.093809,51.492733,3,1,1,2015-02-09,2,February,12:25:00,12,1,1,30
201501MM70116,-0.060466,51.473931,3,1,1,2015-02-12,5,February,15:00:00,15,1,1,30
201501MM70117,-0.069862,51.456011,3,2,1,2015-01-11,1,January,17:45:00,17,1,1,30
201501MM70118,-0.095813,51.49996,3,1,1,2015-01-10,7,January,13:30:00,13,1,1,30
201501MM70119,-0.099886,51.499037,2,2,1,2015-01-08,5,January,08:00:00,8,2,2,30
201501MM70120,-0.054888,51.47303,3,2,1,2015-01-07,4,January,17:40:00,17,1,2,30
201501MM70121,-0.077251,51.502804,3,2,1,2015-02-04,4,February,09:50:00,9,1,1,30
201501MM70122,-0.080819,51.428134,3,2,1,2015-02-07,7,February,14:30:00,14,1,1,30
201501MM70124,-0.075241,51.458168,3,2,1,2015-01-02,6,January,12:00:00,12,1,1,30
201501MM70125,-0.085008,51.489622,3,1,1,2015-01-08,5,January,07:35:00,7,1,1,30
201501MM70126,-0.080413,51.48586,3,2,1,2015-01-16,6,January,18:15:00,18,2,2,30
201501MM70127,-0.063923,51.473899,3,2,1,2015-02-13,6,February,12:00:00,12,1,1,30
201501MM70128,-0.104595,51.503609,2,2,1,2015-02-13,6,February,21:50:00,21,2,2,30
201501MM70129,-0.095761,51.494294,3,2,1,2015-02-13,6,February,19:30:00,19,1,1,30
201501MM70131,-0.078121,51.48897,3,1,2,2015-02-16,2,February,19:20:00,19,2,2,30
201501MM70133,-0.09776,51.491269,3,3,3,2015-02-08,1,February,15:40:00,15,1,1,30
201501MM70135,-0.074042,51.486655,3,2,2,2015-02-13,6,February,13:43:00,13,2,2,30
201501MM70136,-0.100409,51.49338,3,2,1,2015-02-10,3,February,23:38:00,23,1,1,30
201501MM70137,-0.078401,51.42063,3,3,1,2015-02-17,3,February,16:10:00,16,1,1,30
201501MM70139,-0.098046,51.49478,3,1,2,2015-02-17,3,February,07:30:00,7,1,1,30
201501MM70140,-0.063923,51.473899,3,2,1,2015-02-12,5,February,15:20:00,15,1,1,30
201501MM70141,-0.044868,51.491838,3,2,1,2015-01-23,6,January,00:10:00,0,1,1,30
201501MM70142,-0.061574,51.495352,3,2,1,2015-01-26,2,January,06:40:00,6,1,2,30
201501MM70147,-0.104051,51.478511,3,2,1,2015-02-12,5,February,09:40:00,9,1,1,30
201501MM70148,-0.075083,51.48928,3,2,1,2015-02-02,2,February,09:15:00,9,1,1,30
201501MM70149,-0.101036,51.495638,3,2,1,2015-02-13,6,February,10:15:00,10,1,1,30
201501MM70150,-0.071217,51.454595,3,2,1,2015-02-14,7,February,00:30:00,0,1,1,30
201501MM70152,-0.062031,51.467573,3,2,1,2015-02-21,7,February,23:12:00,23,1,1,30
201501MM70154,-0.074344,51.465797,3,2,1,2015-02-21,7,February,12:10:00,12,1,1,30
201501MM70156,-0.096661,51.489992,3,1,2,2015-01-15,5,January,18:15:00,18,4,2,30
201501MM70157,-0.08916,51.500571,3,2,1,2015-02-07,7,February,10:15:00,10,1,1,30
201501MM70163,-0.076432,51.488043,3,2,1,2015-02-21,7,February,19:50:00,19,1,1,30
201501MM70164,-0.099622,51.494986,3,1,1,2015-02-01,1,February,03:45:00,3,2,2,30
201501MM70165,-0.063099,51.469569,3,2,1,2015-02-18,4,February,09:55:00,9,1,1,30
201501MM70166,-0.092886,51.494157,3,2,1,2015-02-23,2,February,16:05:00,16,1,1,30
201501MM70168,-0.090168,51.44888,3,2,1,2015-02-26,5,February,00:15:00,0,2,2,30
201501MM70170,-0.078661,51.50013,3,2,1,2015-02-18,4,February,23:30:00,23,1,1,30
201501MM70172,-0.076563,51.426715,3,3,3,2015-02-27,6,February,13:30:00,13,1,1,30
201501MM70173,-0.075321,51.459698,2,2,1,2015-02-16,2,February,08:51:00,8,1,1,30
201501MM70174,-0.094175,51.504699,3,2,1,2015-02-12,5,February,09:30:00,9,1,2,30
201501MM70175,-0.066663,51.484016,3,1,1,2015-03-01,1,March,14:09:00,14,1,1,30
201501MM70177,-0.079383,51.458955,3,1,1,2015-03-01,1,March,13:45:00,13,1,1,30
201501MM70178,-0.066704,51.462614,3,3,2,2015-03-01,1,March,01:39:00,1,1,1,30
201501MM70180,-0.103418,51.483357,3,1,1,2015-03-01,1,March,16:45:00,16,1,1,30
201501MM70181,-0.071292,51.473301,3,2,1,2015-02-10,3,February,20:00:00,20,1,1,30
201501MM70182,-0.104498,51.505946,3,2,1,2015-02-25,4,February,08:48:00,8,1,2,30
201501MM70183,-0.075591,51.48749,3,2,1,2015-02-12,5,February,07:55:00,7,1,1,30
201501MM70184,-0.085229,51.494662,3,1,1,2015-03-04,4,March,08:45:00,8,1,1,30
201501MM70185,-0.107879,51.497367,3,2,1,2015-01-15,5,January,07:10:00,7,1,1,30
201501MM70187,-0.05509,51.498752,3,2,1,2015-02-24,3,February,15:40:00,15,1,1,30
201501MM70188,-0.104593,51.507116,3,2,1,2015-02-16,2,February,08:45:00,8,1,1,30
201501MM70189,-0.076436,51.487953,3,2,2,2015-02-17,3,February,14:38:00,14,1,1,30
201501MM70190,-0.094429,51.481323,3,2,1,2015-03-04,4,March,14:03:00,14,1,1,30
201501MM70191,-0.100933,51.494647,3,2,1,2015-02-18,4,February,08:15:00,8,1,1,30
201501MM70192,-0.104785,51.499026,3,2,1,2015-02-28,7,February,14:52:00,14,1,1,30
201501MM70196,-0.101827,51.483511,3,2,1,2015-03-08,1,March,11:15:00,11,1,1,30
201501MM70197,-0.100951,51.494198,3,1,1,2015-03-06,6,March,14:40:00,14,1,1,30
201501MM70198,-0.079774,51.49763,3,1,1,2015-03-08,1,March,09:20:00,9,1,1,30
201501MM70200,-0.077706,51.502272,3,1,1,2015-03-06,6,March,08:00:00,8,1,1,30
201501MM70201,-0.097046,51.494584,2,1,1,2015-03-05,5,March,08:14:00,8,1,1,30
201501MM70202,-0.073769,51.493125,3,2,1,2015-03-08,1,March,20:34:00,20,1,1,30
201501MM70203,-0.057323,51.47334,3,2,1,2015-03-06,6,March,07:05:00,7,1,1,30
201501MM70204,-0.084555,51.493572,3,2,1,2015-02-19,5,February,18:20:00,18,2,2,30
201501MM70205,-0.061318,51.460636,3,2,1,2015-01-15,5,January,08:40:00,8,1,2,30
201501MM70206,-0.089164,51.500481,3,2,1,2015-03-10,3,March,16:25:00,16,1,1,30
201501MM70207,-0.081364,51.490642,3,2,1,2015-03-11,4,March,08:00:00,8,1,1,30
201501MM70208,-0.096127,51.475145,3,1,1,2015-03-11,4,March,15:00:00,15,1,1,30
201501MM70209,-0.078183,51.501201,3,2,1,2015-03-05,5,March,06:30:00,6,1,1,30
201501MM70210,-0.074328,51.44907,3,2,1,2015-01-04,1,January,16:50:00,16,1,1,30
201501MM70211,-0.100175,51.495534,3,2,1,2015-03-02,2,March,15:50:00,15,1,1,30
201501MM70212,-0.077734,51.474216,3,1,1,2015-02-13,6,February,23:00:00,23,2,2,30
201501MM70213,-0.101634,51.495108,3,2,1,2015-02-24,3,February,17:20:00,17,1,1,30
201501MM70214,-0.075005,51.429567,3,1,1,2015-03-15,1,March,11:37:00,11,1,1,30
201501MM70215,-0.095201,51.487001,3,1,1,2015-03-14,7,March,12:00:00,12,1,1,30
201501MM70216,-0.095751,51.504905,3,2,1,2015-03-13,6,March,14:24:00,14,1,1,30
201501MM70217,-0.084797,51.494655,3,2,1,2015-03-14,7,March,17:48:00,17,1,1,30
201501MM70219,-0.104695,51.501183,3,2,1,2015-03-13,6,March,15:40:00,15,1,1,30
201501MM70220,-0.09928,51.506671,3,1,1,2015-03-13,6,March,11:36:00,11,1,1,30
201501MM70226,-0.064535,51.483261,3,1,1,2015-03-17,3,March,13:55:00,13,1,1,30
201501MM70227,-0.094452,51.480784,3,1,1,2015-03-09,2,March,17:45:00,17,1,1,30
201501MM70228,-0.103343,51.495586,2,2,1,2015-03-17,3,March,09:15:00,9,1,1,30
201501MM70229,-0.086309,51.441353,2,2,1,2015-03-11,4,March,07:39:00,7,1,1,30
201501MM70230,-0.057344,51.479635,3,2,1,2015-03-04,4,March,20:30:00,20,1,1,30
201501MM70231,-0.073545,51.477924,2,1,1,2015-03-15,1,March,00:35:00,0,1,1,30
201501MM70233,-0.094347,51.500566,3,2,1,2015-03-17,3,March,10:30:00,10,1,1,30
201501MM70235,-0.079027,51.433141,3,2,1,2015-03-21,7,March,12:58:00,12,1,1,30
201501MM70236,-0.055461,51.490035,2,2,1,2015-03-15,1,March,11:00:00,11,1,1,30
201501MM70237,-0.094097,51.492738,3,2,1,2015-03-16,2,March,09:30:00,9,1,1,30
201501MM70238,-0.086693,51.473463,3,2,1,2015-03-23,2,March,21:48:00,21,1,1,30
201501MM70239,-0.055605,51.490038,3,2,1,2015-03-11,4,March,22:45:00,22,1,1,30
201501MM70240,-0.094448,51.480873,3,2,1,2015-03-17,3,March,17:50:00,17,1,1,30
201501MM70243,-0.086931,51.495319,3,2,1,2015-03-07,7,March,09:10:00,9,1,1,30
201501MM70244,-0.105604,51.479256,3,2,1,2015-03-24,3,March,18:40:00,18,1,1,30
201501MM70245,-0.064639,51.474,3,2,1,2015-03-19,5,March,22:03:00,22,1,1,30
201501MM70247,-0.08241,51.438232,3,2,1,2015-02-28,7,February,10:30:00,10,1,1,30
201501MM70249,-0.077599,51.453441,3,2,1,2015-03-25,4,March,08:25:00,8,1,1,30
201501MM70251,-0.067461,51.492392,2,3,2,2015-02-19,5,February,15:25:00,15,2,2,30
201501MM70253,-0.092092,51.461411,2,1,1,2015-03-28,7,March,10:29:00,10,1,1,30
201501MM70255,-0.072739,51.46631,3,2,1,2015-03-28,7,March,11:21:00,11,1,1,30
201501MM70256,-0.089395,51.436368,3,1,1,2015-03-03,3,March,15:35:00,15,1,1,30
201501MM70263,-0.072535,51.447242,3,2,2,2015-03-31,3,March,11:20:00,11,4,1,30
201501MM70266,-0.102607,51.506365,3,2,1,2015-03-21,7,March,16:00:00,16,1,1,30
201501MM70267,-0.064639,51.474,3,2,1,2015-03-27,6,March,19:45:00,19,1,1,30
201501MM70268,-0.101346,51.495104,3,2,1,2015-03-28,7,March,07:40:00,7,1,1,30
201501MM70269,-0.070137,51.473372,3,2,7,2015-04-03,6,April,05:25:00,5,1,2,30
201501MM70270,-0.100058,51.494903,3,2,1,2015-04-02,5,April,18:40:00,18,1,1,30
201501MM70271,-0.069359,51.454294,3,1,1,2015-04-02,5,April,14:10:00,14,1,1,30
201501MM70272,-0.046137,51.492488,3,1,1,2015-04-07,3,April,21:45:00,21,1,1,30
201501MM70273,-0.091882,51.494051,3,2,1,2015-03-26,5,March,14:00:00,14,1,1,30
201501MM70274,-0.089444,51.500666,3,2,1,2015-04-03,6,April,13:43:00,13,2,2,30
201501MM70275,-0.082241,51.462869,3,2,1,2015-04-07,3,April,22:19:00,22,1,1,30
201501MM70276,-0.091033,51.504019,3,2,1,2015-04-03,6,April,13:15:00,13,1,1,30
201501MM70278,-0.092349,51.469059,3,1,1,2015-04-01,4,April,10:33:00,10,1,1,30
201501MM70279,-0.10135,51.495014,3,2,1,2015-03-31,3,March,19:45:00,19,1,2,30
201501MM70280,-0.072292,51.473497,3,2,1,2015-04-05,1,April,15:50:00,15,1,1,30
201501MM70281,-0.103549,51.497567,3,1,1,2015-03-06,6,March,13:10:00,13,1,1,30
201501MM70282,-0.074988,51.460772,3,2,1,2015-03-12,5,March,17:15:00,17,1,1,30
201501MM70283,-0.099622,51.494986,3,2,1,2015-03-18,4,March,20:00:00,20,1,1,30
201501MM70285,-0.097345,51.487395,3,2,1,2015-03-27,6,March,08:55:00,8,1,1,30
201501MM70286,-0.094491,51.500568,3,1,1,2015-03-23,2,March,16:32:00,16,1,1,30
201501MM70287,-0.045884,51.491675,3,2,1,2015-04-05,1,April,13:21:00,13,1,1,30
201501MM70288,-0.094491,51.500568,3,1,1,2015-03-03,3,March,09:15:00,9,4,1,30
201501MM70289,-0.078805,51.500132,3,2,1,2015-03-25,4,March,17:30:00,17,1,1,30
201501MM70290,-0.06045,51.491287,3,2,1,2015-03-16,2,March,11:25:00,11,1,2,30
201501MM70292,-0.067318,51.49239,2,2,1,2015-04-08,4,April,22:30:00,22,1,1,30
201501MM70293,-0.064783,51.474003,3,2,1,2015-04-09,5,April,18:00:00,18,1,1,30
201501MM70294,-0.066372,51.484101,3,2,1,2015-03-25,4,March,20:04:00,20,1,1,30
201501MM70295,-0.094188,51.483657,3,3,2,2015-04-11,7,April,23:13:00,23,1,1,30
201501MM70296,-0.093521,51.475463,3,2,1,2015-03-21,7,March,13:00:00,13,1,1,30
201501MM70297,-0.066268,51.442283,3,2,1,2015-04-08,4,April,18:05:00,18,1,1,30
201501MM70299,-0.075003,51.474081,3,1,1,2015-03-28,7,March,11:12:00,11,1,1,30
201501MM70300,-0.065287,51.492716,3,2,1,2015-04-10,6,April,09:30:00,9,1,1,30
201501MM70301,-0.093953,51.492736,3,2,1,2015-02-26,5,February,19:00:00,19,1,1,30
201501MM70303,-0.06072,51.498486,3,2,1,2015-04-15,4,April,14:00:00,14,1,1,30
201501MM70304,-0.067668,51.443206,3,2,1,2015-04-16,5,April,18:04:00,18,1,1,30
201501MM70305,-0.065352,51.491188,3,3,1,2015-04-17,6,April,16:00:00,16,1,1,30
201501MM70307,-0.094343,51.48339,2,1,1,2015-04-16,5,April,22:20:00,22,1,1,30
201501MM70309,-0.053856,51.497293,3,2,1,2015-04-15,4,April,08:40:00,8,1,1,30
201501MM70310,-0.084236,51.473693,3,1,2,2015-04-19,1,April,19:00:00,19,1,1,30
201501MM70313,-0.080656,51.49036,2,2,1,2015-04-20,2,April,12:05:00,12,1,1,30
201501MM70314,-0.072977,51.464066,3,2,1,2015-03-18,4,March,18:30:00,18,1,1,30
201501MM70316,-0.101038,51.50598,3,1,2,2015-04-22,4,April,11:58:00,11,1,1,30
201501MM70317,-0.069782,51.471567,3,2,1,2015-03-24,3,March,14:15:00,14,1,1,30
201501MM70318,-0.079404,51.479009,3,2,1,2015-03-25,4,March,04:40:00,4,1,1,30
201501MM70319,-0.077857,51.502095,3,1,1,2015-04-12,1,April,01:26:00,1,1,1,30
201501MM70320,-0.100417,51.4932,2,3,1,2015-04-23,5,April,10:40:00,10,1,1,30
201501MM70321,-0.070604,51.445232,3,2,1,2015-02-11,4,February,16:04:00,16,1,1,30
201501MM70323,-0.075339,51.448997,3,2,1,2015-04-19,1,April,22:18:00,22,1,1,30
201501MM70324,-0.093927,51.476099,3,2,1,2015-04-26,1,April,18:16:00,18,1,1,30
201501MM70325,-0.05518,51.472945,3,2,1,2015-04-26,1,April,21:35:00,21,1,1,30
201501MM70326,-0.089132,51.473683,3,2,1,2015-04-24,6,April,08:50:00,8,1,1,30
201501MM70327,-0.07883,51.489251,3,2,1,2015-03-03,3,March,19:30:00,19,1,1,30
201501MM70328,-0.082869,51.495972,3,2,1,2015-03-17,3,March,13:35:00,13,1,1,30
201501MM70329,-0.084348,51.46758,3,2,1,2015-03-18,4,March,22:45:00,22,1,1,30
201501MM70330,-0.101213,51.494832,3,1,1,2015-04-18,7,April,15:07:00,15,1,1,30
201501MM70332,-0.078269,51.488883,2,1,1,2015-04-27,2,April,14:47:00,14,1,1,30
201501MM70333,-0.091027,51.459325,3,2,1,2015-04-06,2,April,18:50:00,18,1,1,30
201501MM70334,-0.080805,51.497107,3,1,1,2015-04-24,6,April,07:00:00,7,1,1,30
201501MM70335,-0.078834,51.489162,3,2,1,2015-04-01,4,April,22:15:00,22,2,2,30
201501MM70338,-0.090882,51.504196,3,1,2,2015-01-23,6,January,13:30:00,13,1,1,30
201501MM70340,-0.063435,51.492236,3,2,1,2015-02-17,3,February,17:00:00,17,1,1,30
201501MM70341,-0.077715,51.474665,3,1,1,2015-04-27,2,April,08:09:00,8,1,1,30
201501MM70342,-0.096127,51.475145,3,2,1,2015-04-22,4,April,11:05:00,11,1,1,30
201501MM70343,-0.045223,51.456592,3,2,1,2015-04-29,4,April,18:04:00,18,1,1,30
201501MM70344,-0.083553,51.424672,3,1,1,2015-04-29,4,April,08:15:00,8,1,1,30
201501MM70346,-0.09534,51.445637,3,2,1,2015-04-29,4,April,15:02:00,15,1,1,30
201501MM70347,-0.054693,51.497936,3,2,1,2015-04-30,5,April,18:20:00,18,1,1,30
201501MM70348,-0.077706,51.502272,3,2,1,2015-04-30,5,April,18:25:00,18,1,1,30
201501MM70349,-0.07759,51.474213,3,2,2,2015-04-30,5,April,18:10:00,18,1,1,30
201501MM70351,-0.084929,51.505268,3,1,1,2015-05-02,7,May,00:09:00,0,1,1,30
201501MM70352,-0.10023,51.497693,3,2,1,2015-05-03,1,May,22:35:00,22,1,1,30
201501MM70353,-0.080417,51.48577,3,2,1,2015-05-04,2,May,21:50:00,21,2,2,30
201501MM70354,-0.057674,51.488813,3,2,1,2015-04-14,3,April,09:54:00,9,1,1,30
201501MM70356,-0.075087,51.48919,3,2,1,2015-04-18,7,April,21:45:00,21,1,1,30
201501MM70357,-0.089688,51.505166,3,2,1,2015-04-25,7,April,12:23:00,12,1,1,30
201501MM70358,-0.082267,51.496592,3,2,1,2015-04-27,2,April,15:15:00,15,1,1,30
201501MM70359,-0.102771,51.495486,2,1,1,2015-04-28,3,April,22:08:00,22,1,1,30
201501MM70360,-0.077561,51.488601,3,2,2,2015-05-02,7,May,13:25:00,13,1,1,30
201501MM70361,-0.092862,51.474013,3,1,1,2015-05-02,7,May,19:38:00,19,1,1,30
201501MM70362,-0.069499,51.454387,3,2,1,2015-04-30,5,April,21:00:00,21,1,1,30
201501MM70363,-0.053869,51.483444,3,2,1,2015-05-07,5,May,00:20:00,0,1,1,30
201501MM70364,-0.091882,51.494051,2,2,1,2015-05-06,4,May,17:10:00,17,1,1,30
201501MM70366,-0.09237,51.475444,3,1,1,2015-04-28,3,April,14:30:00,14,1,1,30
201501MM70367,-0.083756,51.495447,3,2,1,2015-03-29,1,March,04:44:00,4,1,1,30
201501MM70368,-0.087066,51.505843,3,1,1,2015-05-07,5,May,14:10:00,14,1,1,30
201501MM70369,-0.094243,51.478892,3,2,1,2015-05-07,5,May,15:44:00,15,1,1,30
201501MM70370,-0.104505,51.505766,2,1,1,2015-05-06,4,May,10:38:00,10,1,1,30
201501MM70371,-0.088228,51.502175,3,2,1,2015-04-25,7,April,05:55:00,5,1,1,30
201501MM70372,-0.097878,51.4919,3,2,1,2015-05-11,2,May,11:40:00,11,1,1,30
201501MM70373,-0.095673,51.499868,3,2,1,2015-05-09,7,May,20:00:00,20,1,1,30
201501MM70374,-0.0928,51.472034,3,4,3,2015-05-09,7,May,21:18:00,21,1,1,30
201501MM70375,-0.101036,51.495638,3,2,1,2015-05-10,1,May,18:17:00,18,1,1,30
201501MM70376,-0.093301,51.473841,3,2,1,2015-04-13,2,April,16:40:00,16,1,1,30
201501MM70378,-0.069499,51.454387,3,2,1,2015-05-12,3,May,17:21:00,17,1,1,30
201501MM70379,-0.095529,51.499865,3,1,1,2015-04-08,4,April,09:45:00,9,1,1,30
201501MM70380,-0.070633,51.48552,3,2,1,2015-04-09,5,April,07:29:00,7,1,1,30
201501MM70381,-0.066226,51.473937,3,1,3,2015-05-14,5,May,17:40:00,17,2,2,30
201501MM70382,-0.09643,51.474791,3,2,1,2015-04-14,3,April,12:15:00,12,1,1,30
201501MM70383,-0.060312,51.467364,3,2,1,2015-04-30,5,April,22:30:00,22,1,1,30
201501MM70384,-0.100229,51.476921,3,2,1,2015-05-17,1,May,11:19:00,11,1,1,30
201501MM70386,-0.056449,51.449854,3,2,1,2015-04-17,6,April,22:46:00,22,1,1,30
201501MM70387,-0.058545,51.498809,3,2,1,2015-05-14,5,May,19:30:00,19,2,2,30
201501MM70388,-0.068224,51.484581,3,1,1,2015-05-16,7,May,03:23:00,3,1,1,30
201501MM70389,-0.089396,51.505251,3,2,1,2015-04-28,3,April,10:15:00,10,1,1,30
201501MM70390,-0.092283,51.474094,3,2,1,2015-05-11,2,May,00:05:00,0,1,1,30
201501MM70391,-0.084163,51.502918,2,1,1,2015-04-29,4,April,07:36:00,7,1,1,30
201501MM70393,-0.093836,51.48518,3,1,1,2015-05-14,5,May,12:45:00,12,2,2,30
201501MM70394,-0.059676,51.468793,3,2,1,2015-04-20,2,April,16:40:00,16,1,1,30
201501MM70395,-0.057821,51.488726,3,2,1,2015-04-16,5,April,15:00:00,15,1,1,30
201501MM70396,-0.086634,51.505836,3,2,1,2015-04-16,5,April,14:30:00,14,1,1,30
201501MM70399,-0.074189,51.486567,3,1,1,2015-05-08,6,May,09:00:00,9,1,1,30
201501MM70400,-0.078404,51.420541,3,1,3,2015-05-19,3,May,15:56:00,15,1,2,30
201501MM70401,-0.062558,51.482329,3,2,2,2015-05-15,6,May,09:10:00,9,1,1,30
201501MM70403,-0.076429,51.494967,3,2,1,2015-01-08,5,January,08:25:00,8,1,1,30
201501MM70404,-0.101209,51.494922,3,2,1,2015-05-09,7,May,17:55:00,17,1,1,30
201501MM70405,-0.075171,51.487213,3,2,1,2015-04-23,5,April,21:25:00,21,1,1,30
201501MM70406,-0.093177,51.494072,3,2,1,2015-05-20,4,May,12:00:00,12,1,2,30
201501MM70407,-0.071655,51.488594,3,2,1,2015-03-13,6,March,18:30:00,18,1,1,30
201501MM70408,-0.065258,51.483183,3,2,1,2015-05-21,5,May,11:15:00,11,1,1,30
201501MM70410,-0.081117,51.462221,3,2,1,2015-05-26,3,May,16:25:00,16,1,1,30
201501MM70411,-0.100856,51.493027,3,2,1,2015-05-04,2,May,11:50:00,11,1,1,30
201501MM70412,-0.078265,51.488972,3,1,1,2015-05-07,5,May,14:35:00,14,1,1,30
201501MM70413,-0.08709,51.470862,3,2,1,2015-05-12,3,May,19:08:00,19,1,1,30
201501MM70414,-0.067381,51.473866,3,1,1,2015-03-27,6,March,16:17:00,16,1,1,30
201501MM70415,-0.100929,51.494737,3,2,1,2015-03-31,3,March,16:30:00,16,1,2,30
201501MM70417,-0.083511,51.504705,3,2,1,2015-05-22,6,May,10:15:00,10,1,1,30
201501MM70418,-0.094528,51.482403,3,1,3,2015-05-27,4,May,17:30:00,17,1,1,30
201501MM70419,-0.068194,51.478465,3,1,1,2015-05-26,3,May,10:18:00,10,1,1,30
201501MM70420,-0.094336,51.483569,3,2,1,2015-05-26,3,May,10:00:00,10,1,1,30
201501MM70421,-0.061329,51.473946,3,2,1,2015-04-14,3,April,19:00:00,19,1,1,30
201501MM70422,-0.101646,51.477483,3,1,1,2015-05-07,5,May,16:35:00,16,1,1,30
201501MM70423,-0.056351,51.479259,3,2,1,2015-05-05,3,May,11:31:00,11,4,1,30
201501MM70424,-0.079206,51.470013,3,3,1,2015-05-28,5,May,20:30:00,20,1,1,30
201501MM70426,-0.078702,51.495724,3,2,1,2015-05-02,7,May,10:35:00,10,1,1,30
201501MM70427,-0.07911,51.489436,3,2,1,2015-05-03,1,May,13:40:00,13,1,1,30
201501MM70428,-0.10135,51.495014,3,2,1,2015-05-14,5,May,18:55:00,18,2,2,30
201501MM70429,-0.093142,51.474198,3,2,3,2015-05-31,1,May,19:40:00,19,1,1,30
201501MM70430,-0.093092,51.471949,3,2,1,2015-05-04,2,May,10:45:00,10,1,1,30
201501MM70431,-0.084236,51.473693,2,1,1,2015-05-07,5,May,19:30:00,19,1,1,30
201501MM70432,-0.069766,51.471927,3,1,1,2015-05-13,4,May,14:05:00,14,1,1,30
201501MM70433,-0.054495,51.499192,3,2,1,2015-05-21,5,May,08:08:00,8,1,1,30
201501MM70434,-0.064783,51.474003,3,2,1,2015-06-02,3,June,15:45:00,15,1,1,30
201501MM70437,-0.080351,51.477046,3,2,1,2015-06-03,4,June,18:00:00,18,1,1,30
201501MM70438,-0.106243,51.488169,3,2,1,2015-05-26,3,May,12:36:00,12,1,1,30
201501MM70440,-0.096855,51.499167,3,2,1,2015-05-29,6,May,08:20:00,8,1,1,30
201501MM70443,-0.068606,51.492591,3,2,1,2015-06-06,7,June,19:35:00,19,1,1,30
201501MM70444,-0.064694,51.462491,3,1,1,2015-01-02,6,January,17:30:00,17,1,1,30
201501MM70445,-0.053959,51.467799,2,2,1,2015-01-18,1,January,02:55:00,2,2,2,30
201501MM70446,-0.067668,51.443206,3,2,2,2015-06-05,6,June,11:35:00,11,1,1,30
201501MM70447,-0.093176,51.473389,3,1,1,2015-06-06,7,June,00:30:00,0,1,1,30
201501MM70448,-0.046899,51.491512,3,1,1,2015-04-17,6,April,14:30:00,14,1,1,30
201501MM70449,-0.086206,51.505739,3,2,1,2015-06-08,2,June,10:10:00,10,1,1,30
201501MM70450,-0.098837,51.493085,3,2,1,2015-06-08,2,June,16:12:00,16,1,1,30
201501MM70451,-0.090132,51.473879,2,2,1,2015-04-24,6,April,14:25:00,14,1,1,30
201501MM70452,-0.063779,51.473896,3,2,1,2015-05-02,7,May,23:15:00,23,2,2,30
201501MM70454,-0.090833,51.467416,3,1,1,2015-06-03,4,June,08:45:00,8,1,1,30
201501MM70455,-0.078805,51.500132,3,2,1,2015-05-13,4,May,14:40:00,14,1,1,30
201501MM70457,-0.055879,51.466661,3,2,1,2015-06-01,2,June,08:00:00,8,1,1,30
201501MM70460,-0.094459,51.504794,3,2,1,2015-01-28,4,January,15:41:00,15,1,1,30
201501MM70462,-0.098388,51.476171,3,2,1,2015-04-09,5,April,17:28:00,17,1,1,30
201501MM70463,-0.09919,51.494979,3,1,1,2015-06-10,4,June,15:00:00,15,1,1,30
201501MM70467,-0.093195,51.47294,3,1,1,2015-06-11,5,June,17:50:00,17,1,1,30
201501MM70469,-0.086267,51.493959,3,1,1,2015-06-14,1,June,16:05:00,16,1,1,30
201501MM70470,-0.078805,51.500132,3,2,1,2015-05-20,4,May,06:40:00,6,1,1,30
201501MM70471,-0.091632,51.503489,3,2,1,2015-05-26,3,May,14:50:00,14,1,1,30
201501MM70472,-0.100564,51.493113,3,2,1,2015-05-11,2,May,17:55:00,17,1,1,30
201501MM70473,-0.094536,51.482224,3,2,2,2015-06-06,7,June,17:50:00,17,1,1,30
201501MM70474,-0.064823,51.462853,3,1,1,2015-06-08,2,June,08:10:00,8,1,1,30
201501MM70476,-0.090299,51.487101,2,1,1,2015-06-15,2,June,09:37:00,9,1,1,30
201501MM70477,-0.083437,51.492744,3,2,2,2015-02-13,6,February,07:10:00,7,1,2,30
201501MM70478,-0.093719,51.484549,3,1,1,2015-02-19,5,February,19:00:00,19,2,2,30
201501MM70480,-0.093309,51.473661,3,1,1,2015-03-02,2,March,13:12:00,13,1,1,30
201501MM70481,-0.088207,51.506131,3,1,1,2015-04-01,4,April,18:00:00,18,1,1,30
201501MM70484,-0.058183,51.473444,3,2,1,2015-06-03,4,June,17:25:00,17,1,1,30
201501MM70485,-0.087618,51.441015,3,2,1,2015-01-17,7,January,17:40:00,17,1,2,30
201501MM70487,-0.077705,51.488604,3,1,1,2015-02-16,2,February,11:40:00,11,1,1,30
201501MM70488,-0.074185,51.449068,3,2,1,2015-06-11,5,June,12:25:00,12,1,1,30
201501MM70489,-0.057487,51.469476,2,2,1,2015-05-08,6,May,16:09:00,16,2,2,30
201501MM70490,-0.064734,51.45134,3,2,1,2015-08-08,7,August,09:13:00,9,1,1,30
201501MM70491,-0.079982,51.496105,3,1,1,2015-06-11,5,June,09:00:00,9,1,1,30
201501MM70492,-0.077617,51.487253,3,2,1,2015-06-13,7,June,09:04:00,9,1,1,30
201501MM70494,-0.085069,51.50536,3,1,2,2015-05-12,3,May,09:14:00,9,1,1,30
201501MM70496,-0.101036,51.495638,3,1,2,2015-06-16,3,June,17:40:00,17,1,1,30
201501MM70497,-0.094231,51.479161,3,3,1,2015-06-04,5,June,06:45:00,6,1,1,30
201501MM70498,-0.053943,51.47832,3,2,1,2015-06-15,2,June,08:02:00,8,1,1,30
201501MM70499,-0.076204,51.425001,3,1,1,2015-06-21,1,June,17:46:00,17,1,1,30
201501MM70500,-0.100179,51.495444,3,2,1,2015-06-21,1,June,08:05:00,8,1,1,30
201501MM70501,-0.094175,51.504699,3,2,1,2015-06-21,1,June,13:30:00,13,1,1,30
201501MM70502,-0.080695,51.496296,3,1,1,2015-05-29,6,May,08:25:00,8,1,1,30
201501MM70503,-0.066002,51.496235,3,2,1,2015-06-13,7,June,18:45:00,18,1,1,30
201501MM70504,-0.059892,51.480666,3,2,1,2015-06-15,2,June,05:00:00,5,1,1,30
201501MM70505,-0.094672,51.482406,2,1,1,2015-06-20,7,June,14:25:00,14,1,1,30
201501MM70506,-0.060576,51.498483,3,2,1,2015-06-08,2,June,10:25:00,10,1,1,30
201501MM70507,-0.097078,51.490358,3,1,1,2015-06-03,4,June,09:00:00,9,1,1,30
201501MM70510,-0.093794,51.475827,3,3,2,2015-04-07,3,April,16:00:00,16,1,1,30
201501MM70511,-0.083002,51.42754,3,3,2,2015-06-04,5,June,14:55:00,14,1,1,30
201501MM70513,-0.093173,51.501086,3,2,1,2015-06-24,4,June,20:42:00,20,1,1,30
201501MM70514,-0.093927,51.476099,3,1,1,2015-06-25,5,June,16:53:00,16,1,1,30
201501MM70515,-0.077698,51.502452,3,1,1,2015-06-25,5,June,07:30:00,7,1,1,30
201501MM70516,-0.099274,51.489495,3,2,1,2015-06-28,1,June,17:35:00,17,1,1,30
201501MM70517,-0.068419,51.469746,3,1,1,2015-06-26,6,June,21:30:00,21,1,1,30
201501MM70518,-0.094588,51.480966,3,2,1,2015-06-18,5,June,07:25:00,7,1,1,30
201501MM70519,-0.107875,51.497457,3,2,1,2015-06-21,1,June,02:28:00,2,1,2,30
201501MM70520,-0.104457,51.506934,3,2,1,2015-06-29,2,June,09:55:00,9,1,1,30
201501MM70521,-0.07658,51.487956,3,1,1,2015-06-08,2,June,18:25:00,18,1,1,30
201501MM70522,-0.104736,51.500194,3,2,1,2015-06-29,2,June,16:20:00,16,1,1,30
201501MM70524,-0.083077,51.473854,3,2,1,2015-06-27,7,June,18:20:00,18,1,1,30
201501MM70526,-0.104735,51.503701,3,2,1,2015-06-30,3,June,17:29:00,17,1,1,30
201501MM70527,-0.067656,51.484392,3,1,1,2015-05-06,4,May,15:50:00,15,1,1,30
201501MM70529,-0.07372,51.47379,3,1,1,2015-06-17,4,June,08:00:00,8,1,1,30
201501MM70530,-0.078311,51.429622,3,2,1,2015-06-18,5,June,12:38:00,12,2,2,30
201501MM70532,-0.067003,51.462349,3,2,1,2015-06-30,3,June,19:45:00,19,1,1,30
201501MM70533,-0.053464,51.499714,3,2,1,2015-06-30,3,June,13:50:00,13,1,1,30
201501MM70540,-0.089093,51.505606,3,2,1,2015-07-03,6,July,10:20:00,10,1,1,30
201501MM70542,-0.072405,51.481053,3,2,1,2015-07-05,1,July,19:20:00,19,1,1,30
201501MM70543,-0.077014,51.474204,3,1,1,2015-07-03,6,July,12:00:00,12,1,1,30
201501MM70544,-0.07977,51.49772,3,1,1,2015-07-06,2,July,21:28:00,21,1,1,30
201501MM70545,-0.090135,51.504813,3,2,1,2015-06-19,6,June,12:00:00,12,1,1,30
201501MM70548,-0.076856,51.48823,3,2,1,2015-07-03,6,July,14:05:00,14,1,1,30
201501MM70549,-0.09819,51.494783,3,1,1,2015-06-22,2,June,18:00:00,18,1,1,30
201501MM70550,-0.088126,51.490842,2,1,1,2015-05-01,6,May,23:00:00,23,1,1,30
201501MM70551,-0.069763,51.472017,3,1,1,2015-07-07,3,July,16:01:00,16,1,1,30
201501MM70552,-0.095811,51.503467,3,2,1,2015-06-24,4,June,11:00:00,11,1,1,30
201501MM70554,-0.059748,51.480664,3,2,1,2015-06-28,1,June,01:40:00,1,1,1,30
201501MM70556,-0.070205,51.485423,3,2,1,2015-07-08,4,July,16:00:00,16,1,1,30
201501MM70557,-0.10532,51.479161,3,2,1,2015-07-08,4,July,08:50:00,8,1,1,30
201501MM70558,-0.073273,51.498063,3,2,1,2015-07-08,4,July,09:27:00,9,1,1,30
201501MM70560,-0.088437,51.490308,3,2,1,2015-07-08,4,July,18:32:00,18,1,1,30
201501MM70562,-0.064967,51.483268,3,2,1,2015-07-05,1,July,17:09:00,17,1,1,30
201501MM70563,-0.084013,51.492753,3,2,1,2015-07-10,6,July,19:10:00,19,1,1,30
201501MM70564,-0.066412,51.442286,3,2,1,2015-07-11,7,July,15:45:00,15,1,1,30
201501MM70565,-0.084929,51.505268,3,2,1,2015-07-11,7,July,10:45:00,10,1,1,30
201501MM70566,-0.074872,51.425878,3,2,1,2015-07-10,6,July,18:00:00,18,1,1,30
201501MM70567,-0.076148,51.487949,3,2,1,2015-07-09,5,July,08:13:00,8,1,1,30
201501MM70568,-0.076717,51.501806,3,2,1,2015-07-13,2,July,12:35:00,12,1,1,30
201501MM70569,-0.09822,51.48714,3,2,1,2015-07-03,6,July,15:40:00,15,1,1,30
201501MM70570,-0.078972,51.503012,3,2,1,2015-06-28,1,June,20:21:00,20,1,1,30
201501MM70571,-0.065669,51.473478,3,2,1,2015-04-14,3,April,07:20:00,7,1,1,30
201501MM70572,-0.092742,51.494155,3,2,1,2015-06-29,2,June,18:43:00,18,1,1,30
201501MM70573,-0.099766,51.494988,3,2,1,2015-07-12,1,July,07:45:00,7,1,1,30
201501MM70575,-0.098093,51.476346,3,2,2,2015-07-13,2,July,15:27:00,15,1,1,30
201501MM70577,-0.091409,51.505374,3,1,1,2015-05-23,7,May,15:15:00,15,1,1,30
201501MM70578,-0.070489,51.485517,3,2,1,2015-07-14,3,July,08:45:00,8,1,1,30
201501MM70579,-0.09768,51.47589,3,2,1,2015-07-09,5,July,16:30:00,16,1,1,30
201501MM70580,-0.093923,51.476189,3,2,1,2015-07-04,7,July,02:50:00,2,1,1,30
201501MM70581,-0.094473,51.494093,3,2,1,2015-06-25,5,June,08:50:00,8,1,1,30
201501MM70582,-0.093923,51.476189,3,2,1,2015-06-01,2,June,18:00:00,18,1,1,30
201501MM70583,-0.075321,51.459698,3,1,1,2015-04-08,4,April,11:23:00,11,1,1,30
201501MM70584,-0.085777,51.502224,3,2,1,2015-05-08,6,May,23:15:00,23,2,2,30
201501MM70585,-0.061329,51.473946,2,2,2,2015-07-15,4,July,13:45:00,13,1,1,30
201501MM70586,-0.075249,51.457988,3,2,1,2015-04-29,4,April,05:42:00,5,1,1,30
201501MM70587,-0.053802,51.481645,3,2,1,2015-07-18,7,July,11:00:00,11,1,1,30
201501MM70588,-0.095529,51.499865,2,2,1,2015-05-13,4,May,18:55:00,18,1,1,30
201501MM70589,-0.089901,51.486285,3,2,1,2015-05-28,5,May,18:00:00,18,1,1,30
201501MM70590,-0.076997,51.495157,3,2,1,2015-06-01,2,June,17:53:00,17,1,1,30
201501MM70591,-0.064783,51.474003,3,2,1,2015-06-11,5,June,18:20:00,18,1,1,30
201501MM70596,-0.076271,51.46448,3,2,1,2015-06-13,7,June,21:15:00,21,1,1,30
201501MM70600,-0.064967,51.483268,3,2,1,2015-07-11,7,July,01:50:00,1,1,1,30
201501MM70601,-0.103627,51.478324,2,2,1,2015-07-03,6,July,04:30:00,4,1,1,30
201501MM70602,-0.09991,51.49499,3,2,1,2015-07-21,3,July,15:00:00,15,1,1,30
201501MM70603,-0.053152,51.476598,3,2,1,2015-05-21,5,May,23:30:00,23,1,1,30
201501MM70604,-0.0678,51.484394,3,2,1,2015-07-20,2,July,17:00:00,17,1,1,50
201501MM70605,-0.101646,51.477483,3,3,2,2015-06-27,7,June,08:53:00,8,1,1,30
201501MM70606,-0.10135,51.495014,3,2,1,2015-06-20,7,June,18:02:00,18,1,1,30
201501MM70607,-0.091663,51.506187,3,1,1,2015-07-10,6,July,13:20:00,13,1,1,30
201501MM70608,-0.104785,51.499026,3,2,1,2015-07-21,3,July,07:05:00,7,1,1,30
201501MM70609,-0.079448,51.498524,3,2,1,2015-07-20,2,July,10:55:00,10,1,1,30
201501MM70610,-0.090553,51.45689,3,2,1,2015-07-16,5,July,18:15:00,18,1,1,30
201501MM70611,-0.100265,51.493378,3,1,1,2015-07-20,2,July,16:50:00,16,1,1,30
201501MM70612,-0.084305,51.47891,3,2,1,2015-07-22,4,July,17:21:00,17,1,1,30
201501MM70613,-0.075879,51.497746,3,2,1,2015-07-23,5,July,08:00:00,8,1,1,30
201501MM70614,-0.062418,51.482237,3,1,1,2015-07-23,5,July,15:34:00,15,1,1,30
201501MM70615,-0.093726,51.484369,3,1,1,2015-06-28,1,June,03:15:00,3,1,1,30
201501MM70617,-0.048878,51.502516,3,2,1,2015-07-06,2,July,17:15:00,17,1,1,30
201501MM70618,-0.074102,51.4818,3,2,1,2015-07-16,5,July,16:32:00,16,1,1,30
201501MM70619,-0.067187,51.478449,3,2,2,2015-07-11,7,July,19:10:00,19,1,1,30
201501MM70620,-0.07759,51.474213,3,2,1,2015-07-25,7,July,12:00:00,12,1,1,30
201501MM70624,-0.10145,51.492587,3,2,1,2015-07-06,2,July,10:32:00,10,1,1,30
201501MM70625,-0.070041,51.492704,3,1,1,2015-06-04,5,June,15:35:00,15,1,1,30
201501MM70626,-0.102323,51.50627,3,1,1,2015-06-18,5,June,17:30:00,17,1,1,30
201501MM70627,-0.057484,51.479727,3,2,1,2015-06-25,5,June,09:48:00,9,1,1,30
201501MM70628,-0.077705,51.488604,3,2,1,2015-07-23,5,July,08:40:00,8,1,1,30
201501MM70629,-0.045363,51.456684,3,2,1,2015-07-24,6,July,18:40:00,18,1,2,30
201501MM70631,-0.053904,51.482636,3,2,1,2015-07-25,7,July,05:51:00,5,1,2,30
201501MM70632,-0.081357,51.490822,3,2,1,2015-07-21,3,July,08:15:00,8,1,1,30
201501MM70633,-0.07869,51.489159,2,2,1,2015-06-23,3,June,08:50:00,8,1,1,30
201501MM70634,-0.061329,51.473946,3,2,1,2015-07-02,5,July,11:37:00,11,1,1,30
201501MM70635,-0.09303,51.494159,3,2,1,2015-07-03,6,July,12:27:00,12,1,1,30
201501MM70636,-0.099096,51.476453,2,1,1,2015-07-28,3,July,08:05:00,8,1,1,30
201501MM70637,-0.101375,51.480536,3,2,1,2015-07-15,4,July,11:45:00,11,1,1,30
201501MM70638,-0.093984,51.485092,3,2,1,2015-07-20,2,July,19:45:00,19,1,1,30
201501MM70639,-0.075563,51.457364,3,1,1,2015-07-27,2,July,11:20:00,11,1,1,30
201501MM70640,-0.103847,51.490378,3,2,1,2015-07-28,3,July,08:50:00,8,1,1,30
201501MM70641,-0.094142,51.474394,3,2,1,2015-07-21,3,July,07:40:00,7,1,1,30
201501MM70642,-0.078661,51.50013,3,1,1,2015-07-23,5,July,09:45:00,9,1,1,30
201501MM70643,-0.033491,51.501809,3,1,1,2015-06-27,7,June,18:45:00,18,1,1,30
201501MM70644,-0.087682,51.453246,3,2,1,2015-07-29,4,July,19:40:00,19,1,1,30
201501MM70645,-0.094296,51.470709,3,1,1,2015-07-23,5,July,19:15:00,19,1,1,30
201501MM70646,-0.086837,51.473465,3,2,1,2015-07-29,4,July,14:30:00,14,1,1,30
201501MM70647,-0.057484,51.479727,3,2,1,2015-07-04,7,July,12:06:00,12,1,1,30
201501MM70648,-0.094932,51.486547,2,2,1,2015-07-05,1,July,07:10:00,7,1,1,30
201501MM70649,-0.09152,51.488919,3,1,1,2015-07-06,2,July,07:00:00,7,1,1,30
201501MM70650,-0.052097,51.491238,2,2,1,2015-07-07,3,July,08:25:00,8,1,1,30
201501MM70651,-0.101213,51.494832,3,2,1,2015-07-09,5,July,13:00:00,13,1,1,30
201501MM70653,-0.068699,51.469931,3,2,1,2015-07-27,2,July,06:40:00,6,1,1,30
201501MM70657,-0.097627,51.490997,3,2,1,2015-03-10,3,March,11:57:00,11,1,1,30
201501MM70658,-0.092552,51.502155,3,2,1,2015-08-01,7,August,19:35:00,19,1,1,30
201501MM70659,-0.078461,51.474048,3,2,1,2015-08-03,2,August,08:19:00,8,1,1,30
201501MM70660,-0.052458,51.49628,3,2,1,2015-07-06,2,July,23:04:00,23,1,1,30
201501MM70661,-0.07654,51.461517,3,2,1,2015-07-31,6,July,07:50:00,7,1,1,30
201501MM70662,-0.064251,51.483167,3,2,2,2015-07-16,5,July,19:30:00,19,1,1,30
201501MM70663,-0.084273,51.441859,3,2,1,2015-07-23,5,July,17:00:00,17,1,1,30
201501MM70665,-0.077562,51.50227,3,2,1,2015-07-25,7,July,15:19:00,15,1,1,30
201501MM70667,-0.097598,51.470943,3,2,1,2015-08-04,3,August,15:30:00,15,1,1,30
201501MM70668,-0.065487,51.494787,3,2,1,2015-07-27,2,July,08:40:00,8,1,1,30
201501MM70669,-0.050252,51.497323,3,1,1,2015-07-29,4,July,21:10:00,21,1,1,30
201501MM70672,-0.057484,51.479727,2,2,1,2015-08-05,4,August,14:31:00,14,1,1,30
201501MM70673,-0.100936,51.494557,3,2,1,2015-07-28,3,July,16:15:00,16,2,2,30
201501MM70674,-0.071262,51.47402,3,2,2,2015-08-31,2,August,08:15:00,8,1,1,30
201501MM70675,-0.092447,51.504671,3,2,1,2015-08-06,5,August,15:09:00,15,1,1,30
201501MM70676,-0.095739,51.487909,3,2,1,2015-08-06,5,August,13:15:00,13,1,1,30
201501MM70677,-0.073917,51.493038,3,1,1,2015-08-02,1,August,19:23:00,19,1,1,30
201501MM70678,-0.049945,51.491023,3,2,1,2015-07-09,5,July,14:56:00,14,1,1,30
201501MM70679,-0.086491,51.467974,3,2,1,2015-08-08,7,August,14:55:00,14,1,1,30
201501MM70680,-0.075056,51.459154,2,1,1,2015-08-08,7,August,17:24:00,17,1,1,30
201501MM70681,-0.081914,51.49128,3,2,1,2015-08-07,6,August,06:45:00,6,1,1,30
201501MM70682,-0.107339,51.499967,3,2,1,2015-07-06,2,July,12:17:00,12,1,1,30
201501MM70683,-0.099886,51.499037,3,2,1,2015-07-31,6,July,04:12:00,4,1,1,30
201501MM70684,-0.10278,51.4918,3,1,1,2015-07-02,5,July,13:20:00,13,1,1,30
201501MM70685,-0.079811,51.489897,3,2,1,2015-07-05,1,July,20:00:00,20,1,1,30
201501MM70686,-0.082714,51.496239,3,2,1,2015-08-13,5,August,09:50:00,9,1,1,30
201501MM70688,-0.088067,51.506039,3,2,1,2015-07-10,6,July,17:45:00,17,1,1,30
201501MM70689,-0.043286,51.501883,3,1,1,2015-07-09,5,July,19:25:00,19,1,1,30
201501MM70690,-0.074087,51.482159,3,2,1,2015-08-13,5,August,14:39:00,14,1,1,30
201501MM70691,-0.079767,51.49781,3,2,1,2015-08-13,5,August,19:45:00,19,1,1,30
201501MM70692,-0.101078,51.453014,3,2,1,2015-08-13,5,August,08:20:00,8,1,1,30
201501MM70693,-0.101207,51.477656,3,2,1,2015-07-03,6,July,11:42:00,11,1,1,30
201501MM70694,-0.05262,51.472183,3,1,1,2015-08-04,3,August,15:43:00,15,1,1,30
201501MM70695,-0.100305,51.495896,3,1,1,2015-08-08,7,August,21:40:00,21,1,1,30
201501MM70696,-0.074328,51.44907,3,2,1,2015-08-09,1,August,01:09:00,1,1,1,30
201501MM70697,-0.094905,51.4941,3,1,1,2015-05-22,6,May,15:00:00,15,1,1,30
201501MM70698,-0.083873,51.492661,3,2,1,2015-07-30,5,July,08:45:00,8,1,1,30
201501MM70700,-0.058689,51.498812,3,1,1,2015-07-29,4,July,09:54:00,9,1,1,30
201501MM70701,-0.091946,51.502865,3,1,1,2015-08-03,2,August,15:00:00,15,1,1,30
201501MM70704,-0.070633,51.48552,3,2,1,2015-08-20,5,August,15:55:00,15,1,1,30
201501MM70705,-0.085774,51.450697,3,2,1,2015-08-23,1,August,03:17:00,3,1,1,30
201501MM70707,-0.094478,51.480154,3,2,1,2015-08-22,7,August,17:35:00,17,1,1,30
201501MM70708,-0.058192,51.480009,3,2,2,2015-08-14,6,August,09:55:00,9,1,1,30
201501MM70709,-0.091027,51.459325,3,2,1,2015-07-17,6,July,18:30:00,18,1,1,30
201501MM70710,-0.072576,51.473592,3,1,1,2015-07-22,4,July,12:25:00,12,1,1,30
201501MM70711,-0.054601,51.473025,3,2,1,2015-07-30,5,July,13:30:00,13,1,1,30
201501MM70712,-0.068823,51.4738,3,2,1,2015-08-17,2,August,17:10:00,17,1,1,30
201501MM70713,-0.089886,51.465961,3,1,1,2015-08-06,5,August,10:04:00,10,1,1,30
201501MM70714,-0.082602,51.502352,2,1,1,2015-07-13,2,July,08:55:00,8,2,2,30
201501MM70715,-0.094328,51.483749,3,1,1,2015-08-14,6,August,11:52:00,11,1,1,30
201501MM70721,-0.054942,51.498839,3,2,1,2015-08-13,5,August,22:10:00,22,2,2,30
201501MM70722,-0.061213,51.452901,3,2,1,2015-08-24,2,August,23:16:00,23,2,2,30
201501MM70723,-0.082458,51.485174,2,2,1,2015-07-16,5,July,13:20:00,13,1,1,30
201501MM70724,-0.066478,51.481585,3,1,1,2015-07-16,5,July,14:29:00,14,1,1,30
201501MM70725,-0.060442,51.464309,3,2,1,2015-08-22,7,August,09:15:00,9,1,1,30
201501MM70726,-0.090225,51.502657,3,1,1,2015-07-21,3,July,14:20:00,14,1,1,30
201501MM70728,-0.100028,51.495622,3,2,1,2015-07-20,2,July,16:50:00,16,1,1,30
201501MM70730,-0.052235,51.471097,3,1,1,2015-08-29,7,August,22:12:00,22,2,2,30
201501MM70731,-0.065243,51.483543,3,2,1,2015-08-29,7,August,17:36:00,17,2,2,30
201501MM70733,-0.066125,51.466111,3,2,1,2015-08-12,4,August,15:25:00,15,1,1,30
201501MM70735,-0.078414,51.461457,3,2,1,2015-09-01,3,September,20:15:00,20,2,2,30
201501MM70737,-0.099359,51.452806,3,1,1,2015-08-16,1,August,19:27:00,19,1,1,30
201501MM70740,-0.093301,51.473841,3,2,1,2015-03-24,3,March,08:10:00,8,1,1,30
201501MM70742,-0.095077,51.458852,3,1,1,2015-07-26,1,July,09:32:00,9,2,2,30
201501MM70743,-0.058346,51.459418,3,1,1,2015-09-02,4,September,15:00:00,15,1,1,20
201501MM70744,-0.057387,51.475229,3,1,1,2015-07-26,1,July,13:25:00,13,2,2,30
201501MM70746,-0.099875,51.499306,3,2,1,2015-08-03,2,August,07:07:00,7,1,1,30
201501MM70747,-0.058329,51.476774,3,2,1,2015-09-03,5,September,08:30:00,8,1,1,30
201501MM70750,-0.089438,51.431872,2,2,1,2015-08-23,1,August,03:20:00,3,1,1,30
201501MM70751,-0.061473,51.473948,3,2,1,2015-08-24,2,August,18:20:00,18,2,2,30
201501MM70752,-0.051465,51.465509,3,1,1,2015-08-27,5,August,12:00:00,12,1,1,30
201501MM70753,-0.095603,51.487727,3,2,1,2015-08-27,5,August,08:30:00,8,1,1,30
201501MM70754,-0.058542,51.498899,3,2,1,2015-08-26,4,August,19:50:00,19,1,2,30
201501MM70759,-0.04127,51.491778,3,1,1,2015-08-20,5,August,18:40:00,18,1,1,30
201501MM70760,-0.091516,51.489009,3,1,1,2015-08-30,1,August,14:00:00,14,1,1,30
201501MM70761,-0.109842,51.502165,2,1,1,2015-08-04,3,August,08:30:00,8,1,1,30
201501MM70762,-0.095928,51.486833,3,1,1,2015-08-29,7,August,16:19:00,16,1,1,30
201501MM70763,-0.081914,51.49128,3,2,1,2015-09-09,4,September,14:55:00,14,1,1,30
201501MM70764,-0.07595,51.424187,3,1,2,2015-09-09,4,September,20:45:00,20,1,1,30
201501MM70765,-0.068678,51.443132,3,2,1,2015-09-10,5,September,10:33:00,10,1,1,30
201501MM70766,-0.080039,51.426143,3,2,1,2015-07-13,2,July,07:15:00,7,2,2,30
201501MM70770,-0.095977,51.47874,2,2,1,2015-09-11,6,September,09:35:00,9,1,1,30
201501MM70771,-0.093088,51.472039,3,2,1,2015-09-13,1,September,23:40:00,23,1,1,30
201501MM70772,-0.100652,51.494463,3,1,1,2015-09-13,1,September,10:21:00,10,1,1,30
201501MM70773,-0.098474,51.494877,3,2,1,2015-09-11,6,September,07:50:00,7,1,1,30
201501MM70774,-0.096679,51.489543,3,2,1,2015-09-11,6,September,08:50:00,8,1,1,20
201501MM70775,-0.094547,51.481954,2,3,1,2015-08-19,4,August,09:17:00,9,1,1,30
201501MM70776,-0.066369,51.473939,3,2,1,2015-09-03,5,September,23:40:00,23,1,1,30
201501MM70777,-0.08238,51.490479,3,2,1,2015-09-14,2,September,14:47:00,14,1,1,30
201501MM70778,-0.100089,51.476828,3,1,1,2015-09-14,2,September,17:40:00,17,1,1,30
201501MM70779,-0.07361,51.486648,3,2,1,2015-09-14,2,September,16:00:00,16,1,1,30
201501MM70780,-0.073322,51.459306,3,2,1,2015-08-11,3,August,08:28:00,8,1,1,30
201501MM70781,-0.076151,51.47419,3,2,1,2015-08-28,6,August,20:40:00,20,1,1,30
201501MM70783,-0.073803,51.488899,2,1,1,2015-09-03,5,September,06:45:00,6,1,1,30
201501MM70784,-0.089563,51.47369,3,2,1,2015-08-02,1,August,09:55:00,9,1,1,30
201501MM70785,-0.104731,51.503791,3,1,1,2015-09-04,6,September,08:25:00,8,1,1,30
201501MM70786,-0.091995,51.474089,3,1,1,2015-08-25,3,August,09:39:00,9,1,1,30
201501MM70787,-0.054784,51.478873,3,2,2,2015-08-29,7,August,22:15:00,22,2,2,30
201501MM70788,-0.09924,51.476455,3,2,1,2015-08-06,5,August,08:44:00,8,1,1,30
201501MM70789,-0.096662,51.507258,3,1,1,2015-09-14,2,September,08:54:00,8,2,2,30
201501MM70790,-0.094329,51.494091,3,2,1,2015-09-02,4,September,17:39:00,17,2,2,30
201501MM70791,-0.061327,51.48078,3,2,1,2015-08-28,6,August,23:25:00,23,1,1,30
201501MM70792,-0.098044,51.498288,3,1,1,2015-08-20,5,August,23:10:00,23,1,1,30
201501MM70793,-0.070024,51.476068,3,2,1,2015-08-29,7,August,17:30:00,17,1,1,30
201501MM70794,-0.080346,51.473719,3,2,2,2015-09-19,7,September,20:21:00,20,1,1,30
201501MM70795,-0.064967,51.483268,3,2,1,2015-09-04,6,September,13:45:00,13,1,1,30
201501MM70796,-0.100013,51.495981,3,3,1,2015-09-20,1,September,14:55:00,14,1,1,30
201501MM70797,-0.087635,51.506032,3,2,1,2015-09-15,3,September,09:45:00,9,8,2,30
201501MM70798,-0.074185,51.449068,3,1,1,2015-09-16,4,September,22:00:00,22,1,2,30
201501MM70799,-0.090708,51.466964,3,1,1,2015-09-19,7,September,00:44:00,0,1,1,30
201501MM70801,-0.099495,51.477268,3,1,1,2015-09-16,4,September,07:55:00,7,1,1,30
201501MM70803,-0.080796,51.490453,3,2,1,2015-09-21,2,September,14:40:00,14,2,2,30
201501MM70805,-0.102627,51.478128,3,1,1,2015-09-20,1,September,17:03:00,17,1,1,30
201501MM70808,-0.099846,51.496518,3,1,1,2015-09-11,6,September,07:45:00,7,1,1,30
201501MM70809,-0.098474,51.494877,3,2,1,2015-08-19,4,August,19:40:00,19,2,2,30
201501MM70810,-0.083001,51.492827,3,2,2,2015-09-22,3,September,20:45:00,20,1,1,30
201501MM70811,-0.082759,51.491744,3,2,1,2015-09-21,2,September,09:05:00,9,2,2,30
201501MM70812,-0.096902,51.494582,3,1,1,2015-09-23,4,September,16:30:00,16,1,1,30
201501MM70813,-0.063763,51.498086,3,2,1,2015-09-21,2,September,08:10:00,8,1,1,30
201501MM70814,-0.100054,51.494993,3,2,1,2015-09-23,4,September,13:55:00,13,1,1,30
201501MM70815,-0.093167,51.504683,3,1,1,2015-09-15,3,September,13:15:00,13,2,2,30
201501MM70816,-0.061329,51.473946,3,1,1,2015-09-24,5,September,21:55:00,21,1,1,20
201501MM70818,-0.07172,51.473398,2,1,1,2015-09-24,5,September,16:24:00,16,1,1,20
201501MM70819,-0.087988,51.473484,3,2,1,2015-09-24,5,September,18:47:00,18,1,1,30
201501MM70820,-0.068162,51.462188,3,2,1,2015-09-24,5,September,17:10:00,17,1,1,30
201501MM70821,-0.067476,51.468202,3,2,1,2015-06-04,5,June,12:10:00,12,1,1,30
201501MM70822,-0.056492,51.479351,3,2,1,2015-08-21,6,August,16:15:00,16,1,1,30
201501MM70823,-0.06822,51.443754,3,1,1,2015-09-26,7,September,11:48:00,11,1,1,20
201501MM70824,-0.104591,51.503699,3,2,1,2015-08-09,1,August,22:39:00,22,1,1,30
201501MM70826,-0.063056,51.473974,3,2,1,2015-09-29,3,September,07:40:00,7,1,1,30
201501MM70827,-0.098474,51.494877,3,2,1,2015-08-24,2,August,08:56:00,8,2,2,30
201501MM70828,-0.10309,51.491265,3,1,1,2015-08-25,3,August,16:04:00,16,1,2,30
201501MM70829,-0.045997,51.492396,3,2,1,2015-08-27,5,August,18:44:00,18,2,2,30
201501MM70830,-0.093103,51.471679,3,1,1,2015-08-29,7,August,16:00:00,16,2,2,30
201501MM70831,-0.085147,51.441604,3,1,1,2015-09-16,4,September,16:30:00,16,2,2,30
201501MM70832,-0.087542,51.453154,3,2,1,2015-09-15,3,September,09:20:00,9,1,2,30
201501MM70833,-0.106321,51.507144,2,2,1,2015-09-08,3,September,19:00:00,19,1,1,30
201501MM70834,-0.09315,51.474018,3,2,1,2015-09-06,1,September,19:51:00,19,1,1,30
201501MM70835,-0.078686,51.489249,3,1,1,2015-09-03,5,September,03:15:00,3,1,1,30
201501MM70836,-0.068162,51.462188,3,1,1,2015-09-02,4,September,22:07:00,22,1,1,20
201501MM70837,-0.098162,51.491995,3,1,1,2015-03-25,4,March,19:15:00,19,1,1,30
201501MM70838,-0.103414,51.483447,3,2,1,2015-09-19,7,September,12:40:00,12,1,1,20
201501MM70839,-0.058802,51.489371,2,1,1,2015-04-23,5,April,18:13:00,18,1,1,30
201501MM70840,-0.101502,51.477481,3,2,1,2015-10-01,5,October,19:00:00,19,1,1,30
201501MM70841,-0.101187,51.495461,3,2,1,2015-10-01,5,October,21:54:00,21,1,1,20
201501MM70842,-0.078311,51.429622,3,2,1,2015-09-30,4,September,18:00:00,18,1,1,30
201501MM70843,-0.044601,51.494711,3,2,2,2015-09-11,6,September,15:10:00,15,1,1,30
201501MM70844,-0.088593,51.483116,3,2,2,2015-09-27,1,September,19:55:00,19,1,1,30
201501MM70845,-0.054744,51.473027,3,2,1,2015-09-25,6,September,17:15:00,17,1,1,30
201501MM70846,-0.100531,51.493921,3,2,1,2015-10-01,5,October,16:49:00,16,1,1,30
201501MM70847,-0.063926,51.439816,3,2,1,2015-10-01,5,October,10:50:00,10,1,1,30
201501MM70848,-0.069115,51.473715,3,1,1,2015-09-30,4,September,12:35:00,12,1,1,30
201501MM70849,-0.106096,51.488256,3,2,1,2015-10-02,6,October,22:00:00,22,1,1,20
201501MM70850,-0.093453,51.50127,2,2,1,2015-10-02,6,October,22:00:00,22,1,1,30
201501MM70851,-0.05443,51.490558,3,1,1,2015-10-02,6,October,16:20:00,16,1,1,30
201501MM70852,-0.101646,51.477483,3,1,1,2015-09-17,5,September,12:45:00,12,1,1,30
201501MM70853,-0.104508,51.498752,3,2,1,2015-09-29,3,September,11:20:00,11,1,1,30
201501MM70854,-0.066372,51.484101,3,2,1,2015-09-14,2,September,08:00:00,8,1,2,30
201501MM70855,-0.083759,51.495357,3,1,1,2015-10-02,6,October,10:20:00,10,1,1,30
201501MM70856,-0.089727,51.497343,3,2,2,2015-10-02,6,October,09:54:00,9,1,1,30
201501MM70857,-0.065885,51.495603,3,2,1,2015-10-02,6,October,15:55:00,15,1,1,30
201501MM70858,-0.101494,51.495016,3,2,1,2015-10-05,2,October,05:20:00,5,1,1,30
201501MM70859,-0.059748,51.480664,3,2,2,2015-10-05,2,October,19:44:00,19,2,2,30
201501MM70860,-0.061921,51.487175,3,2,1,2015-10-06,3,October,18:08:00,18,2,2,30
201501MM70861,-0.075173,51.459786,3,2,1,2015-10-07,4,October,17:05:00,17,1,2,30
201501MM70862,-0.100898,51.505888,3,2,1,2015-10-07,4,October,19:30:00,19,1,1,30
201501MM70863,-0.072019,51.486802,3,2,1,2015-10-05,2,October,18:20:00,18,2,2,30
201501MM70864,-0.094175,51.504699,3,2,1,2015-10-08,5,October,10:52:00,10,1,1,30
201501MM70866,-0.098339,51.498112,3,2,1,2015-09-30,4,September,09:15:00,9,1,1,30
201501MM70867,-0.100531,51.493921,3,2,1,2015-09-26,7,September,13:45:00,13,1,1,30
201501MM70869,-0.088355,51.506043,3,2,1,2015-09-12,7,September,20:00:00,20,1,1,30
201501MM70870,-0.105247,51.487883,3,2,1,2015-09-11,6,September,21:55:00,21,2,2,30
201501MM70871,-0.068555,51.469928,3,1,6,2015-09-23,4,September,16:30:00,16,1,1,30
201501MM70873,-0.093157,51.473838,3,1,1,2015-09-30,4,September,07:19:00,7,1,1,30
201501MM70874,-0.092221,51.499722,3,1,1,2015-08-12,4,August,22:10:00,22,1,1,30
201501MM70875,-0.108177,51.50061,2,2,1,2015-08-13,5,August,17:50:00,17,1,1,30
201501MM70877,-0.095739,51.487909,3,2,1,2015-08-26,4,August,08:45:00,8,2,2,30
201501MM70878,-0.078695,51.499321,3,2,1,2015-10-02,6,October,04:15:00,4,1,1,30
201501MM70880,-0.075875,51.487584,3,1,1,2015-10-09,6,October,16:15:00,16,1,1,30
201501MM70881,-0.087066,51.505843,3,1,1,2015-10-12,2,October,17:15:00,17,1,1,30
201501MM70883,-0.073432,51.473786,3,1,1,2015-08-27,5,August,19:16:00,19,1,1,30
201501MM70884,-0.09398,51.485182,3,1,1,2015-10-14,4,October,20:40:00,20,1,1,30
201501MM70886,-0.066716,51.462344,3,2,1,2015-09-23,4,September,06:50:00,6,1,1,30
201501MM70887,-0.093826,51.471601,3,2,1,2015-10-08,5,October,07:58:00,7,1,1,30
201501MM70888,-0.093006,51.474016,3,2,1,2015-10-09,6,October,07:46:00,7,1,1,30
201501MM70889,-0.093866,51.484461,2,1,2,2015-10-09,6,October,08:43:00,8,1,1,30
201501MM70890,-0.100929,51.494737,3,2,1,2015-10-12,2,October,15:25:00,15,1,1,30
201501MM70891,-0.094519,51.48609,3,1,1,2015-10-13,3,October,20:10:00,20,1,1,30
201501MM70892,-0.088135,51.49408,3,1,1,2015-09-07,2,September,08:30:00,8,1,1,30
201501MM70894,-0.084948,51.477301,3,2,1,2015-09-26,7,September,22:35:00,22,1,1,30
201501MM70895,-0.081117,51.462221,3,2,1,2015-09-21,2,September,15:10:00,15,2,2,30
201501MM70896,-0.049466,51.502256,3,1,1,2015-07-11,7,July,20:50:00,20,1,1,30
201501MM70897,-0.054942,51.498839,3,2,1,2015-09-21,2,September,17:26:00,17,2,2,30
201501MM70898,-0.071005,51.473296,3,2,1,2015-10-17,7,October,22:37:00,22,1,1,30
201501MM70900,-0.094339,51.48348,3,2,1,2015-09-22,3,September,07:51:00,7,2,2,30
201501MM70901,-0.095592,51.505262,2,2,1,2015-10-20,3,October,15:30:00,15,1,1,30
201501MM70902,-0.106181,51.507052,3,2,1,2015-10-14,4,October,09:18:00,9,1,1,30
201501MM70903,-0.084129,51.48655,2,2,1,2015-10-14,4,October,15:28:00,15,1,1,30
201501MM70905,-0.074121,51.481351,3,2,1,2015-10-21,4,October,17:00:00,17,1,2,30
201501MM70906,-0.091563,51.474082,3,1,1,2015-10-16,6,October,09:05:00,9,1,1,30
201501MM70908,-0.092601,51.494063,3,2,2,2015-10-11,1,October,10:10:00,10,1,1,30
201501MM70909,-0.090549,51.45698,3,2,1,2015-08-28,6,August,07:35:00,7,1,1,30
201501MM70910,-0.098571,51.492541,2,3,2,2015-10-18,1,October,16:11:00,16,2,2,30
201501MM70912,-0.06637,51.49777,2,2,1,2015-02-20,6,February,12:30:00,12,1,1,30
201501MM70913,-0.056316,51.473323,2,2,1,2015-09-21,2,September,08:33:00,8,1,1,30
201501MM70914,-0.073288,51.4772,3,2,1,2015-09-04,6,September,10:45:00,10,1,1,30
201501MM70915,-0.077705,51.488604,3,2,3,2015-09-25,6,September,06:10:00,6,1,1,30
201501MM70917,-0.053431,51.497106,2,2,1,2015-10-27,3,October,14:00:00,14,1,1,30
201501MM70918,-0.072523,51.468015,3,2,4,2015-10-29,5,October,07:09:00,7,1,1,30
201501MM70919,-0.099762,51.495078,3,2,1,2015-10-18,1,October,12:30:00,12,1,1,30
201501MM70920,-0.073893,51.449153,3,1,1,2015-10-21,4,October,16:39:00,16,1,1,30
201501MM70922,-0.094184,51.459557,3,2,1,2015-10-27,3,October,14:20:00,14,1,1,20
201501MM70923,-0.094246,51.478802,3,2,1,2015-10-09,6,October,23:03:00,23,1,1,30
201501MM70924,-0.093146,51.474108,3,2,1,2015-11-02,2,November,19:39:00,19,1,1,30
201501MM70926,-0.081364,51.490642,3,2,1,2015-11-02,2,November,18:47:00,18,1,1,30
201501MM70927,-0.09301,51.473926,3,1,1,2015-09-28,2,September,18:25:00,18,1,1,30
201501MM70928,-0.088737,51.483119,3,2,1,2015-09-18,6,September,19:45:00,19,1,1,30
201501MM70929,-0.06637,51.49777,3,1,1,2015-11-03,3,November,17:10:00,17,1,1,30
201501MM70930,-0.088551,51.491029,3,2,1,2015-11-03,3,November,07:15:00,7,1,1,30
201501MM70931,-0.068286,51.469474,3,1,1,2015-11-05,5,November,16:22:00,16,1,1,30
201501MM70932,-0.108302,51.480198,3,2,2,2015-10-23,6,October,11:15:00,11,1,1,30
201501MM70933,-0.09448,51.483572,3,2,1,2015-10-31,7,October,02:42:00,2,1,1,30
201501MM70934,-0.104736,51.500194,3,2,1,2015-11-06,6,November,15:00:00,15,1,2,30
201501MM70935,-0.107399,51.498529,3,2,1,2015-11-06,6,November,15:45:00,15,1,2,30
201501MM70936,-0.088006,51.483376,3,1,1,2015-11-09,2,November,19:10:00,19,1,1,30
201501MM70937,-0.099551,51.496693,3,2,1,2015-11-09,2,November,23:45:00,23,1,1,30
201501MM70938,-0.10815,51.480376,2,1,1,2015-11-12,5,November,11:52:00,11,1,1,30
201501MM70939,-0.073299,51.497434,3,2,1,2015-11-06,6,November,12:38:00,12,2,2,20
201501MM70940,-0.06832,51.472083,2,1,2,2015-11-06,6,November,08:13:00,8,2,2,30
201501MM70941,-0.081224,51.49055,3,2,1,2015-11-08,1,November,20:24:00,20,1,2,30
201501MM70942,-0.076428,51.488133,2,1,1,2015-11-09,2,November,15:21:00,15,1,1,30
201501MM70943,-0.1079,51.500335,3,2,1,2015-11-11,4,November,14:40:00,14,1,1,30
201501MM70945,-0.095477,51.494199,3,1,1,2015-10-13,3,October,08:32:00,8,1,1,30
201501MM70946,-0.060586,51.464311,3,2,1,2015-10-25,1,October,22:40:00,22,1,1,30
201501MM70949,-0.097187,51.505018,2,2,1,2015-10-15,5,October,07:15:00,7,1,1,30
201501MM70952,-0.077258,51.454694,3,1,1,2015-11-13,6,November,21:20:00,21,1,1,30
201501MM70953,-0.074136,51.484408,3,2,2,2015-11-14,7,November,04:15:00,4,1,1,30
201501MM70954,-0.088469,51.496423,3,2,1,2015-11-18,4,November,19:25:00,19,4,1,30
201501MM70955,-0.104854,51.500826,3,1,1,2015-11-14,7,November,11:58:00,11,2,2,30
201501MM70957,-0.069252,51.467062,3,2,2,2015-11-14,7,November,09:10:00,9,2,2,30
201501MM70958,-0.086623,51.468246,3,1,1,2015-10-17,7,October,16:36:00,16,1,1,30
201501MM70959,-0.083013,51.495974,3,1,1,2015-11-19,5,November,19:54:00,19,1,2,30
201501MM70960,-0.066362,51.497949,3,1,1,2015-10-15,5,October,15:27:00,15,1,1,30
201501MM70961,-0.072004,51.473492,3,1,1,2015-11-14,7,November,13:30:00,13,2,2,30
201501MM70963,-0.10145,51.492587,3,2,1,2015-11-21,7,November,11:12:00,11,1,1,30
201501MM70964,-0.070285,51.473284,3,1,1,2015-11-21,7,November,13:15:00,13,1,1,30
201501MM70965,-0.089002,51.494004,3,2,1,2015-10-19,2,October,20:42:00,20,1,1,30
201501MM70966,-0.058585,51.494493,3,1,1,2015-10-21,4,October,15:40:00,15,1,2,30
201501MM70969,-0.06966,51.47786,3,1,2,2015-10-12,2,October,20:45:00,20,1,1,30
201501MM70971,-0.066229,51.473847,3,1,1,2015-10-26,2,October,18:45:00,18,1,1,30
201501MM70973,-0.094444,51.480963,3,2,1,2015-10-29,5,October,15:40:00,15,1,1,30
201501MM70976,-0.09148,51.503666,3,1,1,2015-07-11,7,July,01:56:00,1,1,1,30
201501MM70977,-0.081637,51.491006,3,2,1,2015-08-19,4,August,18:45:00,18,2,2,50
201501MM70978,-0.096559,51.499343,3,1,1,2015-10-16,6,October,10:25:00,10,1,1,30
201501MM70979,-0.094246,51.478802,2,2,3,2015-10-19,2,October,09:50:00,9,1,1,30
201501MM70980,-0.089544,51.505164,3,2,1,2015-10-22,5,October,19:20:00,19,1,1,30
201501MM70981,-0.083612,51.495445,3,2,1,2015-11-24,3,November,22:00:00,22,1,1,30
201501MM70982,-0.091882,51.494051,3,2,1,2015-11-02,2,November,18:45:00,18,1,1,30
201501MM70983,-0.094357,51.479613,3,2,3,2015-11-10,3,November,22:27:00,22,1,1,30
201501MM70984,-0.087225,51.491727,2,1,1,2015-11-05,5,November,08:10:00,8,1,1,30
201501MM70985,-0.085674,51.484058,3,2,1,2015-11-10,3,November,09:58:00,9,1,1,30
201501MM70986,-0.05748,51.479817,3,2,1,2015-05-27,4,May,16:15:00,16,1,1,30
201501MM70987,-0.060322,51.473929,3,2,1,2015-11-26,5,November,17:30:00,17,1,1,30
201501MM70988,-0.106711,51.501215,3,2,1,2015-11-25,4,November,15:05:00,15,1,1,30
201501MM70989,-0.090423,51.504818,3,1,1,2015-11-27,6,November,17:03:00,17,1,1,30
201501MM70991,-0.088347,51.506223,3,2,1,2015-11-19,5,November,16:45:00,16,1,1,30
201501MM70992,-0.089266,51.436006,2,2,1,2015-11-28,7,November,01:00:00,1,1,1,30
201501MM70993,-0.099886,51.499037,3,2,1,2015-11-27,6,November,23:51:00,23,2,2,30
201501MM70994,-0.09691,51.452856,3,2,1,2015-11-30,2,November,18:00:00,18,2,2,30
201501MM70995,-0.07378,51.448432,3,3,1,2015-11-30,2,November,17:12:00,17,2,2,30
201501MM70996,-0.107188,51.500144,3,2,1,2015-12-01,3,December,18:45:00,18,1,1,30
201501MM70997,-0.100751,51.450491,3,1,1,2015-12-01,3,December,17:01:00,17,1,1,30
201501MM70998,-0.102939,51.491442,3,2,1,2015-04-11,7,April,22:30:00,22,1,1,30
201501MM70999,-0.094292,51.470799,3,2,1,2015-11-17,3,November,12:03:00,12,1,1,30
201501MM71000,-0.08635,51.505741,2,1,1,2015-10-13,3,October,08:00:00,8,1,1,20
201501MM71001,-0.06686,51.462347,3,2,1,2015-11-24,3,November,09:10:00,9,2,2,30
201501MM71004,-0.083907,51.49527,3,2,2,2015-12-02,4,December,13:39:00,13,1,1,30
201501MM71005,-0.081165,51.498822,3,2,1,2015-12-04,6,December,01:40:00,1,1,2,30
201501MM71006,-0.101683,51.452304,3,2,1,2015-12-05,7,December,09:28:00,9,1,1,30
201501MM71007,-0.092408,51.502153,3,2,1,2015-11-19,5,November,19:15:00,19,1,1,30
201501MM71008,-0.102038,51.506176,3,2,2,2015-11-26,5,November,17:15:00,17,2,2,30
201501MM71009,-0.081979,51.496587,3,1,1,2015-12-07,2,December,16:36:00,16,1,1,30
201501MM71010,-0.086607,51.489289,3,2,1,2015-11-30,2,November,16:19:00,16,8,2,30
201501MM71011,-0.075567,51.457274,3,1,1,2015-12-03,5,December,18:10:00,18,1,1,30
201501MM71012,-0.066863,51.492922,3,1,1,2015-12-08,3,December,15:30:00,15,2,5,30
201501MM71013,-0.098306,51.491997,3,1,1,2015-11-25,4,November,18:15:00,18,1,2,30
201501MM71014,-0.092752,51.500809,3,2,1,2015-06-30,3,June,09:20:00,9,1,1,30
201501MM71015,-0.096175,51.487826,3,1,1,2015-07-01,4,July,17:00:00,17,1,1,30
201501MM71018,-0.05646,51.473326,3,1,1,2015-11-29,1,November,14:45:00,14,1,1,30
201501MM71019,-0.069724,51.476332,3,2,1,2015-11-23,2,November,19:49:00,19,1,1,30
201501MM71020,-0.058802,51.489371,3,1,1,2015-12-08,3,December,17:58:00,17,1,1,30
201501MM71021,-0.07883,51.489251,3,1,1,2015-12-07,2,December,09:25:00,9,1,1,30
201501MM71022,-0.084379,51.473695,3,2,1,2015-12-09,4,December,19:53:00,19,2,2,30
201501MM71023,-0.093202,51.47276,3,2,1,2015-12-12,7,December,22:19:00,22,1,1,30
201501MM71024,-0.100834,51.493567,3,1,1,2015-12-12,7,December,01:18:00,1,1,1,30
201501MM71025,-0.062456,51.498334,3,2,1,2015-07-03,6,July,16:24:00,16,1,1,30
201501MM71026,-0.086751,51.489291,3,2,1,2015-12-07,2,December,12:50:00,12,1,1,30
201501MM71027,-0.07977,51.49772,3,2,1,2015-11-13,6,November,19:14:00,19,1,1,30
201501MM71028,-0.104832,51.501365,2,1,1,2015-12-09,4,December,19:30:00,19,4,2,30
201501MM71029,-0.066716,51.462344,3,2,1,2015-09-14,2,September,14:30:00,14,1,1,30
201501MM71030,-0.105376,51.498676,3,2,1,2015-12-15,3,December,03:30:00,3,1,2,30
201501MM71031,-0.085527,51.446286,3,2,1,2015-09-15,3,September,07:59:00,7,1,2,30
201501MM71033,-0.102486,51.495392,3,2,1,2015-12-14,2,December,10:28:00,10,1,1,30
201501MM71034,-0.05553,51.498579,3,2,1,2015-09-16,4,September,13:30:00,13,2,2,30
201501MM71035,-0.092877,51.501261,3,3,2,2015-11-01,1,November,03:15:00,3,1,1,30
201501MM71036,-0.054938,51.498929,3,2,1,2015-12-14,2,December,07:30:00,7,1,1,30
201501MM71037,-0.098803,51.500818,3,2,1,2015-12-14,2,December,16:56:00,16,1,1,30
201501MM71038,-0.081364,51.490642,3,2,1,2015-09-25,6,September,12:45:00,12,1,1,30
201501MM71039,-0.078065,51.428628,3,2,1,2015-09-30,4,September,08:18:00,8,1,1,30
201501MM71040,-0.096155,51.457161,3,2,1,2015-10-12,2,October,08:25:00,8,1,1,20
201501MM71041,-0.095751,51.504905,3,2,1,2015-10-14,4,October,09:50:00,9,1,1,20
201501MM71042,-0.085626,51.49206,2,1,1,2015-10-22,5,October,15:35:00,15,1,1,20
201501MM71043,-0.050155,51.465847,3,1,1,2015-12-15,3,December,16:30:00,16,1,1,30
201501MM71044,-0.050809,51.491037,3,2,2,2015-12-15,3,December,15:34:00,15,2,2,30
201501MM71045,-0.06046,51.480856,3,2,1,2015-10-27,3,October,09:47:00,9,1,1,30
201501MM71046,-0.079137,51.461379,3,2,1,2015-10-27,3,October,19:15:00,19,1,1,20
201501MM71047,-0.063923,51.473899,3,3,1,2015-07-30,5,July,07:30:00,7,1,1,30
201501MM71048,-0.102636,51.491797,3,2,1,2015-12-11,6,December,20:17:00,20,1,1,30
201501MM71049,-0.061464,51.463966,3,1,2,2015-12-15,3,December,15:45:00,15,2,2,30
201501MM71050,-0.094539,51.482134,3,3,1,2015-12-15,3,December,19:10:00,19,2,2,30
201501MM71051,-0.067511,51.457142,3,1,1,2015-12-03,5,December,11:38:00,11,1,1,30
201501MM71053,-0.054794,51.498927,3,2,1,2015-12-15,3,December,17:55:00,17,2,2,30
201501MM71054,-0.093609,51.494079,3,2,1,2015-12-16,4,December,15:56:00,15,1,1,30
201501MM71055,-0.066099,51.487154,3,2,1,2015-12-12,7,December,23:30:00,23,1,2,30
201501MM71057,-0.079955,51.489899,3,2,1,2015-12-12,7,December,11:20:00,11,8,2,30
201501MM71058,-0.095774,51.504366,3,2,1,2015-12-18,6,December,22:50:00,22,1,1,30
201501MM71059,-0.062047,51.467213,3,2,1,2015-12-20,1,December,15:30:00,15,1,1,30
201501MM71060,-0.089704,51.473782,3,2,1,2015-12-18,6,December,14:00:00,14,1,1,30
201501MM71061,-0.07951,51.476493,3,2,1,2015-12-18,6,December,08:20:00,8,1,1,30
201501MM71062,-0.087819,51.453428,3,2,1,2015-12-12,7,December,12:40:00,12,1,1,30
201501MM71064,-0.096532,51.48963,3,1,1,2015-12-21,2,December,19:00:00,19,1,2,30
201501MM71065,-0.099624,51.491479,3,1,1,2015-12-16,4,December,13:43:00,13,1,2,30
201501MM71066,-0.107595,51.497273,3,2,2,2015-12-22,3,December,09:00:00,9,1,1,30
201501MM71067,-0.081788,51.487411,3,2,1,2015-12-22,3,December,11:43:00,11,5,2,30
201501MM71068,-0.078808,51.500042,3,1,1,2015-12-23,4,December,23:46:00,23,1,1,30
201501MM71070,-0.085942,51.494853,3,1,2,2015-12-23,4,December,20:40:00,20,1,1,30
201501MM71071,-0.070633,51.48552,3,2,1,2015-12-23,4,December,17:07:00,17,1,1,30
201501MM71073,-0.078409,51.488975,3,2,1,2015-12-28,2,December,03:52:00,3,1,1,30
201501MM71074,-0.086837,51.473465,3,2,1,2015-12-15,3,December,20:15:00,20,1,1,30
201501MM71076,-0.085638,51.450515,3,2,1,2015-12-24,5,December,14:30:00,14,1,1,30
201501MM71077,-0.061329,51.473946,2,1,1,2015-08-24,2,August,19:45:00,19,1,1,30
201501MM71078,-0.102607,51.506365,3,2,1,2015-12-15,3,December,00:03:00,0,1,2,30
201501MM71079,-0.068637,51.478203,3,2,1,2015-12-18,6,December,15:25:00,15,1,1,30
201501MM71080,-0.06074,51.48104,2,2,1,2015-11-30,2,November,08:20:00,8,2,2,30
201501MM71081,-0.086017,51.427679,3,2,2,2015-12-26,7,December,14:34:00,14,1,1,30
201501MM71082,-0.100033,51.498949,3,2,1,2015-10-29,5,October,18:40:00,18,2,2,30
201501MM71083,-0.088776,51.440854,3,2,1,2015-10-29,5,October,18:08:00,18,2,2,30
201501MM71084,-0.054132,51.470499,3,2,1,2015-11-04,4,November,15:40:00,15,1,1,30
201501MM71085,-0.075143,51.474173,3,2,1,2015-12-17,5,December,08:25:00,8,1,1,30
201501MM71086,-0.058076,51.47596,3,2,1,2015-12-31,5,December,00:01:00,0,1,1,30
201501MM71088,-0.08362,51.481506,3,2,1,2015-12-12,7,December,23:14:00,23,1,1,30
201501MM71093,-0.086634,51.505836,3,1,1,2015-12-16,4,December,06:55:00,6,8,2,30
201501MM71096,-0.07977,51.49772,3,2,1,2015-12-19,7,December,02:20:00,2,8,2,30
201501MM71097,-0.099843,51.496608,3,2,1,2015-12-22,3,December,07:35:00,7,1,2,30
201501MM71102,-0.083989,51.455524,3,2,1,2015-10-14,4,October,06:50:00,6,1,1,20
201501MM71107,-0.095755,51.504815,3,2,1,2015-12-22,3,December,20:30:00,20,1,1,30
201501MM71118,-0.062282,51.482055,2,4,2,2015-12-19,7,December,00:37:00,0,1,1,30
201501MM71119,-0.074042,51.486655,3,1,2,2015-12-20,1,December,14:20:00,14,1,2,30
201501MM71123,-0.05748,51.479817,3,2,1,2015-08-12,4,August,09:25:00,9,1,1,30
201501MM71124,-0.061329,51.473946,3,2,1,2015-12-30,4,December,16:20:00,16,4,2,30
201501MM71127,-0.070126,51.477058,3,2,2,2015-08-26,4,August,08:35:00,8,1,1,30
201501MM71129,-0.053022,51.472909,3,1,1,2015-08-11,3,August,17:30:00,17,1,1,30
201501MM71131,-0.076327,51.504228,3,2,1,2015-12-08,3,December,19:20:00,19,1,1,30
201501MM71133,-0.101172,51.49582,3,1,1,2015-12-31,5,December,12:03:00,12,1,1,30
201501MM71134,-0.094676,51.482316,3,2,1,2015-11-05,5,November,15:07:00,15,2,2,20
201501MM71135,-0.089544,51.505164,3,2,1,2015-10-07,4,October,11:25:00,11,1,1,30
201501MM71136,-0.061773,51.487262,3,2,2,2015-10-08,5,October,16:15:00,16,1,1,30
201501MM71138,-0.082718,51.496149,3,2,1,2015-10-13,3,October,08:10:00,8,1,1,30
201501MM71142,-0.085969,51.483883,3,2,1,2015-12-24,5,December,01:00:00,1,1,1,30
201501MM71144,-0.093512,51.496415,3,2,1,2015-11-07,7,November,13:09:00,13,2,2,30
201501MM71150,-0.068464,51.472085,2,1,1,2015-12-30,4,December,11:40:00,11,1,1,30
201501MM71151,-0.095373,51.489791,3,1,1,2015-12-27,1,December,16:21:00,16,1,1,30
201501MM71154,-0.065996,51.441919,3,2,1,2015-11-06,6,November,02:30:00,2,9,1,30
201501MM79001,-0.098029,51.491723,3,1,1,2015-09-18,6,September,09:30:00,9,1,1,30
201501MM79003,-0.097824,51.475892,3,2,1,2015-11-09,2,November,14:17:00,14,1,1,30
201501MM79007,-0.060576,51.498483,3,2,1,2015-11-03,3,November,07:20:00,7,1,1,30
201501MM79010,-0.079798,51.479915,3,2,1,2015-11-13,6,November,08:50:00,8,1,1,30
201501MM79011,-0.053715,51.4972,3,2,1,2015-11-16,2,November,09:18:00,9,1,2,30
201501MM79013,-0.07671,51.423211,3,1,1,2015-11-18,4,November,11:00:00,11,1,1,30
201501MM79015,-0.070604,51.445232,3,2,2,2015-09-07,2,September,08:30:00,8,1,1,30
201501MM79017,-0.080656,51.49036,3,2,1,2015-09-10,5,September,12:24:00,12,1,1,30
201501MM79018,-0.083266,51.489954,3,2,3,2015-11-26,5,November,14:15:00,14,1,1,30
201501MM79019,-0.089393,51.505341,3,1,1,2015-09-18,6,September,10:56:00,10,1,1,30
201501MM79020,-0.047316,51.491878,3,1,1,2015-09-21,2,September,07:05:00,7,1,1,20
201501MM79021,-0.091727,51.50466,2,1,2,2015-09-25,6,September,08:51:00,8,1,1,30
201501MM79033,-0.096122,51.502932,2,2,1,2015-10-19,2,October,09:10:00,9,1,1,30
201501MM79034,-0.095751,51.504905,3,2,1,2015-10-15,5,October,09:45:00,9,1,1,30
201501MM79039,-0.099248,51.497048,3,2,1,2015-10-20,3,October,12:20:00,12,1,1,30
201501MM79040,-0.10046,51.495629,3,2,1,2015-08-16,1,August,05:15:00,5,1,1,30
201501MM79049,-0.104714,51.500734,3,2,1,2015-11-25,4,November,21:00:00,21,1,1,30
201501MM79050,-0.087638,51.505942,3,1,1,2015-11-30,2,November,11:24:00,11,9,1,30
201501MM79055,-0.059608,51.480572,3,2,1,2015-12-01,3,December,10:45:00,10,1,1,30
201501MM79060,-0.091516,51.49935,3,2,1,2015-11-18,4,November,17:50:00,17,2,2,30
201501MM79076,-0.068934,51.464359,3,2,1,2015-11-12,5,November,00:18:00,0,1,1,30
201501MM79081,-0.065216,51.467176,3,1,1,2015-12-03,5,December,16:23:00,16,1,1,30
201501MM79083,-0.05249,51.458332,3,2,1,2015-12-04,6,December,07:37:00,7,1,1,30
201501MM79084,-0.07897,51.489344,3,1,2,2015-12-04,6,December,12:14:00,12,1,1,30
201501MM79086,-0.101466,51.506077,3,1,1,2015-12-08,3,December,23:15:00,23,1,1,30
201501MM79088,-0.080261,51.45861,3,2,1,2015-12-20,1,December,19:00:00,19,1,2,30
201501MM79106,-0.074318,51.486929,3,2,1,2015-12-02,4,December,18:39:00,18,1,1,30
201501MM79113,-0.103767,51.478417,3,2,1,2015-10-30,6,October,13:10:00,13,1,1,30
201501MM79162,-0.093036,51.500904,3,3,1,2015-10-15,5,October,11:20:00,11,1,1,30
201501MM79163,-0.099096,51.476453,2,2,1,2015-11-25,4,November,06:29:00,6,2,2,30
201501MM79182,-0.078645,51.500489,3,1,1,2015-10-14,4,October,09:10:00,9,1,1,30
201501MM79186,-0.06531,51.492177,3,2,1,2015-10-20,3,October,09:25:00,9,1,1,30
201501MM79187,-0.081278,51.492709,3,2,1,2015-11-27,6,November,08:20:00,8,1,1,30
201501MM79188,-0.057484,51.479727,3,2,1,2015-11-11,4,November,08:43:00,8,1,1,30
201501MM79206,-0.084975,51.493848,3,1,1,2015-12-11,6,December,12:00:00,12,1,1,30
201501MM79207,-0.084055,51.495182,3,2,1,2015-12-13,1,December,20:10:00,20,1,1,30
201501MM79216,-0.075143,51.474173,3,2,1,2015-11-09,2,November,09:50:00,9,1,1,30
201501MM79236,-0.09323,51.441016,3,1,1,2015-12-27,1,December,18:09:00,18,1,1,30
201501MM79238,-0.055798,51.499034,3,2,1,2015-12-31,5,December,08:35:00,8,1,1,30
201501MM79252,-0.065463,51.485165,3,2,2,2015-11-28,7,November,15:00:00,15,1,1,30
201501MM79278,-0.095467,51.50481,3,2,2,2015-11-01,1,November,09:25:00,9,1,1,30
201501MM79279,-0.085905,51.499169,3,1,1,2015-11-24,3,November,18:45:00,18,1,1,30
201501MM79280,-0.057467,51.473342,3,2,1,2015-11-25,4,November,07:20:00,7,1,1,30
201501MM79283,-0.056476,51.479711,3,2,1,2015-12-16,4,December,07:54:00,7,1,1,30
201501MM79290,-0.055176,51.473034,3,2,1,2015-12-18,6,December,08:20:00,8,1,1,30
201501PL60005,-0.013194,51.428446,2,2,1,2015-01-08,5,January,07:10:00,7,2,2,30
201501PL60011,-0.036228,51.468312,3,2,2,2015-01-12,2,January,08:42:00,8,1,1,30
201501PL60012,-0.021167,51.470307,3,1,1,2015-01-08,5,January,18:23:00,18,1,1,30
201501PL60013,-0.029077,51.47053,3,2,2,2015-01-04,1,January,19:45:00,19,1,1,30
201501PL60014,-0.052383,51.477754,3,1,1,2015-01-08,5,January,13:12:00,13,1,2,30
201501PL60015,-0.036922,51.475608,3,1,1,2015-01-04,1,January,23:41:00,23,1,1,30
201501PL60016,-0.03707,51.47552,3,2,1,2015-01-11,1,January,11:00:00,11,1,1,30
201501PL60019,-0.038229,51.47536,3,2,1,2015-01-06,3,January,07:24:00,7,8,2,30
201501PL60020,-0.054569,51.446676,3,1,1,2015-01-12,2,January,18:11:00,18,1,1,30
201501PL60021,-0.073711,51.426129,3,2,1,2015-01-10,7,January,21:30:00,21,1,1,30
201501PL60022,-0.040401,51.471709,3,2,2,2015-01-09,6,January,08:25:00,8,1,2,30
201501PL60023,-0.05226,51.440073,3,3,1,2015-01-12,2,January,18:30:00,18,2,2,30
201501PL60024,-0.034051,51.458654,3,2,1,2015-01-05,2,January,16:47:00,16,1,1,30
201501PL60025,-0.049411,51.476536,2,2,3,2015-01-03,7,January,06:25:00,6,2,2,30
201501PL60027,0.026063,51.434608,3,4,1,2015-01-07,4,January,15:55:00,15,1,1,30
201501PL60028,-0.063695,51.438464,3,2,1,2015-01-07,4,January,18:30:00,18,2,2,30
201501PL60029,0.009442,51.472215,2,1,1,2015-01-14,4,January,16:03:00,16,4,1,30
201501PL60030,-0.028156,51.475191,3,2,1,2015-01-06,3,January,15:00:00,15,8,2,30
201501PL60031,-0.023302,51.467555,3,2,1,2015-01-10,7,January,21:00:00,21,1,1,30
201501PL60042,-0.016607,51.452604,3,2,1,2015-01-07,4,January,10:30:00,10,2,2,30
201501PL60043,-0.014714,51.456439,3,2,1,2015-01-10,7,January,20:30:00,20,1,1,30
201501PL60045,0.001056,51.44511,3,3,1,2015-01-16,6,January,17:15:00,17,1,1,30
201501PL60046,-0.020456,51.443497,3,1,1,2015-01-17,7,January,23:00:00,23,1,1,30
201501PL60047,-0.020615,51.439813,3,1,1,2015-01-23,6,January,13:42:00,13,1,1,30
201501PL60049,0.020185,51.43507,3,2,2,2015-01-17,7,January,23:50:00,23,8,1,30
201501PL60050,-0.049698,51.425912,3,1,1,2015-01-20,3,January,07:30:00,7,1,1,30
201501PL60051,-0.055594,51.439499,3,3,1,2015-01-20,3,January,07:20:00,7,8,4,30
201501PL60052,-0.018494,51.425658,3,1,1,2015-01-17,7,January,12:39:00,12,8,2,30
201501PL60053,-0.034402,51.460548,3,2,1,2015-01-23,6,January,13:35:00,13,1,1,30
201501PL60054,-0.039551,51.427721,3,2,1,2015-01-22,5,January,08:30:00,8,1,1,30
201501PL60055,0.011625,51.430181,3,2,1,2015-01-15,5,January,22:00:00,22,1,2,30
201501PL60056,-0.060732,51.440483,3,2,1,2015-01-23,6,January,22:00:00,22,2,2,30
201501PL60060,-0.008129,51.455608,3,1,2,2015-01-21,4,January,18:35:00,18,1,2,30
201501PL60062,-0.033778,51.485087,3,1,1,2015-01-15,5,January,15:45:00,15,1,1,30
201501PL60063,-0.016607,51.452604,3,2,1,2015-01-21,4,January,10:20:00,10,1,2,30
201501PL60064,0.021324,51.431543,3,2,1,2015-01-13,3,January,07:15:00,7,1,1,30
201501PL60065,-0.005854,51.445048,3,2,1,2015-01-19,2,January,21:07:00,21,1,1,30
201501PL60066,-0.026581,51.474985,3,1,1,2015-01-17,7,January,00:46:00,0,4,1,30
201501PL60067,-0.006861,51.445065,3,1,1,2015-01-16,6,January,16:30:00,16,1,1,30
201501PL60069,-0.016759,51.452427,3,2,1,2015-01-17,7,January,00:33:00,0,1,1,30
201501PL60072,-0.042354,51.489997,3,2,1,2015-01-14,4,January,18:00:00,18,8,1,30
201501PL60073,0.012498,51.45004,3,2,1,2015-01-15,5,January,10:40:00,10,1,2,30
201501PL60074,-0.012762,51.458295,3,1,1,2015-01-02,6,January,23:00:00,23,1,1,30
201501PL60075,-0.007812,51.462887,3,2,1,2015-01-22,5,January,07:39:00,7,1,2,30
201501PL60076,-0.029081,51.47044,3,2,1,2015-01-19,2,January,13:35:00,13,1,1,30
201501PL60077,-0.000051,51.419769,3,2,1,2015-01-20,3,January,09:27:00,9,1,1,30
201501PL60078,0.014489,51.446229,3,2,1,2015-01-13,3,January,17:54:00,17,1,1,30
201501PL60079,-0.052811,51.477851,3,1,1,2015-01-08,5,January,09:35:00,9,2,2,30
201501PL60080,-0.009039,51.467764,3,2,1,2015-01-23,6,January,15:09:00,15,4,4,30
201501PL60081,-0.043635,51.460073,3,1,1,2015-01-14,4,January,09:00:00,9,1,1,30
201501PL60084,0.009599,51.433183,3,2,1,2015-01-23,6,January,22:30:00,22,1,1,30
201501PL60088,0.011769,51.45311,3,1,1,2015-01-24,7,January,07:40:00,7,1,2,30
201501PL60090,-0.036347,51.465526,3,2,1,2015-01-28,4,January,11:50:00,11,2,2,30
201501PL60091,-0.019018,51.4468,3,1,1,2015-01-25,1,January,20:36:00,20,1,1,30
201501PL60092,-0.029629,51.447698,3,1,1,2015-01-31,7,January,07:13:00,7,2,2,30
201501PL60093,-0.022933,51.476092,3,1,1,2015-01-25,1,January,18:49:00,18,1,1,30
201501PL60095,-0.009986,51.44269,3,1,1,2015-01-25,1,January,19:30:00,19,1,1,30
201501PL60096,-0.024878,51.481071,3,2,1,2015-01-28,4,January,06:41:00,6,2,2,30
201501PL60097,-0.035786,51.428287,3,1,1,2015-01-24,7,January,20:08:00,20,1,1,30
201501PL60098,-0.023429,51.444626,3,1,1,2015-01-24,7,January,19:00:00,19,1,1,30
201501PL60099,-0.03411,51.474032,3,2,1,2015-01-29,5,January,22:27:00,22,1,2,30
201501PL60101,-0.030112,51.453192,3,3,2,2015-01-29,5,January,17:00:00,17,1,1,30
201501PL60104,-0.019787,51.445644,3,1,1,2015-01-29,5,January,09:50:00,9,1,1,30
201501PL60105,-0.011217,51.464024,3,1,1,2015-01-04,1,January,15:40:00,15,1,1,30
201501PL60106,-0.034954,51.461097,3,3,1,2015-01-31,7,January,18:46:00,18,1,2,30
201501PL60107,-0.052667,51.477849,3,2,1,2015-02-01,1,February,10:11:00,10,1,1,30
201501PL60108,-0.042741,51.443961,3,1,1,2015-01-26,2,January,06:45:00,6,1,1,30
201501PL60109,-0.018924,51.465593,3,2,1,2015-01-27,3,January,16:44:00,16,1,1,30
201501PL60110,-0.000051,51.419769,3,2,1,2015-02-07,7,February,16:00:00,16,1,1,30
201501PL60111,-0.000386,51.425261,3,2,1,2015-01-24,7,January,22:05:00,22,1,1,30
201501PL60112,0.019867,51.44092,3,2,1,2015-01-26,2,January,07:10:00,7,2,2,30
201501PL60115,-0.014718,51.456349,3,2,1,2015-02-10,3,February,10:10:00,10,1,2,30
201501PL60116,-0.050435,51.442381,3,2,1,2015-01-31,7,January,20:15:00,20,1,1,30
201501PL60117,-0.003887,51.424151,3,2,1,2015-02-10,3,February,06:30:00,6,1,1,30
201501PL60121,0.00179,51.458587,3,2,1,2015-02-10,3,February,07:08:00,7,1,2,30
201501PL60122,-0.00882,51.426483,3,2,1,2015-02-10,3,February,07:05:00,7,1,1,30
201501PL60124,-0.017618,51.445877,3,1,1,2015-02-15,1,February,20:14:00,20,1,1,30
201501PL60126,-0.013365,51.457675,3,2,1,2015-02-10,3,February,08:11:00,8,1,1,30
201501PL60129,-0.052404,51.440075,3,2,1,2015-02-05,5,February,22:56:00,22,4,2,30
201501PL60131,-0.008278,51.462085,3,2,1,2015-02-13,6,February,15:02:00,15,1,2,30
201501PL60133,-0.048986,51.42572,3,2,1,2015-02-10,3,February,09:15:00,9,1,1,30
201501PL60134,-0.021983,51.444782,3,2,1,2015-02-16,2,February,18:16:00,18,2,2,30
201501PL60137,0.020176,51.438127,3,1,1,2015-02-23,2,February,08:45:00,8,1,1,30
201501PL60139,-0.017191,51.44578,3,2,1,2015-02-18,4,February,15:20:00,15,1,1,30
201501PL60140,-0.059838,51.431026,3,2,1,2015-02-18,4,February,11:50:00,11,1,1,30
201501PL60144,-0.043643,51.459893,3,1,1,2015-01-07,4,January,19:30:00,19,1,1,30
201501PL60147,0.00654,51.458595,3,2,1,2015-03-04,4,March,07:35:00,7,1,1,30
201501PL60148,-0.041429,51.474604,3,2,1,2015-02-17,3,February,11:30:00,11,1,2,30
201501PL60149,-0.031162,51.442148,3,1,1,2015-02-24,3,February,15:45:00,15,1,2,30
201501PL60150,-0.033311,51.439037,3,1,1,2015-02-20,6,February,14:08:00,14,1,1,30
201501PL60151,-0.016946,51.451441,3,2,1,2015-02-19,5,February,16:23:00,16,2,2,30
201501PL60152,-0.016801,51.464748,3,2,1,2015-03-03,3,March,10:15:00,10,1,1,30
201501PL60153,-0.057576,51.440251,3,1,1,2015-02-10,3,February,15:20:00,15,1,2,30
201501PL60154,-0.035222,51.47495,3,2,1,2015-03-04,4,March,23:20:00,23,1,1,30
201501PL60155,-0.009888,51.461483,2,1,1,2015-03-05,5,March,08:30:00,8,1,1,30
201501PL60156,-0.034289,51.436356,3,2,1,2015-02-15,1,February,14:45:00,14,1,1,30
201501PL60157,0.009902,51.456469,3,2,1,2015-02-17,3,February,16:20:00,16,1,1,30
201501PL60158,-0.032912,51.475091,3,1,1,2015-03-06,6,March,10:05:00,10,1,1,30
201501PL60159,-0.026302,51.481455,3,1,1,2015-02-20,6,February,08:05:00,8,1,2,30
201501PL60160,-0.035222,51.47495,3,2,1,2015-02-28,7,February,16:05:00,16,1,1,30
201501PL60161,-0.035616,51.465784,3,2,1,2015-03-02,2,March,10:57:00,10,1,1,30
201501PL60162,-0.034939,51.474855,3,1,1,2015-02-28,7,February,12:50:00,12,1,1,30
201501PL60163,-0.046234,51.44303,3,1,1,2015-02-19,5,February,22:00:00,22,2,2,30
201501PL60164,-0.010441,51.442158,3,1,1,2015-02-27,6,February,08:43:00,8,1,1,30
201501PL60165,-0.016961,51.451082,3,1,1,2015-02-16,2,February,08:38:00,8,1,1,30
201501PL60167,-0.016926,51.45189,3,2,1,2015-03-02,2,March,18:46:00,18,1,1,30
201501PL60168,-0.016801,51.464748,3,2,1,2015-02-17,3,February,21:27:00,21,1,1,30
201501PL60169,-0.052667,51.477849,3,2,1,2015-02-19,5,February,19:05:00,19,1,1,30
201501PL60170,-0.017024,51.449644,3,2,1,2015-02-20,6,February,13:50:00,13,1,1,30
201501PL60171,-0.013176,51.445442,3,1,1,2015-03-05,5,March,14:45:00,14,1,1,30
201501PL60172,-0.029913,51.471174,3,2,1,2015-03-10,3,March,17:35:00,17,1,1,30
201501PL60173,-0.04769,51.479744,3,2,1,2015-03-14,7,March,07:32:00,7,1,1,30
201501PL60174,-0.005985,51.461867,3,2,2,2015-03-10,3,March,08:46:00,8,1,1,30
201501PL60176,-0.003124,51.448239,3,1,1,2015-03-07,7,March,13:50:00,13,1,1,30
201501PL60178,-0.052868,51.476503,3,2,1,2015-03-11,4,March,07:52:00,7,1,1,30
201501PL60179,-0.020098,51.445109,3,1,1,2015-03-10,3,March,21:39:00,21,1,1,30
201501PL60180,0.002562,51.440048,3,2,2,2015-03-15,1,March,17:15:00,17,1,2,30
201501PL60182,-0.036203,51.465524,3,2,2,2015-03-07,7,March,14:30:00,14,1,1,30
201501PL60185,0.005394,51.432446,3,2,1,2015-03-11,4,March,22:20:00,22,1,1,30
201501PL60187,-0.01836,51.465314,3,2,1,2015-02-20,6,February,17:05:00,17,1,1,30
201501PL60188,-0.052379,51.477844,3,2,1,2015-03-08,1,March,22:26:00,22,1,1,30
201501PL60189,-0.016926,51.45189,2,2,1,2015-03-10,3,March,07:30:00,7,1,1,30
201501PL60190,-0.033043,51.468708,3,2,1,2015-03-14,7,March,18:20:00,18,1,1,30
201501PL60191,0.004981,51.429575,3,1,1,2015-02-25,4,February,08:30:00,8,1,1,30
201501PL60192,-0.05063,51.437798,3,1,1,2015-01-23,6,January,15:30:00,15,1,1,30
201501PL60193,0.021385,51.442693,3,2,1,2015-03-15,1,March,18:15:00,18,1,2,30
201501PL60195,-0.037062,51.4757,2,2,1,2015-03-09,2,March,19:45:00,19,1,1,30
201501PL60196,-0.042344,51.426329,2,2,1,2015-02-16,2,February,14:15:00,14,2,2,30
201501PL60197,0.008095,51.457939,3,2,1,2015-03-18,4,March,07:05:00,7,1,1,30
201501PL60198,-0.052503,51.437739,3,1,1,2015-03-18,4,March,15:40:00,15,1,1,30
201501PL60199,-0.04018,51.436544,2,3,1,2015-03-16,2,March,03:21:00,3,2,2,30
201501PL60200,-0.016945,51.46475,3,2,1,2015-03-16,2,March,08:45:00,8,2,2,30
201501PL60201,-0.051405,51.439879,3,2,1,2015-03-11,4,March,07:30:00,7,1,1,30
201501PL60202,-0.019884,51.456707,3,1,1,2015-03-10,3,March,16:45:00,16,1,1,30
201501PL60203,0.014489,51.446229,3,2,1,2015-03-17,3,March,18:30:00,18,1,1,30
201501PL60205,-0.05138,51.484392,3,2,1,2015-03-12,5,March,09:20:00,9,1,1,30
201501PL60207,-0.039698,51.427633,3,2,1,2015-03-13,6,March,12:05:00,12,1,1,30
201501PL60208,-0.029012,51.475385,3,2,1,2015-03-17,3,March,12:10:00,12,1,1,30
201501PL60209,-0.026031,51.457709,3,2,1,2015-03-15,1,March,21:00:00,21,1,1,30
201501PL60210,-0.018439,51.436898,3,1,1,2015-02-26,5,February,10:17:00,10,1,2,30
201501PL60211,0.004676,51.425893,3,2,1,2015-02-14,7,February,11:21:00,11,1,1,30
201501PL60212,-0.003698,51.451576,2,2,1,2015-03-16,2,March,23:23:00,23,1,1,30
201501PL60214,-0.037358,51.475525,3,2,1,2015-03-13,6,March,07:07:00,7,1,1,30
201501PL60215,-0.016121,51.457182,3,2,1,2015-02-14,7,February,17:15:00,17,1,1,30
201501PL60218,-0.012567,51.45946,3,2,1,2015-02-18,4,February,12:13:00,12,1,1,30
201501PL60219,-0.053795,51.478407,2,1,1,2015-02-20,6,February,21:00:00,21,1,1,30
201501PL60222,-0.042678,51.442071,3,2,1,2015-03-21,7,March,16:40:00,16,1,1,30
201501PL60232,-0.006039,51.450716,3,2,1,2015-02-20,6,February,17:10:00,17,1,1,30
201501PL60234,-0.042642,51.490002,3,1,1,2015-04-05,1,April,19:05:00,19,1,1,30
201501PL60235,-0.003498,51.426483,3,1,1,2015-03-19,5,March,15:30:00,15,1,1,30
201501PL60237,-0.023285,51.444624,3,1,1,2015-03-27,6,March,14:47:00,14,1,1,30
201501PL60238,0.008986,51.465118,3,2,1,2015-03-27,6,March,08:40:00,8,1,1,30
201501PL60239,-0.029236,51.470173,3,2,1,2015-04-01,4,April,15:10:00,15,1,1,30
201501PL60240,0.007836,51.422512,3,2,1,2015-04-01,4,April,15:57:00,15,4,1,30
201501PL60241,0.020157,51.44748,3,2,1,2015-03-23,2,March,07:50:00,7,1,1,30
201501PL60242,-0.033755,51.442102,3,2,1,2015-03-24,3,March,19:00:00,19,2,2,30
201501PL60243,-0.016961,51.451082,3,1,1,2015-03-24,3,March,15:55:00,15,1,1,30
201501PL60244,-0.009838,51.442777,3,2,1,2015-03-20,6,March,22:00:00,22,1,1,30
201501PL60245,-0.025289,51.468218,3,2,1,2015-03-12,5,March,16:20:00,16,1,1,30
201501PL60246,-0.030871,51.475686,3,2,1,2015-03-24,3,March,19:20:00,19,2,2,30
201501PL60247,0.00422,51.445056,3,2,1,2015-03-26,5,March,10:15:00,10,2,2,30
201501PL60248,-0.003925,51.459583,3,2,1,2015-03-27,6,March,12:45:00,12,1,1,30
201501PL60249,-0.016965,51.450992,3,1,1,2015-04-02,5,April,14:45:00,14,1,1,30
201501PL60251,0.013149,51.425568,3,1,1,2015-04-01,4,April,08:50:00,8,1,1,30
201501PL60252,-0.012132,51.459543,3,2,1,2015-03-23,2,March,09:40:00,9,1,1,30
201501PL60253,0.010331,51.469502,3,2,1,2015-03-26,5,March,07:35:00,7,2,2,30
201501PL60254,-0.028983,51.445979,3,2,1,2015-03-28,7,March,13:00:00,13,1,1,30
201501PL60256,-0.016961,51.451082,3,1,1,2015-03-15,1,March,13:59:00,13,2,2,30
201501PL60257,-0.026873,51.481554,2,1,1,2015-03-11,4,March,18:32:00,18,1,1,30
201501PL60258,-0.012065,51.464398,3,2,1,2015-03-16,2,March,14:13:00,14,1,1,30
201501PL60259,-0.046189,51.474414,3,2,1,2015-04-05,1,April,00:43:00,0,1,2,30
201501PL60260,-0.031453,51.472189,3,3,2,2015-03-21,7,March,01:10:00,1,1,1,30
201501PL60261,-0.037042,51.429208,3,1,1,2015-03-23,2,March,13:40:00,13,1,1,30
201501PL60262,-0.003343,51.423422,3,2,1,2015-03-24,3,March,18:40:00,18,1,1,30
201501PL60263,-0.014232,51.424417,3,2,1,2015-04-04,7,April,07:00:00,7,1,2,30
201501PL60264,-0.017024,51.449644,3,2,1,2015-04-09,5,April,14:20:00,14,1,1,30
201501PL60266,-0.022739,51.477258,3,2,1,2015-04-15,4,April,07:10:00,7,1,1,30
201501PL60267,-0.011139,51.4294,3,2,1,2015-04-11,7,April,23:15:00,23,1,1,30
201501PL60268,-0.029081,51.47044,3,1,1,2015-04-11,7,April,06:33:00,6,1,1,30
201501PL60269,-0.031877,51.425524,3,2,1,2015-04-13,2,April,12:03:00,12,1,1,30
201501PL60270,-0.041247,51.448612,3,1,1,2015-04-02,5,April,04:39:00,4,1,1,30
201501PL60271,-0.015838,51.450433,3,2,1,2015-04-15,4,April,19:55:00,19,1,1,30
201501PL60272,-0.048134,51.442342,3,1,1,2015-04-11,7,April,03:00:00,3,1,2,30
201501PL60273,-0.026153,51.474888,3,2,1,2015-04-06,2,April,12:15:00,12,1,1,30
201501PL60274,-0.02401,51.474492,3,1,1,2015-04-15,4,April,16:10:00,16,1,1,30
201501PL60275,-0.031551,51.439817,3,1,1,2015-04-15,4,April,04:30:00,4,1,1,30
201501PL60277,-0.02577,51.42704,3,1,1,2015-01-06,3,January,16:46:00,16,1,1,30
201501PL60278,-0.041072,51.432512,3,2,1,2015-04-14,3,April,18:15:00,18,1,1,30
201501PL60279,-0.017338,51.44902,3,2,1,2015-04-17,6,April,09:55:00,9,1,1,30
201501PL60280,-0.041429,51.474604,3,2,1,2015-04-12,1,April,19:40:00,19,1,1,30
201501PL60282,-0.019107,51.438078,3,2,1,2015-03-17,3,March,08:45:00,8,1,1,30
201501PL60283,-0.009561,51.462377,3,1,1,2015-03-10,3,March,12:30:00,12,1,1,30
201501PL60284,-0.044317,51.4778,2,2,1,2015-04-09,5,April,08:46:00,8,1,1,30
201501PL60285,-0.032912,51.475091,3,2,1,2015-03-24,3,March,23:10:00,23,1,1,30
201501PL60287,-0.03464,51.428178,3,2,1,2015-04-07,3,April,18:45:00,18,1,1,30
201501PL60288,-0.047018,51.475237,3,2,1,2015-04-17,6,April,08:45:00,8,1,1,30
201501PL60291,-0.114194,51.393155,3,1,1,2015-03-31,3,March,10:35:00,10,1,1,30
201501PL60292,-0.014718,51.456349,3,2,1,2015-04-06,2,April,12:25:00,12,1,1,30
201501PL60293,-0.005876,51.461055,3,2,1,2015-04-12,1,April,20:38:00,20,1,1,30
201501PL60294,-0.046657,51.490429,3,2,1,2015-04-17,6,April,09:30:00,9,1,1,30
201501PL60295,-0.018878,51.446708,3,2,1,2015-04-12,1,April,14:10:00,14,1,1,30
201501PL60296,-0.036196,51.465704,3,2,1,2015-04-15,4,April,22:05:00,22,1,1,30
201501PL60297,-0.037066,51.47561,3,1,1,2015-04-24,6,April,17:23:00,17,1,1,30
201501PL60298,-0.033171,51.438945,3,1,1,2015-04-22,4,April,19:00:00,19,1,1,30
201501PL60299,-0.033467,51.442097,3,1,1,2015-04-21,3,April,07:55:00,7,1,1,30
201501PL60300,-0.017171,51.449556,3,2,1,2015-03-15,1,March,19:25:00,19,1,1,30
201501PL60301,-0.022022,51.44721,3,2,1,2015-04-27,2,April,14:13:00,14,1,1,30
201501PL60302,-0.025005,51.468124,3,2,1,2015-04-02,5,April,19:00:00,19,1,1,30
201501PL60304,-0.034024,51.459283,3,1,1,2015-04-15,4,April,11:10:00,11,1,1,30
201501PL60306,-0.055984,51.426915,3,2,1,2015-04-20,2,April,17:34:00,17,1,1,30
201501PL60307,-0.043171,51.474274,2,2,1,2015-04-23,5,April,17:07:00,17,1,1,30
201501PL60308,0.023772,51.43159,3,3,1,2015-04-20,2,April,12:45:00,12,1,1,30
201501PL60309,-0.041285,51.474602,3,2,1,2015-04-23,5,April,18:36:00,18,1,1,30
201501PL60310,-0.056699,51.427017,3,1,1,2015-02-13,6,February,21:10:00,21,2,2,30
201501PL60311,-0.060944,51.425289,3,5,2,2015-02-27,6,February,19:25:00,19,1,1,30
201501PL60312,-0.020475,51.43972,3,2,1,2015-04-27,2,April,20:21:00,20,1,1,30
201501PL60313,0.009482,51.456746,3,1,1,2015-04-04,7,April,22:06:00,22,1,1,30
201501PL60314,-0.0363,51.486748,3,2,1,2015-04-23,5,April,07:30:00,7,1,1,30
201501PL60316,0.009901,51.472836,3,2,1,2015-04-27,2,April,22:40:00,22,1,1,30
201501PL60317,-0.037012,51.453397,3,2,1,2015-04-24,6,April,21:15:00,21,1,1,30
201501PL60318,-0.013194,51.428446,2,2,1,2015-04-17,6,April,20:20:00,20,1,1,30
201501PL60319,-0.036568,51.463732,3,1,1,2015-04-10,6,April,21:37:00,21,1,1,30
201501PL60320,-0.011135,51.465911,3,2,1,2015-04-12,1,April,14:00:00,14,1,1,30
201501PL60321,-0.005277,51.461585,3,2,2,2015-04-27,2,April,18:38:00,18,1,1,30
201501PL60323,-0.038956,51.475192,3,1,1,2015-03-10,3,March,08:45:00,8,1,1,30
201501PL60324,-0.01609,51.454574,3,2,1,2015-04-28,3,April,17:05:00,17,1,1,30
201501PL60325,-0.049089,51.446945,3,2,2,2015-04-28,3,April,07:44:00,7,1,1,30
201501PL60326,-0.043078,51.425981,3,1,1,2015-04-28,3,April,08:01:00,8,1,1,30
201501PL60327,-0.063097,51.438993,3,1,1,2015-05-02,7,May,22:34:00,22,2,2,30
201501PL60328,-0.013221,51.457673,3,2,1,2015-05-02,7,May,13:00:00,13,1,1,30
201501PL60329,-0.011789,51.464123,3,2,1,2015-04-30,5,April,19:05:00,19,1,1,30
201501PL60330,-0.016159,51.423101,3,1,1,2015-04-30,5,April,22:05:00,22,1,1,30
201501PL60331,0.013375,51.427453,3,1,1,2015-04-18,7,April,11:51:00,11,1,1,30
201501PL60332,-0.016988,51.450453,3,2,2,2015-04-30,5,April,20:45:00,20,1,1,30
201501PL60333,-0.048275,51.476157,3,2,1,2015-05-01,6,May,11:35:00,11,1,1,30
201501PL60334,-0.058741,51.429749,2,1,1,2015-05-06,4,May,08:00:00,8,1,1,30
201501PL60335,-0.044654,51.490125,3,2,1,2015-05-06,4,May,14:49:00,14,1,1,30
201501PL60336,-0.018267,51.447507,3,1,2,2015-05-01,6,May,17:16:00,17,1,1,30
201501PL60337,-0.018718,51.447065,3,1,1,2015-01-20,3,January,13:52:00,13,1,1,30
201501PL60338,0.021236,51.432803,3,2,1,2015-04-20,2,April,13:20:00,13,1,1,30
201501PL60339,-0.031781,51.42777,3,2,1,2015-04-24,6,April,06:55:00,6,1,1,30
201501PL60340,-0.029355,51.440679,3,2,1,2015-04-28,3,April,17:50:00,17,1,1,30
201501PL60341,0.004981,51.429575,3,2,1,2015-04-26,1,April,21:59:00,21,1,1,30
201501PL60342,-0.003005,51.424586,3,2,1,2015-05-02,7,May,17:30:00,17,1,1,30
201501PL60345,0.020011,51.440918,3,2,1,2015-04-27,2,April,18:30:00,18,1,1,30
201501PL60346,0.014629,51.446136,3,2,1,2015-05-08,6,May,10:37:00,10,1,1,30
201501PL60350,-0.010541,51.463023,2,1,1,2015-02-23,2,February,13:59:00,13,1,1,30
201501PL60352,0.029722,51.432747,3,2,1,2015-01-18,1,January,05:57:00,5,1,1,30
201501PL60353,-0.018722,51.446975,3,2,1,2015-02-02,2,February,19:16:00,19,1,1,30
201501PL60354,0.017708,51.43763,3,2,1,2015-01-28,4,January,17:40:00,17,1,1,30
201501PL60355,-0.004415,51.458243,3,2,1,2015-04-26,1,April,17:30:00,17,1,1,30
201501PL60356,-0.035221,51.434753,3,2,1,2015-05-08,6,May,16:35:00,16,1,2,30
201501PL60357,0.00654,51.445466,3,2,1,2015-03-26,5,March,18:05:00,18,1,1,30
201501PL60358,-0.011629,51.46448,3,1,1,2015-04-20,2,April,09:30:00,9,1,1,30
201501PL60359,-0.026449,51.481367,3,2,1,2015-05-04,2,May,16:42:00,16,1,1,30
201501PL60360,-0.025001,51.468214,3,1,1,2015-04-28,3,April,15:45:00,15,1,1,30
201501PL60361,-0.007917,51.460461,3,2,2,2015-05-09,7,May,16:50:00,16,1,1,30
201501PL60362,-0.018202,51.435725,3,2,1,2015-05-11,2,May,11:40:00,11,1,1,30
201501PL60363,-0.042453,51.484333,3,2,2,2015-05-10,1,May,06:18:00,6,1,1,30
201501PL60364,0.005969,51.458695,3,2,1,2015-05-08,6,May,16:15:00,16,2,2,30
201501PL60365,-0.002234,51.448853,3,2,1,2015-05-13,4,May,09:30:00,9,1,1,30
201501PL60366,-0.028517,51.470161,3,1,1,2015-05-13,4,May,08:30:00,8,1,1,30
201501PL60367,-0.061239,51.425114,3,1,1,2015-05-06,4,May,09:10:00,9,1,1,30
201501PL60372,-0.012915,51.424934,2,3,2,2015-02-27,6,February,12:55:00,12,1,1,30
201501PL60373,-0.053515,51.478223,3,2,1,2015-05-10,1,May,19:23:00,19,1,1,30
201501PL60374,-0.032098,51.48398,3,2,1,2015-05-07,5,May,17:13:00,17,1,1,30
201501PL60375,0.010938,51.430912,3,1,1,2015-05-13,4,May,10:30:00,10,1,1,30
201501PL60377,-0.000196,51.469142,2,2,1,2015-05-12,3,May,19:15:00,19,1,1,30
201501PL60378,0.008061,51.453893,3,1,1,2015-03-04,4,March,09:25:00,9,1,1,30
201501PL60379,-0.011378,51.457012,3,2,1,2015-05-14,5,May,15:00:00,15,1,2,30
201501PL60380,-0.045478,51.474222,3,2,1,2015-05-01,6,May,08:15:00,8,1,1,30
201501PL60381,-0.039232,51.475467,3,2,1,2015-05-16,7,May,18:00:00,18,1,1,30
201501PL60382,-0.04288,51.474359,3,1,1,2015-04-30,5,April,12:55:00,12,1,1,30
201501PL60383,-0.019911,51.466059,3,2,1,2015-05-19,3,May,16:55:00,16,1,1,30
201501PL60385,0.019867,51.431118,3,1,1,2015-05-14,5,May,09:24:00,9,1,1,30
201501PL60386,-0.047405,51.425694,3,2,1,2015-04-23,5,April,18:10:00,18,1,1,30
201501PL60388,0.01517,51.44208,3,2,2,2015-05-12,3,May,18:14:00,18,1,1,30
201501PL60389,0.011998,51.451757,3,1,1,2015-05-09,7,May,17:06:00,17,1,1,30
201501PL60390,-0.025757,51.444036,3,2,1,2015-05-09,7,May,21:40:00,21,1,1,30
201501PL60392,-0.028872,51.475293,3,2,1,2015-05-13,4,May,08:10:00,8,1,1,30
201501PL60393,-0.037699,51.430657,3,2,1,2015-05-21,5,May,08:45:00,8,1,1,30
201501PL60395,-0.01676,51.445772,3,2,2,2015-05-24,1,May,17:00:00,17,1,1,30
201501PL60396,-0.054751,51.44578,3,2,1,2015-05-22,6,May,15:05:00,15,1,1,30
201501PL60397,-0.039988,51.451109,3,2,1,2015-05-15,6,May,16:00:00,16,1,1,30
201501PL60398,-0.038306,51.453419,3,1,1,2015-05-20,4,May,09:00:00,9,1,1,30
201501PL60399,-0.018637,51.42566,2,1,1,2015-05-02,7,May,13:00:00,13,1,1,30
201501PL60400,-0.016801,51.464748,3,2,1,2015-05-19,3,May,19:30:00,19,1,1,30
201501PL60401,-0.039244,51.475197,3,2,1,2015-05-26,3,May,14:10:00,14,1,1,30
201501PL60405,-0.02002,51.456889,3,1,1,2015-04-15,4,April,16:39:00,16,1,1,30
201501PL60406,-0.002282,51.424663,3,1,1,2015-05-20,4,May,20:30:00,20,1,1,30
201501PL60407,-0.007008,51.444978,3,2,1,2015-06-05,6,June,16:10:00,16,1,1,30
201501PL60408,-0.052896,51.438645,3,1,1,2015-05-19,3,May,22:59:00,22,1,1,30
201501PL60409,-0.039695,51.427723,3,2,1,2015-06-05,6,June,23:49:00,23,1,1,30
201501PL60410,-0.057153,51.440064,3,2,1,2015-05-20,4,May,13:35:00,13,1,1,30
201501PL60411,-0.000047,51.462665,3,1,1,2015-05-20,4,May,15:35:00,15,1,1,30
201501PL60412,-0.006175,51.450899,3,2,1,2015-05-18,2,May,17:57:00,17,1,1,30
201501PL60413,0.008461,51.433473,3,2,1,2015-05-16,7,May,16:33:00,16,1,1,30
201501PL60414,-0.037682,51.437761,3,1,1,2015-05-18,2,May,17:00:00,17,1,1,30
201501PL60415,-0.010261,51.462838,3,1,1,2015-05-15,6,May,15:29:00,15,1,1,30
201501PL60416,-0.034806,51.474583,3,2,2,2015-05-25,2,May,12:33:00,12,1,1,30
201501PL60417,-0.030689,51.483237,3,2,2,2015-05-24,1,May,19:00:00,19,1,1,30
201501PL60418,0.009743,51.433181,3,2,2,2015-05-24,1,May,13:05:00,13,1,1,30
201501PL60419,-0.028483,51.477625,3,2,1,2015-05-26,3,May,18:25:00,18,1,1,30
201501PL60420,-0.034177,51.475832,3,2,2,2015-05-21,5,May,18:20:00,18,1,1,30
201501PL60421,-0.02429,51.474676,3,1,2,2015-05-22,6,May,08:20:00,8,1,1,30
201501PL60422,-0.054755,51.44569,3,3,1,2015-05-25,2,May,22:15:00,22,1,2,30
201501PL60423,-0.046621,51.481166,3,2,1,2015-05-06,4,May,18:19:00,18,1,1,30
201501PL60424,-0.00571,51.445045,3,2,1,2015-06-02,3,June,16:12:00,16,1,1,30
201501PL60425,-0.041247,51.448612,3,2,1,2015-06-04,5,June,14:05:00,14,1,1,30
201501PL60426,-0.006863,51.461522,3,1,1,2015-06-08,2,June,08:10:00,8,1,1,30
201501PL60427,0.01301,51.448592,2,1,1,2015-05-19,3,May,08:05:00,8,1,1,30
201501PL60428,-0.008631,51.453998,3,2,1,2015-05-28,5,May,08:45:00,8,1,1,30
201501PL60429,-0.033895,51.442194,3,2,1,2015-05-24,1,May,23:38:00,23,1,1,30
201501PL60430,-0.052239,51.477752,3,2,2,2015-05-16,7,May,19:50:00,19,1,1,30
201501PL60431,-0.025005,51.468124,3,1,1,2015-04-16,5,April,18:31:00,18,1,1,30
201501PL60432,-0.041887,51.447094,3,1,1,2015-05-28,5,May,19:00:00,19,1,1,30
201501PL60433,-0.02429,51.474676,3,2,1,2015-05-29,6,May,19:57:00,19,4,1,30
201501PL60434,-0.069315,51.431452,3,2,1,2015-05-31,1,May,18:43:00,18,1,1,30
201501PL60435,-0.055619,51.421963,3,2,1,2015-05-20,4,May,15:25:00,15,1,1,30
201501PL60438,-0.01822,51.465221,3,1,1,2015-06-03,4,June,09:03:00,9,1,1,30
201501PL60440,-0.054739,51.439305,3,1,1,2015-06-04,5,June,08:56:00,8,1,1,30
201501PL60441,-0.048646,51.484347,3,2,1,2015-06-04,5,June,08:00:00,8,1,1,30
201501PL60442,-0.015424,51.463286,3,1,1,2015-06-15,2,June,23:34:00,23,1,1,30
201501PL60443,-0.011015,51.465369,3,2,1,2015-06-10,4,June,10:05:00,10,1,1,30
201501PL60444,-0.038956,51.475192,3,2,1,2015-06-06,7,June,07:25:00,7,1,1,30
201501PL60445,-0.012906,51.458297,3,1,1,2015-05-11,2,May,18:37:00,18,1,1,30
201501PL60446,-0.026192,51.443953,3,1,1,2015-05-21,5,May,10:20:00,10,1,1,30
201501PL60448,-0.045968,51.42567,3,2,1,2015-06-16,3,June,14:30:00,14,1,1,30
201501PL60449,-0.024543,51.472163,3,2,1,2015-05-20,4,May,17:30:00,17,1,1,30
201501PL60451,-0.045146,51.471878,3,2,1,2015-05-24,1,May,21:40:00,21,1,1,30
201501PL60452,-0.012224,51.464041,3,2,1,2015-06-16,3,June,18:58:00,18,1,1,30
201501PL60453,-0.034087,51.461172,3,2,1,2015-06-14,1,June,02:15:00,2,1,1,30
201501PL60454,-0.009126,51.46246,2,1,1,2015-06-13,7,June,07:20:00,7,1,1,30
201501PL60455,-0.0391,51.475195,3,2,1,2015-06-14,1,June,02:10:00,2,1,1,30
201501PL60456,-0.037314,51.429572,3,2,1,2015-06-02,3,June,13:56:00,13,4,1,30
201501PL60457,-0.036347,51.465526,3,2,1,2015-06-11,5,June,12:15:00,12,1,1,30
201501PL60458,-0.011573,51.472393,3,2,1,2015-06-16,3,June,00:30:00,0,1,1,30
201501PL60459,-0.03227,51.473282,3,2,1,2015-06-07,1,June,15:13:00,15,1,1,30
201501PL60460,-0.049094,51.473833,3,2,1,2015-06-09,3,June,15:08:00,15,1,1,30
201501PL60461,-0.049273,51.435887,3,2,1,2015-06-12,6,June,16:50:00,16,1,1,30
201501PL60462,-0.028156,51.475191,2,2,1,2015-06-09,3,June,17:20:00,17,1,1,30
201501PL60463,0.014633,51.446226,3,2,1,2015-06-23,3,June,09:15:00,9,1,1,30
201501PL60464,-0.018216,51.465311,3,4,1,2015-06-22,2,June,18:14:00,18,1,1,30
201501PL60466,-0.059013,51.430113,3,2,1,2015-05-19,3,May,23:30:00,23,1,2,30
201501PL60467,-0.04124,51.442047,3,2,1,2015-05-27,4,May,12:00:00,12,1,1,30
201501PL60468,-0.027584,51.475092,3,2,1,2015-06-17,4,June,13:34:00,13,1,1,30
201501PL60470,-0.046399,51.425677,3,2,1,2015-06-15,2,June,10:55:00,10,1,1,30
201501PL60471,-0.03402,51.459372,3,2,1,2015-06-12,6,June,09:10:00,9,1,1,30
201501PL60472,-0.03384,51.453524,3,2,1,2015-06-02,3,June,08:45:00,8,8,2,30
201501PL60473,-0.011793,51.464034,3,2,1,2015-06-21,1,June,06:45:00,6,1,1,30
201501PL60474,-0.02178,51.429491,3,2,1,2015-06-23,3,June,20:30:00,20,1,1,30
201501PL60476,-0.046243,51.466411,3,1,1,2015-06-25,5,June,19:15:00,19,1,1,30
201501PL60477,0.005965,51.458605,3,2,1,2015-06-17,4,June,17:30:00,17,1,1,30
201501PL60478,-0.032912,51.475091,3,2,1,2015-06-26,6,June,10:00:00,10,1,1,30
201501PL60479,-0.026708,51.468692,3,2,1,2015-06-26,6,June,13:38:00,13,1,1,30
201501PL60480,-0.008418,51.462178,3,2,1,2015-06-26,6,June,16:06:00,16,1,1,30
201501PL60481,-0.019911,51.466059,3,2,1,2015-06-15,2,June,14:14:00,14,1,1,30
201501PL60482,-0.027688,51.469338,3,1,1,2015-06-26,6,June,16:12:00,16,1,1,30
201501PL60483,-0.047262,51.425691,3,2,1,2015-06-22,2,June,16:50:00,16,1,1,30
201501PL60484,0.008994,51.465298,3,2,1,2015-05-30,7,May,15:50:00,15,1,1,30
201501PL60485,-0.000803,51.458541,3,2,1,2015-06-08,2,June,21:18:00,21,1,1,30
201501PL60487,-0.034449,51.425927,2,2,1,2015-06-19,6,June,11:50:00,11,1,1,30
201501PL60488,-0.024156,51.444459,3,2,1,2015-05-28,5,May,19:07:00,19,1,1,30
201501PL60489,-0.031015,51.475689,3,2,1,2015-06-17,4,June,19:07:00,19,1,1,30
201501PL60490,-0.017167,51.449646,3,2,1,2015-06-15,2,June,06:45:00,6,1,1,30
201501PL60492,-0.034043,51.458833,3,2,1,2015-06-19,6,June,17:30:00,17,1,1,30
201501PL60493,-0.007535,51.45272,3,2,1,2015-06-23,3,June,08:35:00,8,1,1,30
201501PL60494,-0.047147,51.475599,3,1,1,2015-06-18,5,June,21:58:00,21,1,1,30
201501PL60495,-0.014794,51.464534,3,2,1,2015-06-17,4,June,19:20:00,19,1,1,30
201501PL60496,-0.009309,51.445017,3,2,1,2015-06-12,6,June,14:25:00,14,1,1,30
201501PL60497,-0.020246,51.445022,3,1,1,2015-06-19,6,June,14:40:00,14,1,1,30
201501PL60498,0.008998,51.465388,3,2,2,2015-06-30,3,June,13:10:00,13,1,1,30
201501PL60500,-0.007519,51.466299,3,2,1,2015-07-04,7,July,05:00:00,5,1,2,30
201501PL60501,-0.036526,51.46472,3,3,1,2015-06-26,6,June,16:00:00,16,1,1,30
201501PL60502,-0.018711,51.443917,3,1,1,2015-06-25,5,June,23:41:00,23,1,1,30
201501PL60503,-0.004411,51.458333,3,2,1,2015-06-08,2,June,08:40:00,8,1,1,30
201501PL60504,0.013035,51.445894,3,3,1,2015-06-28,1,June,14:29:00,14,1,1,30
201501PL60506,-0.022816,51.472134,3,2,1,2015-06-23,3,June,09:43:00,9,1,1,30
201501PL60509,-0.007971,51.46253,3,1,1,2015-07-01,4,July,10:20:00,10,1,1,30
201501PL60510,-0.012907,51.428441,3,2,1,2015-06-29,2,June,17:09:00,17,1,1,30
201501PL60511,-0.00292,51.433127,3,2,1,2015-06-30,3,June,06:45:00,6,1,1,30
201501PL60513,-0.013509,51.457678,3,2,1,2015-06-22,2,June,16:39:00,16,1,1,30
201501PL60514,-0.028488,51.460808,3,2,1,2015-06-15,2,June,17:45:00,17,1,1,30
201501PL60515,-0.011151,51.465551,3,1,1,2015-06-14,1,June,15:34:00,15,1,1,30
201501PL60516,-0.050966,51.440051,3,2,1,2015-06-15,2,June,20:20:00,20,1,1,30
201501PL60517,-0.057856,51.430274,3,1,1,2015-07-03,6,July,09:45:00,9,1,1,30
201501PL60518,0.022618,51.43152,2,2,1,2015-06-10,4,June,00:20:00,0,1,1,30
201501PL60519,-0.05304,51.448809,3,2,1,2015-06-19,6,June,18:00:00,18,1,1,30
201501PL60520,-0.013168,51.468823,2,1,1,2015-06-19,6,June,15:39:00,15,1,1,30
201501PL60522,-0.017121,51.450725,3,3,1,2015-06-26,6,June,10:00:00,10,1,1,30
201501PL60523,-0.056983,51.427112,3,2,1,2015-06-20,7,June,09:20:00,9,1,1,30
201501PL60524,0.00654,51.445466,3,2,1,2015-07-04,7,July,15:30:00,15,1,1,30
201501PL60525,-0.018803,51.468379,3,2,1,2015-06-30,3,June,19:51:00,19,1,1,30
201501PL60526,-0.025893,51.477581,3,2,1,2015-06-24,4,June,15:30:00,15,1,1,30
201501PL60527,-0.018874,51.446797,3,1,1,2015-06-20,7,June,15:29:00,15,1,1,30
201501PL60528,-0.042729,51.444231,3,2,1,2015-06-23,3,June,19:20:00,19,1,1,30
201501PL60529,-0.042592,51.474354,3,2,1,2015-07-02,5,July,15:00:00,15,1,1,30
201501PL60531,-0.01318,51.445352,3,2,1,2015-06-22,2,June,08:30:00,8,2,2,30
201501PL60533,-0.016232,51.431375,3,2,1,2015-07-06,2,July,16:05:00,16,1,1,30
201501PL60534,-0.0172,51.432291,3,2,1,2015-07-07,3,July,18:45:00,18,1,1,30
201501PL60535,-0.041736,51.464088,3,2,1,2015-07-07,3,July,18:25:00,18,1,1,30
201501PL60536,0.022486,51.44807,3,2,1,2015-07-10,6,July,18:51:00,18,1,1,30
201501PL60537,-0.022562,51.444701,3,2,1,2015-07-06,2,July,18:54:00,18,1,1,30
201501PL60538,-0.038956,51.475192,3,2,1,2015-07-06,2,July,07:50:00,7,1,1,30
201501PL60540,-0.029225,51.470443,3,2,1,2015-07-05,1,July,17:00:00,17,2,2,30
201501PL60542,-0.017163,51.449736,3,2,1,2015-06-30,3,June,18:00:00,18,1,1,30
201501PL60544,-0.059175,51.433083,3,2,1,2015-07-03,6,July,16:00:00,16,1,1,30
201501PL60545,-0.009877,51.461753,3,1,1,2015-07-13,2,July,18:05:00,18,1,1,30
201501PL60546,-0.000303,51.446932,3,3,3,2015-07-06,2,July,15:55:00,15,1,1,30
201501PL60547,0.033959,51.427727,3,1,1,2015-07-13,2,July,15:54:00,15,1,1,30
201501PL60548,-0.040657,51.479178,3,2,1,2015-07-16,5,July,08:30:00,8,1,1,30
201501PL60549,-0.052709,51.426142,2,2,1,2015-06-26,6,June,19:40:00,19,1,1,30
201501PL60550,0.013606,51.445794,3,1,1,2015-07-09,5,July,11:00:00,11,1,1,30
201501PL60551,-0.04909,51.473923,3,1,3,2015-07-12,1,July,11:35:00,11,1,1,30
201501PL60552,-0.042818,51.442164,3,2,1,2015-07-05,1,July,19:55:00,19,1,1,30
201501PL60553,0.014683,51.44083,3,1,1,2015-07-08,4,July,08:05:00,8,1,1,30
201501PL60554,-0.019628,51.446001,3,1,1,2015-07-16,5,July,17:13:00,17,1,1,30
201501PL60558,-0.034464,51.475837,3,2,1,2015-07-06,2,July,09:20:00,9,1,1,30
201501PL60559,-0.036778,51.475606,3,1,1,2015-07-12,1,July,00:10:00,0,1,1,30
201501PL60561,-0.051747,51.44537,3,2,2,2015-06-30,3,June,11:17:00,11,1,1,30
201501PL60562,-0.023508,51.472775,3,1,1,2015-07-14,3,July,15:38:00,15,1,1,30
201501PL60563,0.016187,51.44557,3,1,1,2015-04-21,3,April,10:30:00,10,1,1,30
201501PL60564,0.017084,51.420195,3,2,3,2015-07-22,4,July,12:02:00,12,1,1,30
201501PL60565,-0.050822,51.440049,3,2,1,2015-07-21,3,July,17:00:00,17,1,1,30
201501PL60566,-0.026158,51.481452,3,2,1,2015-07-18,7,July,13:45:00,13,1,1,30
201501PL60567,-0.016922,51.45198,3,1,1,2015-07-06,2,July,15:27:00,15,1,1,30
201501PL60568,-0.030871,51.475686,3,3,2,2015-07-06,2,July,17:47:00,17,1,1,30
201501PL60569,-0.017342,51.44893,3,2,1,2015-07-06,2,July,20:00:00,20,1,1,30
201501PL60570,-0.0185,51.465406,3,1,1,2015-07-23,5,July,22:45:00,22,1,1,30
201501PL60571,-0.028872,51.475293,3,2,1,2015-07-22,4,July,09:05:00,9,1,1,30
201501PL60572,-0.038673,51.428066,3,1,1,2015-07-23,5,July,12:35:00,12,1,1,30
201501PL60573,-0.017832,51.444262,3,1,1,2015-07-17,6,July,15:45:00,15,1,1,30
201501PL60575,-0.045824,51.425667,3,2,2,2015-07-25,7,July,17:20:00,17,1,1,30
201501PL60576,-0.047014,51.475327,3,1,1,2015-07-17,6,July,06:20:00,6,1,1,30
201501PL60577,0.037464,51.428925,3,2,2,2015-07-24,6,July,07:25:00,7,1,1,30
201501PL60579,0.021755,51.431535,3,3,1,2015-07-17,6,July,13:44:00,13,1,1,30
201501PL60580,-0.004423,51.42506,3,2,1,2015-06-16,3,June,16:30:00,16,1,1,30
201501PL60581,-0.028156,51.475191,3,2,1,2015-07-24,6,July,13:36:00,13,2,2,30
201501PL60582,0.011758,51.45284,3,2,1,2015-07-24,6,July,15:32:00,15,2,2,30
201501PL60583,-0.018112,51.447774,3,2,1,2015-06-16,3,June,12:24:00,12,1,1,30
201501PL60584,-0.011941,51.463946,3,2,2,2015-07-18,7,July,06:10:00,6,1,1,30
201501PL60585,-0.029077,51.47053,3,1,1,2015-07-21,3,July,22:35:00,22,1,1,30
201501PL60586,-0.039551,51.427721,3,2,1,2015-08-02,1,August,17:10:00,17,1,1,30
201501PL60588,-0.018046,51.445974,3,2,1,2015-07-31,6,July,19:40:00,19,1,1,30
201501PL60589,-0.024447,51.444374,3,1,2,2015-07-31,6,July,15:40:00,15,1,1,30
201501PL60592,-0.03008,51.450583,3,2,1,2015-07-29,4,July,10:20:00,10,1,1,30
201501PL60593,-0.019849,51.444206,3,1,1,2015-07-22,4,July,19:40:00,19,1,1,30
201501PL60594,0.022149,51.437194,3,2,1,2015-07-29,4,July,18:45:00,18,1,1,30
201501PL60595,0.021188,51.431725,3,2,1,2015-07-28,3,July,18:16:00,18,1,1,30
201501PL60596,-0.020277,51.450958,3,2,1,2015-07-29,4,July,17:24:00,17,1,1,30
201501PL60597,-0.032446,51.475893,3,2,1,2015-07-31,6,July,08:10:00,8,1,1,30
201501PL60599,-0.040429,51.427376,3,2,1,2015-07-30,5,July,19:49:00,19,1,1,30
201501PL60600,-0.016992,51.450363,3,2,2,2015-07-27,2,July,00:45:00,0,1,1,30
201501PL60601,-0.05273,51.472994,3,2,1,2015-07-29,4,July,01:00:00,1,1,1,30
201501PL60602,-0.017167,51.449646,3,2,2,2015-07-15,4,July,14:40:00,14,1,1,30
201501PL60603,0.014469,51.455582,3,2,1,2015-07-26,1,July,11:35:00,11,2,2,30
201501PL60604,-0.000051,51.462575,3,2,1,2015-07-09,5,July,08:45:00,8,1,1,30
201501PL60605,-0.029077,51.47053,3,2,1,2015-07-10,6,July,22:25:00,22,1,1,30
201501PL60606,-0.023314,51.480595,3,1,1,2015-08-03,2,August,11:46:00,11,1,1,30
201501PL60607,0.006824,51.458501,3,2,1,2015-07-25,7,July,10:20:00,10,1,1,30
201501PL60608,-0.060535,51.42816,2,1,2,2015-08-02,1,August,12:00:00,12,1,1,30
201501PL60609,-0.018874,51.446797,3,1,1,2015-08-04,3,August,18:53:00,18,1,1,30
201501PL60610,-0.0391,51.475195,3,2,1,2015-07-31,6,July,18:30:00,18,1,1,30
201501PL60611,-0.027013,51.474992,2,2,3,2015-08-05,4,August,11:55:00,11,1,2,30
201501PL60612,-0.002132,51.461082,3,3,1,2015-06-13,7,June,19:00:00,19,1,1,30
